$GPGGA,,,,,,0,00,,,M,,M,,*66
$GPGGA,,,,,,0,00,,,M,,M,,*66
$GPGGA,,,,,,0,00,,,M,,M,,*66
$GPGGA,,,,,,0,00,,,M,,M,,*66
$GPGGA,,,,,,0,00,,,M,,M,,*66
$GPGGA,,,,,,0,00,,,M,,M,,*66
$GPGGA,,,,,,0,00,,,M,,M,,*66
$GPGGA,,,,,,0,00,,,M,,M,,*66
$GPGGA,,,,,,0,00,,,M,,M,,*66
$GPGGA,,,,,,0,00,,,M,,M,,*66
$GPGGA,,,,,,0,00,,,M,,M,,*66
$GPGGA,,,,,,0,00,,,M,,M,,*66
$GPGGA,,,,,,0,00,,,M,,M,,*66
$GPGGA,221927.00,,,,,0,00,,,M,,M,,*45
$GPGGA,221928.00,,,,,0,00,,,M,,M,,*4A
$GPGGA,221929.00,,,,,0,00,,,M,,M,,*4B
$GPGGA,221930.00,,,,,0,00,,,M,,M,,*43
$GPGGA,221931.00,,,,,0,00,,,M,,M,,*42
$GPGGA,221932.00,,,,,0,00,,,M,,M,,*41
$GPGGA,221933.00,,,,,0,00,,,M,,M,,*40
$GPGGA,221934.00,,,,,0,00,,,M,,M,,*47
$GPGGA,221935.00,,,,,0,00,,,M,,M,,*46
$GPGGA,221936.00,,,,,0,00,,,M,,M,,*45
$GPGGA,221937.00,,,,,0,00,,,M,,M,,*44
$GPGGA,221938.00,,,,,0,00,,,M,,M,,*4B
$GPGGA,221939.00,,,,,0,00,,,M,,M,,*4A
$GPGGA,221940.00,,,,,0,00,,,M,,M,,*44
$GPGGA,221941.00,,,,,0,00,,,M,,M,,*45
$GPGGA,221942.00,,,,,0,00,,,M,,M,,*46
$GPGGA,221943.00,,,,,0,00,,,M,,M,,*47
$GPGGA,221944.00,,,,,0,00,,,M,,M,,*40
$GPGGA,221945.00,,,,,0,00,,,M,,M,,*41
$GPGGA,221946.00,,,,,0,00,,,M,,M,,*42
$GPGGA,221947.00,,,,,0,00,,,M,,M,,*43
$GPGGA,221948.00,,,,,0,00,,,M,,M,,*4C
$GPGGA,221949.00,,,,,0,00,,,M,,M,,*4D
$GPGGA,221950.00,,,,,0,00,,,M,,M,,*45
$GPGGA,221951.00,,,,,0,00,,,M,,M,,*44
$GPGGA,221952.00,,,,,0,00,,,M,,M,,*47
$GPGGA,221953.00,,,,,0,00,,,M,,M,,*46
$GPGGA,221954.00,,,,,0,00,,,M,,M,,*41
$GPGGA,221955.00,4737.2332374,N,12220.2711931,W,1,07,2.3,72.2852,M,-17.3276,M,,*69
$GPGGA,221956.00,4737.2339812,N,12220.2650160,W,1,07,2.3,55.2443,M,-17.3275,M,,*68
$GPGGA,221957.00,4737.2343641,N,12220.2630391,W,1,07,2.3,49.3190,M,-17.3275,M,,*61
$GPGGA,221958.00,4737.2344790,N,12220.2625309,W,1,07,2.3,47.8192,M,-17.3275,M,,*66
$GPGGA,221959.00,4737.2345207,N,12220.2622685,W,1,07,2.3,47.0814,M,-17.3275,M,,*64
$GPGGA,222000.00,4737.2345349,N,12220.2621108,W,1,07,2.3,46.4840,M,-17.3275,M,,*6C
$GPGGA,222001.00,4737.2345659,N,12220.2620594,W,1,07,2.3,46.1896,M,-17.3275,M,,*67
$GPGGA,222002.00,4737.2345928,N,12220.2620644,W,1,07,2.3,45.9247,M,-17.3275,M,,*6E
$GPGGA,222003.00,4737.2346212,N,12220.2620810,W,1,07,2.3,45.5475,M,-17.3275,M,,*6A
$GPGGA,222004.00,4737.2346422,N,12220.2620919,W,1,07,2.3,45.0757,M,-17.3275,M,,*66
$GPGGA,222005.00,4737.2346861,N,12220.2621149,W,1,07,2.3,44.7227,M,-17.3275,M,,*64
$GPGGA,222006.00,4737.2347380,N,12220.2621430,W,1,07,2.3,44.4308,M,-17.3275,M,,*66
$GPGGA,222007.00,4737.2347757,N,12220.2621983,W,1,07,2.3,44.1933,M,-17.3275,M,,*6B
$GPGGA,222008.00,4737.2348027,N,12220.2622684,W,1,07,2.3,44.0085,M,-17.3275,M,,*65
$GPGGA,222009.00,4737.2348482,N,12220.2622625,W,1,11,1.2,43.9885,M,-17.3275,M,,*67
$GPGGA,222010.00,4737.2349218,N,12220.2621891,W,1,11,1.2,44.1258,M,-17.3275,M,,*6C
$GPGGA,222011.00,4737.2350075,N,12220.2620912,W,1,11,1.2,44.3265,M,-17.3275,M,,*6B
$GPGGA,222012.00,4737.2350808,N,12220.2619599,W,1,10,1.3,44.3910,M,-17.3275,M,,*66
$GPGGA,222013.00,4737.2351194,N,12220.2618507,W,1,10,1.3,44.1823,M,-17.3275,M,,*6F
$GPGGA,222014.00,4737.2351599,N,12220.2617956,W,1,10,1.3,44.0326,M,-17.3275,M,,*69
$GPGGA,222015.00,4737.2351948,N,12220.2617619,W,1,10,1.3,43.8575,M,-17.3275,M,,*63
$GPGGA,222016.00,4737.2352207,N,12220.2617448,W,1,10,1.3,43.7134,M,-17.3275,M,,*6B
$GPGGA,222017.00,4737.2352407,N,12220.2617396,W,1,10,1.3,43.5635,M,-17.3275,M,,*6C
$GPGGA,222018.00,4737.2352612,N,12220.2617496,W,1,10,1.3,43.3980,M,-17.3275,M,,*65
$GPGGA,222019.00,4737.2352916,N,12220.2617788,W,1,10,1.3,43.2750,M,-17.3275,M,,*61
$GPGGA,222020.00,4737.2353216,N,12220.2618285,W,1,10,1.3,43.1886,M,-17.3275,M,,*61
$GPGGA,222021.00,4737.2353463,N,12220.2619020,W,1,10,1.3,43.1141,M,-17.3275,M,,*6A
$GPGGA,222022.00,4737.2353663,N,12220.2619905,W,1,10,1.3,43.0678,M,-17.3275,M,,*69
$GPGGA,222023.00,4737.2353916,N,12220.2620920,W,1,10,1.3,43.0651,M,-17.3275,M,,*63
$GPGGA,222024.00,4737.2354270,N,12220.2621620,W,1,09,2.0,43.0043,M,-17.3275,M,,*6B
$GPGGA,222025.00,4737.2354646,N,12220.2621865,W,1,10,1.3,43.1793,M,-17.3275,M,,*67
$GPGGA,222026.00,4737.2354943,N,12220.2621103,W,1,09,1.4,43.0877,M,-17.3275,M,,*6C
$GPGGA,222027.00,4737.2356648,N,12220.2619798,W,1,09,1.6,43.4010,M,-17.3275,M,,*6B
$GPGGA,222028.00,4737.2359537,N,12220.2617443,W,1,09,1.4,44.1395,M,-17.3275,M,,*65
$GPGGA,222029.00,4737.2359858,N,12220.2617163,W,1,11,1.2,44.7509,M,-17.3275,M,,*6D
$GPGGA,222030.00,4737.2358904,N,12220.2615417,W,1,09,1.4,44.7958,M,-17.3275,M,,*6F
$GPGGA,222031.00,,,,,0,00,11.1,,M,,M,,*57
$GPGGA,222032.00,4737.2363736,N,12220.2612166,W,1,07,5.8,45.6263,M,-17.3275,M,,*6B
$GPGGA,222033.00,4737.2363095,N,12220.2606823,W,1,09,2.2,45.0525,M,-17.3275,M,,*69
$GPGGA,222034.00,4737.2360089,N,12220.2599453,W,1,09,1.5,45.1891,M,-17.3275,M,,*69
$GPGGA,222035.00,4737.2359382,N,12220.2592627,W,1,07,3.7,46.4099,M,-17.3275,M,,*68
$GPGGA,222036.00,4737.2356983,N,12220.2591489,W,1,10,1.3,46.8587,M,-17.3275,M,,*6C
$GPGGA,222037.00,4737.2357100,N,12220.2590069,W,1,09,1.4,47.6880,M,-17.3275,M,,*6E
$GPGGA,222038.00,4737.2357411,N,12220.2584369,W,1,09,1.8,49.1417,M,-17.3275,M,,*65
$GPGGA,222039.00,,,,,0,00,,,M,,M,,*40
$GPGGA,222040.00,4737.2370517,N,12220.2468019,W,1,10,1.3,81.6954,M,-17.3273,M,,*63
$GPGGA,222041.00,4737.2373856,N,12220.2470548,W,1,10,1.3,82.1764,M,-17.3273,M,,*68
$GPGGA,222042.00,4737.2374950,N,12220.2474127,W,1,11,1.3,81.4678,M,-17.3273,M,,*69
$GPGGA,222043.00,4737.2369826,N,12220.2471731,W,1,11,1.3,81.9786,M,-17.3274,M,,*6A
$GPGGA,222044.00,4737.2359200,N,12220.2463128,W,1,10,1.3,82.4758,M,-17.3274,M,,*61
$GPGGA,222045.00,4737.2345163,N,12220.2453915,W,1,10,1.2,82.7422,M,-17.3274,M,,*62
$GPGGA,222046.00,4737.2333034,N,12220.2446623,W,1,11,1.2,82.7169,M,-17.3274,M,,*66
$GPGGA,222047.00,4737.2323253,N,12220.2442437,W,1,11,1.2,81.8723,M,-17.3274,M,,*62
$GPGGA,222048.00,4737.2312197,N,12220.2440724,W,1,12,1.1,81.3087,M,-17.3274,M,,*65
$GPGGA,222049.00,4737.2297475,N,12220.2440546,W,1,11,1.1,81.2521,M,-17.3274,M,,*6C
$GPGGA,222050.00,4737.2286904,N,12220.2438587,W,1,11,1.1,80.7895,M,-17.3274,M,,*6B
$GPGGA,222051.00,4737.2279757,N,12220.2436214,W,1,11,1.1,80.1427,M,-17.3274,M,,*62
$GPGGA,222052.00,4737.2274948,N,12220.2434239,W,1,10,1.3,79.4809,M,-17.3274,M,,*61
$GPGGA,222053.00,4737.2271528,N,12220.2432831,W,1,10,1.3,78.9052,M,-17.3274,M,,*61
$GPGGA,222054.00,4737.2269345,N,12220.2431896,W,1,10,1.3,78.4024,M,-17.3274,M,,*60
$GPGGA,222055.00,4737.2268310,N,12220.2431506,W,1,10,1.3,77.9931,M,-17.3274,M,,*6B
$GPGGA,222056.00,4737.2267910,N,12220.2431436,W,1,09,1.3,77.6549,M,-17.3274,M,,*6B
$GPGGA,222057.00,4737.2260222,N,12220.2412538,W,1,11,1.2,74.3757,M,-17.3274,M,,*6A
$GPGGA,222058.00,4737.2247154,N,12220.2379417,W,1,11,1.2,68.9459,M,-17.3274,M,,*6E
$GPGGA,222059.00,4737.2243491,N,12220.2368519,W,1,11,1.2,67.0483,M,-17.3274,M,,*69
$GPGGA,222100.00,4737.2242087,N,12220.2363666,W,1,11,1.2,66.0807,M,-17.3274,M,,*67
$GPGGA,222101.00,4737.2241241,N,12220.2360359,W,1,11,1.2,65.3786,M,-17.3274,M,,*61
$GPGGA,222102.00,4737.2241162,N,12220.2358378,W,1,11,1.2,64.8613,M,-17.3274,M,,*6F
$GPGGA,222103.00,4737.2241172,N,12220.2356695,W,1,11,1.2,64.3917,M,-17.3274,M,,*67
$GPGGA,222104.00,4737.2241068,N,12220.2355448,W,1,10,1.3,63.9323,M,-17.3274,M,,*6B
$GPGGA,222105.00,4737.2240983,N,12220.2354742,W,1,10,1.3,63.6098,M,-17.3274,M,,*63
$GPGGA,222106.00,4737.2241011,N,12220.2354400,W,1,10,1.3,63.3810,M,-17.3274,M,,*6B
$GPGGA,222107.00,4737.2241104,N,12220.2354319,W,1,10,1.3,63.2158,M,-17.3274,M,,*64
$GPGGA,222108.00,4737.2241133,N,12220.2354178,W,1,10,1.3,63.1182,M,-17.3274,M,,*6E
$GPGGA,222109.00,4737.2241161,N,12220.2354140,W,1,11,1.2,62.9738,M,-17.3274,M,,*6D
$GPGGA,222110.00,4737.2241212,N,12220.2354158,W,1,11,1.2,62.8197,M,-17.3274,M,,*69
$GPGGA,222111.00,4737.2241271,N,12220.2354126,W,1,11,1.2,62.6882,M,-17.3274,M,,*67
$GPGGA,222112.00,4737.2241373,N,12220.2354211,W,1,11,1.2,62.5719,M,-17.3274,M,,*6E
$GPGGA,222113.00,4737.2241589,N,12220.2354537,W,1,11,1.2,62.4923,M,-17.3274,M,,*69
$GPGGA,222114.00,4737.2241881,N,12220.2355119,W,1,11,1.2,62.4540,M,-17.3274,M,,*6B
$GPGGA,222115.00,4737.2242209,N,12220.2355864,W,1,11,1.2,62.4431,M,-17.3274,M,,*67
$GPGGA,222116.00,4737.2242491,N,12220.2356522,W,1,11,1.2,62.4463,M,-17.3274,M,,*68
$GPGGA,222117.00,4737.2242744,N,12220.2357139,W,1,11,1.2,62.4333,M,-17.3274,M,,*6F
$GPGGA,222118.00,4737.2243092,N,12220.2357629,W,1,11,1.2,62.3839,M,-17.3274,M,,*6D
$GPGGA,222119.00,4737.2243383,N,12220.2358042,W,1,12,1.1,62.3142,M,-17.3274,M,,*6E
$GPGGA,222120.00,4737.2243569,N,12220.2358562,W,1,12,1.1,62.2503,M,-17.3274,M,,*61
$GPGGA,222121.00,4737.2243845,N,12220.2358994,W,1,12,1.1,62.1922,M,-17.3274,M,,*6A
$GPGGA,222122.00,4737.2244039,N,12220.2359461,W,1,12,1.1,62.1211,M,-17.3274,M,,*60
$GPGGA,222123.00,4737.2244143,N,12220.2359970,W,1,12,1.1,62.0680,M,-17.3274,M,,*6D
$GPGGA,222124.00,4737.2244143,N,12220.2360641,W,1,12,1.1,62.0157,M,-17.3274,M,,*60
$GPGGA,222125.00,4737.2243957,N,12220.2361303,W,1,12,1.1,61.9545,M,-17.3274,M,,*64
$GPGGA,222126.00,4737.2243768,N,12220.2361862,W,1,12,1.1,61.8785,M,-17.3274,M,,*66
$GPGGA,222127.00,4737.2243510,N,12220.2362295,W,1,12,1.1,61.7680,M,-17.3274,M,,*60
$GPGGA,222128.00,4737.2243195,N,12220.2362685,W,1,12,1.1,61.6219,M,-17.3274,M,,*66
$GPGGA,222129.00,4737.2242840,N,12220.2362947,W,1,12,1.1,61.5265,M,-17.3274,M,,*6E
$GPGGA,222130.00,4737.2242446,N,12220.2363159,W,1,12,1.1,61.4640,M,-17.3274,M,,*68
$GPGGA,222131.00,4737.2242042,N,12220.2363256,W,1,12,1.1,61.3890,M,-17.3274,M,,*61
$GPGGA,222132.00,4737.2241706,N,12220.2363412,W,1,11,1.2,61.3237,M,-17.3274,M,,*67
$GPGGA,222133.00,4737.2241419,N,12220.2363601,W,1,11,1.2,61.2282,M,-17.3274,M,,*64
$GPGGA,222134.00,4737.2241168,N,12220.2363780,W,1,11,1.2,61.1487,M,-17.3274,M,,*68
$GPGGA,222135.00,4737.2240978,N,12220.2363672,W,1,13,1.0,61.0281,M,-17.3274,M,,*6C
$GPGGA,222136.00,4737.2240802,N,12220.2363494,W,1,13,1.0,60.8897,M,-17.3274,M,,*6D
$GPGGA,222137.00,4737.2240733,N,12220.2363488,W,1,12,1.2,60.7306,M,-17.3274,M,,*63
$GPGGA,222138.00,4737.2240486,N,12220.2363572,W,1,12,1.2,60.5914,M,-17.3274,M,,*6E
$GPGGA,222139.00,4737.2240255,N,12220.2363450,W,1,12,1.2,60.5575,M,-17.3274,M,,*6D
$GPGGA,222140.00,4737.2240123,N,12220.2363202,W,1,12,1.2,60.5575,M,-17.3274,M,,*60
$GPGGA,222141.00,4737.2240122,N,12220.2362924,W,1,12,1.2,60.5897,M,-17.3274,M,,*6F
$GPGGA,222142.00,4737.2240028,N,12220.2362757,W,1,12,1.2,60.6023,M,-17.3274,M,,*69
$GPGGA,222143.00,4737.2240043,N,12220.2362592,W,1,12,1.2,60.6335,M,-17.3274,M,,*6A
$GPGGA,222144.00,4737.2239945,N,12220.2362402,W,1,12,1.2,60.6413,M,-17.3274,M,,*67
$GPGGA,222145.00,4737.2239806,N,12220.2362296,W,1,12,1.2,60.6458,M,-17.3274,M,,*64
$GPGGA,222146.00,4737.2239604,N,12220.2362182,W,1,12,1.2,60.6605,M,-17.3274,M,,*67
$GPGGA,222147.00,4737.2239394,N,12220.2362194,W,1,12,1.2,60.6903,M,-17.3274,M,,*64
$GPGGA,222148.00,4737.2239169,N,12220.2362320,W,1,12,1.2,60.7479,M,-17.3274,M,,*67
$GPGGA,222149.00,4737.2238942,N,12220.2362553,W,1,12,1.2,60.8304,M,-17.3274,M,,*66
$GPGGA,222150.00,4737.2238588,N,12220.2362884,W,1,12,1.2,60.8790,M,-17.3274,M,,*6A
$GPGGA,222151.00,4737.2238379,N,12220.2363520,W,1,12,1.2,60.8317,M,-17.3274,M,,*6A
$GPGGA,222152.00,4737.2238227,N,12220.2364140,W,1,12,1.2,60.7479,M,-17.3274,M,,*66
$GPGGA,222153.00,4737.2238248,N,12220.2364962,W,1,12,1.2,60.4474,M,-17.3274,M,,*68
$GPGGA,222154.00,4737.2238349,N,12220.2366067,W,1,12,1.2,59.9955,M,-17.3274,M,,*68
$GPGGA,222155.00,4737.2239001,N,12220.2368136,W,1,12,1.2,59.0654,M,-17.3274,M,,*6B
$GPGGA,222156.00,4737.2239585,N,12220.2370908,W,1,12,1.2,58.0952,M,-17.3274,M,,*65
$GPGGA,222157.00,4737.2240077,N,12220.2373668,W,1,12,1.2,57.3138,M,-17.3274,M,,*60
$GPGGA,222158.00,4737.2240492,N,12220.2376785,W,1,13,1.0,56.4789,M,-17.3274,M,,*6E
$GPGGA,222159.00,4737.2240733,N,12220.2379486,W,1,13,1.0,55.7456,M,-17.3274,M,,*69
$GPGGA,222200.00,4737.2240895,N,12220.2381637,W,1,12,1.1,55.0880,M,-17.3274,M,,*6A
$GPGGA,222201.00,4737.2240780,N,12220.2382782,W,1,12,1.1,54.6274,M,-17.3274,M,,*6A
$GPGGA,222202.00,4737.2240749,N,12220.2383712,W,1,12,1.1,54.2367,M,-17.3274,M,,*63
$GPGGA,222203.00,4737.2240731,N,12220.2384474,W,1,12,1.1,53.8180,M,-17.3274,M,,*6F
$GPGGA,222204.00,4737.2240755,N,12220.2385149,W,1,12,1.1,53.4113,M,-17.3274,M,,*66
$GPGGA,222205.00,4737.2240718,N,12220.2385744,W,1,12,1.1,52.9990,M,-17.3274,M,,*6A
$GPGGA,222206.00,4737.2240834,N,12220.2386285,W,1,11,1.2,52.6367,M,-17.3274,M,,*6E
$GPGGA,222207.00,4737.2240911,N,12220.2387284,W,1,11,1.2,52.1458,M,-17.3274,M,,*65
$GPGGA,222208.00,4737.2240871,N,12220.2387780,W,1,11,1.2,51.7091,M,-17.3274,M,,*68
$GPGGA,222209.00,4737.2240799,N,12220.2387993,W,1,11,1.2,51.3268,M,-17.3274,M,,*6C
$GPGGA,222210.00,4737.2240670,N,12220.2388178,W,1,11,1.2,50.9804,M,-17.3274,M,,*6B
$GPGGA,222211.00,4737.2240681,N,12220.2388219,W,1,12,1.1,50.7056,M,-17.3274,M,,*61
$GPGGA,222212.00,4737.2240712,N,12220.2388070,W,1,12,1.1,50.4924,M,-17.3274,M,,*6B
$GPGGA,222213.00,4737.2240837,N,12220.2388269,W,1,12,1.1,50.2405,M,-17.3274,M,,*60
$GPGGA,222214.00,4737.2240940,N,12220.2388350,W,1,12,1.1,50.0344,M,-17.3274,M,,*6D
$GPGGA,222215.00,4737.2240946,N,12220.2388315,W,1,11,1.1,49.8742,M,-17.3274,M,,*6A
$GPGGA,222216.00,4737.2240968,N,12220.2388322,W,1,12,1.1,49.7415,M,-17.3274,M,,*6C
$GPGGA,222217.00,4737.2240911,N,12220.2388206,W,1,11,1.1,49.6701,M,-17.3274,M,,*60
$GPGGA,222218.00,4737.2240726,N,12220.2387826,W,1,12,1.1,49.6695,M,-17.3274,M,,*6D
$GPGGA,222219.00,4737.2240705,N,12220.2387886,W,1,11,1.1,49.5942,M,-17.3274,M,,*62
$GPGGA,222220.00,4737.2240652,N,12220.2388064,W,1,11,1.1,49.7035,M,-17.3274,M,,*6B
$GPGGA,222221.00,4737.2240377,N,12220.2388709,W,1,11,1.1,49.8905,M,-17.3274,M,,*61
$GPGGA,222222.00,,,,,0,00,,,M,,M,,*48
$GPGGA,222223.00,4737.2279097,N,12220.2686774,W,1,13,1.0,160.8644,M,-17.3276,M,,*54
$GPGGA,222224.00,4737.2290190,N,12220.2702172,W,1,13,1.0,163.6995,M,-17.3276,M,,*51
$GPGGA,222225.00,4737.2295908,N,12220.2710552,W,1,13,1.0,165.2718,M,-17.3276,M,,*50
$GPGGA,222226.00,4737.2299253,N,12220.2714637,W,1,13,1.0,166.0787,M,-17.3276,M,,*59
$GPGGA,222227.00,4737.2301593,N,12220.2717181,W,1,13,1.0,166.5880,M,-17.3276,M,,*57
$GPGGA,222228.00,4737.2303318,N,12220.2719152,W,1,13,1.0,166.8164,M,-17.3276,M,,*51
$GPGGA,222229.00,4737.2304711,N,12220.2720776,W,1,13,1.0,167.0685,M,-17.3276,M,,*51
$GPGGA,222230.00,4737.2305531,N,12220.2722185,W,1,13,1.0,167.2313,M,-17.3276,M,,*58
$GPGGA,222231.00,4737.2306012,N,12220.2723167,W,1,12,1.1,167.2174,M,-17.3276,M,,*50
$GPGGA,222232.00,4737.2306482,N,12220.2723812,W,1,12,1.1,167.2255,M,-17.3276,M,,*55
$GPGGA,222233.00,4737.2306822,N,12220.2723703,W,1,12,1.1,167.0926,M,-17.3276,M,,*50
$GPGGA,222234.00,4737.2307298,N,12220.2723798,W,1,12,1.1,166.8590,M,-17.3276,M,,*57
$GPGGA,222235.00,4737.2307754,N,12220.2723732,W,1,12,1.1,166.6379,M,-17.3276,M,,*5C
$GPGGA,222236.00,4737.2308150,N,12220.2723489,W,1,12,1.1,166.4512,M,-17.3276,M,,*58
$GPGGA,222237.00,4737.2306903,N,12220.2721823,W,1,12,1.1,165.7291,M,-17.3276,M,,*5B
$GPGGA,222238.00,4737.2305209,N,12220.2720089,W,1,12,1.1,164.7448,M,-17.3276,M,,*5C
$GPGGA,222239.00,4737.2305141,N,12220.2720877,W,1,12,1.0,164.1257,M,-17.3276,M,,*54
$GPGGA,222240.00,4737.2305776,N,12220.2722638,W,1,12,1.0,163.5969,M,-17.3276,M,,*5A
$GPGGA,222241.00,4737.2307614,N,12220.2725112,W,1,11,1.1,163.4031,M,-17.3276,M,,*53
$GPGGA,222242.00,4737.2309674,N,12220.2727452,W,1,11,1.1,163.3313,M,-17.3276,M,,*5F
$GPGGA,222243.00,4737.2311525,N,12220.2729488,W,1,11,1.1,163.2201,M,-17.3276,M,,*5A
$GPGGA,222244.00,4737.2314501,N,12220.2733389,W,1,12,1.1,163.4154,M,-17.3276,M,,*55
$GPGGA,222245.00,4737.2321859,N,12220.2743982,W,1,12,1.1,164.8185,M,-17.3276,M,,*53
$GPGGA,222246.00,4737.2329212,N,12220.2754281,W,1,11,1.2,166.1860,M,-17.3276,M,,*5A
$GPGGA,222247.00,4737.2334945,N,12220.2761713,W,1,12,1.1,167.1465,M,-17.3276,M,,*5E
$GPGGA,222248.00,4737.2340045,N,12220.2767914,W,1,12,1.1,167.9916,M,-17.3276,M,,*55
$GPGGA,222249.00,4737.2344956,N,12220.2773427,W,1,12,1.1,168.8899,M,-17.3276,M,,*5B
$GPGGA,222250.00,4737.2349244,N,12220.2777741,W,1,12,1.1,169.5480,M,-17.3276,M,,*59
$GPGGA,222251.00,4737.2352143,N,12220.2780570,W,1,12,1.1,169.9212,M,-17.3276,M,,*5F
$GPGGA,222252.00,4737.2353491,N,12220.2783810,W,1,12,1.2,170.0714,M,-17.3276,M,,*5E
$GPGGA,222253.00,4737.2354540,N,12220.2786764,W,1,11,1.2,170.2078,M,-17.3276,M,,*50
$GPGGA,222254.00,4737.2355252,N,12220.2788999,W,1,12,1.2,170.2418,M,-17.3276,M,,*51
$GPGGA,222255.00,4737.2355873,N,12220.2791225,W,1,12,1.2,170.1543,M,-17.3276,M,,*51
$GPGGA,222256.00,4737.2356496,N,12220.2793342,W,1,12,1.2,170.0257,M,-17.3276,M,,*57
$GPGGA,222257.00,4737.2357189,N,12220.2795342,W,1,12,1.2,169.8670,M,-17.3276,M,,*5B
$GPGGA,222258.00,4737.2357725,N,12220.2797111,W,1,12,1.2,169.6531,M,-17.3276,M,,*5A
$GPGGA,222259.00,4737.2358351,N,12220.2798931,W,1,12,1.2,169.4327,M,-17.3276,M,,*55
$GPGGA,222300.00,4737.2358717,N,12220.2800241,W,1,11,1.2,169.0896,M,-17.3276,M,,*5A
$GPGGA,222301.00,4737.2358940,N,12220.2800194,W,1,11,1.2,168.6071,M,-17.3276,M,,*5A
$GPGGA,222302.00,4737.2359371,N,12220.2800248,W,1,12,1.1,168.1532,M,-17.3276,M,,*57
$GPGGA,222303.00,4737.2360082,N,12220.2800520,W,1,12,1.1,167.7763,M,-17.3276,M,,*55
$GPGGA,222304.00,4737.2360860,N,12220.2800855,W,1,12,1.1,167.4535,M,-17.3276,M,,*5B
$GPGGA,222305.00,4737.2361453,N,12220.2800917,W,1,11,1.2,167.1236,M,-17.3276,M,,*51
$GPGGA,222306.00,4737.2362644,N,12220.2801549,W,1,11,1.2,166.8078,M,-17.3276,M,,*53
$GPGGA,222307.00,4737.2364126,N,12220.2801858,W,1,12,1.1,166.4966,M,-17.3276,M,,*50
$GPGGA,222308.00,4737.2365607,N,12220.2802380,W,1,11,1.3,166.2479,M,-17.3276,M,,*53
$GPGGA,222309.00,4737.2367176,N,12220.2803134,W,1,12,1.1,166.0300,M,-17.3276,M,,*57
$GPGGA,222310.00,4737.2368399,N,12220.2803612,W,1,12,1.1,165.8630,M,-17.3276,M,,*5D
$GPGGA,222311.00,4737.2369526,N,12220.2803339,W,1,11,1.2,165.6225,M,-17.3276,M,,*5D
$GPGGA,222312.00,4737.2370178,N,12220.2802915,W,1,11,1.3,165.5001,M,-17.3276,M,,*5A
$GPGGA,222313.00,4737.2370658,N,12220.2801764,W,1,11,1.3,165.2530,M,-17.3276,M,,*55
$GPGGA,222314.00,4737.2371561,N,12220.2800545,W,1,10,2.0,164.9513,M,-17.3276,M,,*50
$GPGGA,222315.00,4737.2372112,N,12220.2800226,W,1,11,1.2,164.7666,M,-17.3276,M,,*5F
$GPGGA,222316.00,4737.2372211,N,12220.2799937,W,1,11,1.2,164.5352,M,-17.3276,M,,*58
$GPGGA,222317.00,4737.2371646,N,12220.2799484,W,1,11,1.2,164.3242,M,-17.3276,M,,*5F
$GPGGA,222318.00,4737.2371346,N,12220.2798712,W,1,11,1.3,163.9914,M,-17.3276,M,,*5C
$GPGGA,222319.00,4737.2371366,N,12220.2798130,W,1,11,1.3,163.3142,M,-17.3276,M,,*58
$GPGGA,222320.00,4737.2370887,N,12220.2795872,W,1,11,1.2,162.9538,M,-17.3276,M,,*56
$GPGGA,222321.00,4737.2370047,N,12220.2793153,W,1,12,1.1,162.6330,M,-17.3276,M,,*5E
$GPGGA,222322.00,4737.2368790,N,12220.2790348,W,1,12,1.3,162.3669,M,-17.3276,M,,*5C
$GPGGA,222323.00,4737.2367657,N,12220.2787775,W,1,12,1.1,162.0345,M,-17.3276,M,,*5E
$GPGGA,222324.00,4737.2366634,N,12220.2785603,W,1,12,1.3,161.7828,M,-17.3276,M,,*59
$GPGGA,222325.00,4737.2365533,N,12220.2783759,W,1,11,1.2,161.5119,M,-17.3276,M,,*5C
$GPGGA,222326.00,4737.2364671,N,12220.2782278,W,1,12,1.1,161.2129,M,-17.3276,M,,*58
$GPGGA,222327.00,4737.2364240,N,12220.2781579,W,1,12,1.1,160.7723,M,-17.3276,M,,*52
$GPGGA,222328.00,4737.2363427,N,12220.2780743,W,1,11,1.2,160.4557,M,-17.3276,M,,*55
$GPGGA,222329.00,4737.2362496,N,12220.2779817,W,1,12,1.1,160.1937,M,-17.3276,M,,*58
$GPGGA,222330.00,4737.2361432,N,12220.2778843,W,1,11,1.3,159.8909,M,-17.3276,M,,*52
$GPGGA,222331.00,4737.2360344,N,12220.2778038,W,1,11,1.3,159.6084,M,-17.3276,M,,*52
$GPGGA,222332.00,4737.2359230,N,12220.2777488,W,1,11,1.2,159.3466,M,-17.3276,M,,*55
$GPGGA,222333.00,4737.2358271,N,12220.2777059,W,1,11,1.2,159.0665,M,-17.3276,M,,*5A
$GPGGA,222334.00,4737.2357298,N,12220.2776592,W,1,11,1.2,158.7966,M,-17.3276,M,,*5C
$GPGGA,222335.00,4737.2356404,N,12220.2776184,W,1,11,1.2,158.5564,M,-17.3276,M,,*50
$GPGGA,222336.00,4737.2355964,N,12220.2775993,W,1,10,1.7,158.1527,M,-17.3276,M,,*51
$GPGGA,222337.00,4737.2355288,N,12220.2775908,W,1,10,1.4,157.8047,M,-17.3276,M,,*5D
$GPGGA,222338.00,4737.2355602,N,12220.2774781,W,1,13,1.1,157.5289,M,-17.3276,M,,*51
$GPGGA,222339.00,4737.2358254,N,12220.2771399,W,1,13,1.1,157.4039,M,-17.3276,M,,*5A
$GPGGA,222340.00,4737.2360130,N,12220.2768682,W,1,13,1.0,157.3017,M,-17.3276,M,,*53
$GPGGA,222341.00,4737.2361068,N,12220.2766997,W,1,13,1.1,157.2460,M,-17.3276,M,,*5E
$GPGGA,222342.00,4737.2361363,N,12220.2765915,W,1,13,1.0,157.2445,M,-17.3276,M,,*5A
$GPGGA,222343.00,4737.2361616,N,12220.2764365,W,1,13,1.0,157.2353,M,-17.3276,M,,*50
$GPGGA,222344.00,4737.2361699,N,12220.2762938,W,1,13,1.1,157.2987,M,-17.3276,M,,*56
$GPGGA,222345.00,4737.2361645,N,12220.2761404,W,1,13,1.1,157.3724,M,-17.3276,M,,*51
$GPGGA,222346.00,4737.2361636,N,12220.2759878,W,1,12,1.3,157.3806,M,-17.3276,M,,*56
$GPGGA,222347.00,4737.2361767,N,12220.2758309,W,1,12,1.1,157.3888,M,-17.3276,M,,*5A
$GPGGA,222348.00,4737.2362023,N,12220.2756557,W,1,12,1.1,157.3798,M,-17.3276,M,,*5C
$GPGGA,222349.00,,,,,0,00,,,M,,M,,*44
$GPGGA,222350.00,4737.2408427,N,12220.2720382,W,1,15,0.9,85.6684,M,-17.3275,M,,*6B
$GPGGA,222351.00,4737.2407351,N,12220.2718161,W,1,14,1.0,85.8731,M,-17.3275,M,,*6F
$GPGGA,222352.00,4737.2407256,N,12220.2714504,W,1,15,0.9,85.2931,M,-17.3275,M,,*6C
$GPGGA,222353.00,4737.2406866,N,12220.2710767,W,1,15,0.9,84.9079,M,-17.3275,M,,*69
$GPGGA,222354.00,4737.2405560,N,12220.2706615,W,1,15,0.9,85.1705,M,-17.3275,M,,*60
$GPGGA,222355.00,4737.2404973,N,12220.2702799,W,1,15,0.9,84.5740,M,-17.3275,M,,*6B
$GPGGA,222356.00,4737.2404677,N,12220.2699471,W,1,14,1.0,83.7319,M,-17.3275,M,,*61
$GPGGA,222357.00,4737.2404193,N,12220.2696196,W,1,15,0.9,82.9507,M,-17.3275,M,,*61
$GPGGA,222358.00,4737.2403524,N,12220.2693150,W,1,15,0.9,82.1220,M,-17.3275,M,,*64
$GPGGA,222359.00,4737.2402605,N,12220.2690264,W,1,15,0.9,81.3380,M,-17.3275,M,,*69
$GPGGA,222400.00,4737.2401651,N,12220.2687829,W,1,15,0.9,80.5676,M,-17.3275,M,,*6E
$GPGGA,222401.00,4737.2400755,N,12220.2685688,W,1,14,1.0,79.7412,M,-17.3275,M,,*61
$GPGGA,222402.00,4737.2399849,N,12220.2683790,W,1,14,1.0,78.8906,M,-17.3275,M,,*6F
$GPGGA,222403.00,4737.2399132,N,12220.2682051,W,1,14,1.0,78.3886,M,-17.3275,M,,*62
$GPGGA,222404.00,4737.2398479,N,12220.2680660,W,1,14,1.0,78.0456,M,-17.3275,M,,*6A
$GPGGA,222405.00,4737.2397711,N,12220.2679574,W,1,14,0.9,77.9320,M,-17.3275,M,,*61
$GPGGA,222406.00,4737.2397062,N,12220.2678969,W,1,14,0.9,78.0466,M,-17.3275,M,,*63
$GPGGA,222407.00,4737.2396185,N,12220.2678463,W,1,14,0.9,78.3576,M,-17.3275,M,,*6F
$GPGGA,222408.00,4737.2395033,N,12220.2677838,W,1,14,0.9,78.8165,M,-17.3275,M,,*6F
$GPGGA,222409.00,4737.2393743,N,12220.2677366,W,1,13,1.0,79.2762,M,-17.3275,M,,*6D
$GPGGA,222410.00,4737.2392330,N,12220.2677075,W,1,12,1.3,79.6478,M,-17.3275,M,,*6B
$GPGGA,222411.00,4737.2390851,N,12220.2676995,W,1,13,1.1,79.9541,M,-17.3275,M,,*65
$GPGGA,222412.00,4737.2389623,N,12220.2677328,W,1,13,1.1,80.0770,M,-17.3275,M,,*67
$GPGGA,222413.00,4737.2388503,N,12220.2677763,W,1,13,1.1,80.2219,M,-17.3275,M,,*65
$GPGGA,222414.00,4737.2387378,N,12220.2678339,W,1,14,0.9,80.4343,M,-17.3275,M,,*65
$GPGGA,222415.00,4737.2386245,N,12220.2678878,W,1,13,1.1,80.6105,M,-17.3275,M,,*68
$GPGGA,222416.00,4737.2385062,N,12220.2679360,W,1,13,1.1,80.7601,M,-17.3275,M,,*6E
$GPGGA,222417.00,4737.2383220,N,12220.2679286,W,1,14,1.0,81.3434,M,-17.3275,M,,*63
$GPGGA,222418.00,4737.2381135,N,12220.2679092,W,1,14,1.0,82.1163,M,-17.3275,M,,*68
$GPGGA,222419.00,4737.2379095,N,12220.2678963,W,1,13,1.1,82.8672,M,-17.3275,M,,*6B
$GPGGA,222420.00,4737.2377177,N,12220.2678907,W,1,14,1.0,83.5772,M,-17.3275,M,,*6B
$GPGGA,222421.00,4737.2375359,N,12220.2678871,W,1,14,1.0,84.2564,M,-17.3275,M,,*63
$GPGGA,222422.00,4737.2373683,N,12220.2678919,W,1,14,1.0,84.9108,M,-17.3275,M,,*6E
$GPGGA,222423.00,4737.2372006,N,12220.2678759,W,1,14,1.0,85.5410,M,-17.3275,M,,*6E
$GPGGA,222424.00,4737.2370236,N,12220.2678566,W,1,14,1.0,86.1594,M,-17.3275,M,,*6E
$GPGGA,222425.00,4737.2368574,N,12220.2678469,W,1,14,1.0,86.7672,M,-17.3275,M,,*64
$GPGGA,222426.00,4737.2367097,N,12220.2678462,W,1,14,1.0,87.3625,M,-17.3275,M,,*6C
$GPGGA,222427.00,4737.2365798,N,12220.2678474,W,1,14,1.0,87.9184,M,-17.3275,M,,*66
$GPGGA,222428.00,4737.2364570,N,12220.2678517,W,1,14,1.0,88.4352,M,-17.3275,M,,*63
$GPGGA,222429.00,4737.2363670,N,12220.2678119,W,1,14,1.0,88.7979,M,-17.3275,M,,*6C
$GPGGA,222430.00,4737.2362913,N,12220.2677629,W,1,14,1.0,89.0894,M,-17.3275,M,,*60
$GPGGA,222431.00,4737.2362222,N,12220.2676953,W,1,14,1.0,89.3008,M,-17.3275,M,,*65
$GPGGA,222432.00,4737.2361605,N,12220.2676234,W,1,14,1.0,89.5422,M,-17.3275,M,,*64
$GPGGA,222433.00,4737.2361337,N,12220.2675149,W,1,14,1.0,89.6410,M,-17.3275,M,,*69
$GPGGA,222434.00,4737.2361200,N,12220.2673965,W,1,14,1.0,89.6617,M,-17.3275,M,,*6E
$GPGGA,222435.00,4737.2361048,N,12220.2672747,W,1,14,1.0,89.6989,M,-17.3275,M,,*66
$GPGGA,222436.00,4737.2360757,N,12220.2671316,W,1,14,1.0,89.9583,M,-17.3275,M,,*67
$GPGGA,222437.00,4737.2360391,N,12220.2669896,W,1,15,0.9,90.2418,M,-17.3275,M,,*6B
$GPGGA,222438.00,4737.2360139,N,12220.2668742,W,1,13,1.1,90.4170,M,-17.3275,M,,*61
$GPGGA,222439.00,4737.2360005,N,12220.2668094,W,1,13,1.1,90.5565,M,-17.3275,M,,*63
$GPGGA,222440.00,4737.2359791,N,12220.2667570,W,1,14,1.0,90.6406,M,-17.3275,M,,*6C
$GPGGA,222441.00,4737.2359594,N,12220.2667127,W,1,13,1.1,90.7357,M,-17.3275,M,,*68
$GPGGA,222442.00,,,,,0,00,,,M,,M,,*48
$GPGGA,222443.00,4737.2420309,N,12220.2525353,W,1,13,1.1,50.9973,M,-17.3273,M,,*6D
$GPGGA,222444.00,4737.2416838,N,12220.2516566,W,1,13,1.1,54.5220,M,-17.3273,M,,*63
$GPGGA,222445.00,4737.2416499,N,12220.2514830,W,1,13,1.3,55.2927,M,-17.3273,M,,*61
$GPGGA,222446.00,4737.2414911,N,12220.2513106,W,1,13,1.1,56.3128,M,-17.3273,M,,*61
$GPGGA,222447.00,4737.2415053,N,12220.2513242,W,1,14,1.0,56.4307,M,-17.3273,M,,*63
$GPGGA,222448.00,4737.2415568,N,12220.2513369,W,1,14,1.0,56.6417,M,-17.3273,M,,*6D
$GPGGA,222449.00,4737.2416050,N,12220.2513102,W,1,14,1.0,56.6397,M,-17.3273,M,,*61
$GPGGA,222450.00,4737.2415642,N,12220.2510806,W,1,14,1.0,57.0407,M,-17.3273,M,,*68
$GPGGA,222451.00,4737.2415083,N,12220.2508371,W,1,14,1.0,57.4944,M,-17.3273,M,,*6E
$GPGGA,222452.00,4737.2414387,N,12220.2507029,W,1,13,1.1,58.0797,M,-17.3273,M,,*67
$GPGGA,222453.00,4737.2413687,N,12220.2506275,W,1,13,1.1,58.7167,M,-17.3273,M,,*60
$GPGGA,222454.00,4737.2413235,N,12220.2505282,W,1,13,1.1,59.3962,M,-17.3273,M,,*69
$GPGGA,222455.00,4737.2412843,N,12220.2504734,W,1,13,1.1,59.9718,M,-17.3273,M,,*62
$GPGGA,222456.00,4737.2412571,N,12220.2504278,W,1,13,1.1,60.4913,M,-17.3273,M,,*62
$GPGGA,222457.00,4737.2412318,N,12220.2503838,W,1,13,1.1,61.0104,M,-17.3273,M,,*68
$GPGGA,222458.00,4737.2412073,N,12220.2503076,W,1,13,1.1,61.5565,M,-17.3273,M,,*6D
$GPGGA,222459.00,4737.2411742,N,12220.2502652,W,1,13,1.1,62.0166,M,-17.3273,M,,*6A
$GPGGA,222500.00,4737.2410766,N,12220.2502484,W,1,15,1.0,62.6692,M,-17.3273,M,,*64
$GPGGA,222501.00,4737.2409895,N,12220.2502409,W,1,15,1.0,63.3622,M,-17.3273,M,,*64
$GPGGA,222502.00,4737.2409150,N,12220.2502568,W,1,14,1.1,63.9401,M,-17.3273,M,,*68
$GPGGA,222503.00,4737.2408407,N,12220.2502807,W,1,15,1.0,64.4069,M,-17.3273,M,,*6B
$GPGGA,222504.00,4737.2407756,N,12220.2503399,W,1,14,1.1,64.6869,M,-17.3273,M,,*63
$GPGGA,222505.00,4737.2406552,N,12220.2504566,W,1,14,1.1,64.8795,M,-17.3273,M,,*66
$GPGGA,222506.00,4737.2405431,N,12220.2505655,W,1,14,1.1,65.0941,M,-17.3273,M,,*6E
$GPGGA,222507.00,4737.2404345,N,12220.2506796,W,1,14,1.1,65.2761,M,-17.3273,M,,*69
$GPGGA,222508.00,4737.2403409,N,12220.2508203,W,1,14,1.1,65.4239,M,-17.3273,M,,*67
$GPGGA,222509.00,4737.2402651,N,12220.2509746,W,1,14,1.1,65.5890,M,-17.3273,M,,*65
$GPGGA,222510.00,4737.2401920,N,12220.2511235,W,1,14,1.1,65.7536,M,-17.3273,M,,*6C
$GPGGA,222511.00,4737.2401173,N,12220.2512539,W,1,14,1.1,65.9128,M,-17.3273,M,,*6E
$GPGGA,222512.00,4737.2400339,N,12220.2513519,W,1,14,1.1,66.1067,M,-17.3273,M,,*62
$GPGGA,222513.00,4737.2399529,N,12220.2514167,W,1,14,1.1,66.3069,M,-17.3273,M,,*65
$GPGGA,222514.00,4737.2398755,N,12220.2514466,W,1,14,1.1,66.5028,M,-17.3273,M,,*6D
$GPGGA,222515.00,4737.2397900,N,12220.2514158,W,1,14,1.1,66.7998,M,-17.3273,M,,*65
$GPGGA,222516.00,4737.2397067,N,12220.2513607,W,1,14,1.1,67.1585,M,-17.3274,M,,*64
$GPGGA,222517.00,4737.2396663,N,12220.2513390,W,1,14,1.0,67.2985,M,-17.3274,M,,*63
$GPGGA,222518.00,4737.2396102,N,12220.2513568,W,1,13,1.1,67.3383,M,-17.3274,M,,*66
$GPGGA,222519.00,4737.2395475,N,12220.2514563,W,1,13,1.1,67.2660,M,-17.3274,M,,*64
$GPGGA,222520.00,4737.2394873,N,12220.2515641,W,1,14,1.0,67.1739,M,-17.3274,M,,*6F
$GPGGA,222521.00,4737.2394320,N,12220.2516682,W,1,14,1.0,67.0530,M,-17.3274,M,,*65
$GPGGA,222522.00,4737.2393811,N,12220.2517717,W,1,14,1.0,66.9105,M,-17.3274,M,,*6E
$GPGGA,222523.00,4737.2393338,N,12220.2518682,W,1,14,1.0,66.7737,M,-17.3274,M,,*64
$GPGGA,222524.00,4737.2392806,N,12220.2519497,W,1,14,1.0,66.6210,M,-17.3274,M,,*62
$GPGGA,222525.00,4737.2392215,N,12220.2520174,W,1,13,1.0,66.4782,M,-17.3274,M,,*62
$GPGGA,222526.00,4737.2391805,N,12220.2521030,W,1,13,1.1,66.3904,M,-17.3274,M,,*6F
$GPGGA,222527.00,4737.2391468,N,12220.2521879,W,1,13,1.0,66.2993,M,-17.3274,M,,*62
$GPGGA,222528.00,4737.2390986,N,12220.2522683,W,1,12,1.1,66.2490,M,-17.3274,M,,*67
$GPGGA,222529.00,4737.2390401,N,12220.2523631,W,1,13,1.1,66.2173,M,-17.3274,M,,*65
$GPGGA,222530.00,4737.2389946,N,12220.2524617,W,1,13,1.1,66.1711,M,-17.3274,M,,*69
$GPGGA,222531.00,4737.2389569,N,12220.2525482,W,1,13,1.1,66.1199,M,-17.3274,M,,*60
$GPGGA,222532.00,4737.2389265,N,12220.2526324,W,1,13,1.0,66.0392,M,-17.3274,M,,*69
$GPGGA,222533.00,4737.2388868,N,12220.2526886,W,1,13,1.0,66.0740,M,-17.3274,M,,*66
$GPGGA,222534.00,4737.2388521,N,12220.2527212,W,1,13,1.0,66.1372,M,-17.3274,M,,*63
$GPGGA,222535.00,4737.2388216,N,12220.2527602,W,1,13,1.0,66.1673,M,-17.3274,M,,*60
$GPGGA,222536.00,4737.2387887,N,12220.2527930,W,1,13,0.9,66.2089,M,-17.3274,M,,*68
$GPGGA,222537.00,4737.2387807,N,12220.2528371,W,1,13,1.0,66.1864,M,-17.3274,M,,*61
$GPGGA,222538.00,4737.2387461,N,12220.2528474,W,1,13,0.9,66.2266,M,-17.3274,M,,*63
$GPGGA,222539.00,4737.2386858,N,12220.2528517,W,1,13,0.9,66.2932,M,-17.3274,M,,*6B
$GPGGA,222540.00,4737.2386282,N,12220.2528572,W,1,12,1.1,66.3390,M,-17.3274,M,,*60
$GPGGA,222541.00,4737.2385875,N,12220.2528550,W,1,13,0.9,66.3955,M,-17.3274,M,,*6B
$GPGGA,222542.00,4737.2385229,N,12220.2528675,W,1,13,1.1,66.3744,M,-17.3274,M,,*68
$GPGGA,222543.00,4737.2384407,N,12220.2528538,W,1,13,1.1,66.3618,M,-17.3274,M,,*60
$GPGGA,222544.00,4737.2383624,N,12220.2528680,W,1,13,1.1,66.3435,M,-17.3274,M,,*6E
$GPGGA,222545.00,4737.2382646,N,12220.2528985,W,1,13,1.1,66.3271,M,-17.3274,M,,*66
$GPGGA,222546.00,4737.2381613,N,12220.2529143,W,1,13,0.9,66.3156,M,-17.3274,M,,*6A
$GPGGA,222547.00,4737.2380499,N,12220.2527530,W,1,14,0.9,66.1002,M,-17.3274,M,,*61
$GPGGA,222548.00,4737.2379290,N,12220.2525682,W,1,14,0.9,65.8418,M,-17.3274,M,,*6A
$GPGGA,222549.00,4737.2378168,N,12220.2524117,W,1,13,0.9,65.5973,M,-17.3274,M,,*6E
$GPGGA,222550.00,4737.2377104,N,12220.2522795,W,1,13,0.9,65.3822,M,-17.3274,M,,*6A
$GPGGA,222551.00,4737.2375846,N,12220.2517969,W,1,14,0.9,65.4891,M,-17.3274,M,,*65
$GPGGA,222552.00,4737.2373392,N,12220.2512526,W,1,15,0.8,66.0129,M,-17.3274,M,,*6D
$GPGGA,222553.00,4737.2370615,N,12220.2508262,W,1,15,0.8,66.5998,M,-17.3274,M,,*6E
$GPGGA,222554.00,4737.2368084,N,12220.2504880,W,1,15,0.8,67.1600,M,-17.3274,M,,*6F
$GPGGA,222555.00,4737.2366202,N,12220.2502030,W,1,15,0.8,67.5909,M,-17.3274,M,,*6B
$GPGGA,222556.00,4737.2365490,N,12220.2499947,W,1,15,0.8,67.7191,M,-17.3274,M,,*67
$GPGGA,222557.00,4737.2365125,N,12220.2498157,W,1,15,0.8,67.8274,M,-17.3274,M,,*62
$GPGGA,222558.00,4737.2364781,N,12220.2496576,W,1,15,0.8,67.9690,M,-17.3274,M,,*62
$GPGGA,222559.00,4737.2364575,N,12220.2495771,W,1,15,0.8,68.0715,M,-17.3274,M,,*66
$GPGGA,222600.00,4737.2364309,N,12220.2494557,W,1,15,0.8,68.2514,M,-17.3274,M,,*62
$GPGGA,222601.00,4737.2363796,N,12220.2493416,W,1,14,0.9,68.3591,M,-17.3274,M,,*69
$GPGGA,222602.00,4737.2363458,N,12220.2492797,W,1,13,1.2,68.4514,M,-17.3274,M,,*67
$GPGGA,222603.00,4737.2363252,N,12220.2491452,W,1,14,1.0,68.5544,M,-17.3274,M,,*62
$GPGGA,222604.00,4737.2362961,N,12220.2490034,W,1,14,1.0,68.5533,M,-17.3274,M,,*6A
$GPGGA,222605.00,4737.2362530,N,12220.2487554,W,1,14,1.0,68.6126,M,-17.3274,M,,*65
$GPGGA,222606.00,4737.2362023,N,12220.2484502,W,1,14,1.0,68.6661,M,-17.3274,M,,*65
$GPGGA,222607.00,4737.2361517,N,12220.2481802,W,1,14,1.0,68.6815,M,-17.3274,M,,*60
$GPGGA,222608.00,4737.2361050,N,12220.2479388,W,1,14,1.0,68.7035,M,-17.3274,M,,*6C
$GPGGA,222609.00,4737.2360600,N,12220.2477361,W,1,14,0.9,68.7119,M,-17.3274,M,,*61
$GPGGA,222610.00,4737.2360396,N,12220.2475890,W,1,14,0.9,68.6946,M,-17.3274,M,,*67
$GPGGA,222611.00,4737.2360354,N,12220.2474837,W,1,14,0.8,68.6961,M,-17.3274,M,,*60
$GPGGA,222612.00,4737.2360224,N,12220.2473151,W,1,12,1.0,68.7301,M,-17.3274,M,,*69
$GPGGA,222613.00,4737.2359251,N,12220.2472806,W,1,09,1.7,68.3977,M,-17.3274,M,,*68
$GPGGA,222614.00,4737.2358533,N,12220.2471823,W,1,12,1.3,68.8527,M,-17.3274,M,,*65
$GPGGA,222615.00,4737.2355347,N,12220.2473417,W,1,14,1.0,68.5616,M,-17.3274,M,,*6C
$GPGGA,222616.00,4737.2352679,N,12220.2474601,W,1,14,1.0,68.4052,M,-17.3274,M,,*65
$GPGGA,222617.00,4737.2350335,N,12220.2475634,W,1,14,1.0,68.1972,M,-17.3274,M,,*62
$GPGGA,222618.00,4737.2348325,N,12220.2476862,W,1,15,1.0,68.0247,M,-17.3274,M,,*66
$GPGGA,222619.00,4737.2346024,N,12220.2479254,W,1,15,1.0,67.7623,M,-17.3274,M,,*65
$GPGGA,222620.00,4737.2344002,N,12220.2483441,W,1,15,0.8,67.5972,M,-17.3274,M,,*6E
$GPGGA,222621.00,4737.2341688,N,12220.2486068,W,1,15,0.8,67.4302,M,-17.3274,M,,*68
$GPGGA,222622.00,4737.2340613,N,12220.2492025,W,1,13,1.0,67.5384,M,-17.3274,M,,*64
$GPGGA,222623.00,4737.2340344,N,12220.2499092,W,1,14,0.9,67.5875,M,-17.3274,M,,*6F
$GPGGA,222624.00,4737.2338816,N,12220.2500865,W,1,14,1.0,67.5737,M,-17.3274,M,,*6B
$GPGGA,222625.00,4737.2337375,N,12220.2501783,W,1,13,1.0,67.4702,M,-17.3274,M,,*6D
$GPGGA,222626.00,4737.2335930,N,12220.2502606,W,1,13,1.0,67.3747,M,-17.3274,M,,*6E
$GPGGA,222627.00,4737.2335134,N,12220.2503690,W,1,13,0.9,67.2959,M,-17.3274,M,,*65
$GPGGA,222628.00,4737.2333999,N,12220.2502649,W,1,14,0.9,67.3633,M,-17.3274,M,,*63
$GPGGA,222629.00,4737.2333297,N,12220.2501394,W,1,14,0.8,67.3395,M,-17.3274,M,,*69
$GPGGA,222630.00,4737.2333884,N,12220.2498739,W,1,14,1.0,67.3582,M,-17.3274,M,,*62
$GPGGA,222631.00,4737.2334248,N,12220.2496832,W,1,15,0.8,67.3989,M,-17.3274,M,,*6B
$GPGGA,222632.00,4737.2332274,N,12220.2493080,W,1,15,0.9,67.5329,M,-17.3274,M,,*62
$GPGGA,222633.00,4737.2330635,N,12220.2487978,W,1,15,0.8,67.3030,M,-17.3274,M,,*67
$GPGGA,222634.00,4737.2330131,N,12220.2484261,W,1,16,0.8,66.9317,M,-17.3274,M,,*6D
$GPGGA,222635.00,4737.2329545,N,12220.2480650,W,1,15,0.8,66.5896,M,-17.3274,M,,*6C
$GPGGA,222636.00,4737.2328564,N,12220.2477366,W,1,15,0.8,66.3814,M,-17.3274,M,,*69
$GPGGA,222637.00,4737.2326871,N,12220.2474729,W,1,13,0.9,66.1770,M,-17.3274,M,,*6B
$GPGGA,222638.00,4737.2324490,N,12220.2472753,W,1,14,0.9,66.1177,M,-17.3274,M,,*68
$GPGGA,222639.00,4737.2323248,N,12220.2471558,W,1,15,0.9,66.2596,M,-17.3274,M,,*6E
$GPGGA,222640.00,4737.2321624,N,12220.2469419,W,1,14,0.9,66.3994,M,-17.3274,M,,*6F
$GPGGA,222641.00,4737.2321120,N,12220.2466531,W,1,15,0.8,66.4428,M,-17.3274,M,,*64
$GPGGA,222642.00,4737.2321621,N,12220.2464067,W,1,14,0.9,66.5322,M,-17.3274,M,,*69
$GPGGA,222643.00,4737.2321803,N,12220.2461539,W,1,15,0.8,66.6985,M,-17.3274,M,,*69
$GPGGA,222644.00,4737.2321151,N,12220.2459291,W,1,15,0.8,66.8102,M,-17.3274,M,,*67
$GPGGA,222645.00,4737.2320662,N,12220.2456786,W,1,15,0.8,66.9432,M,-17.3274,M,,*6B
$GPGGA,222646.00,4737.2320122,N,12220.2455030,W,1,15,0.8,66.9865,M,-17.3274,M,,*6C
$GPGGA,222647.00,4737.2319207,N,12220.2454553,W,1,15,0.8,67.0782,M,-17.3274,M,,*6C
$GPGGA,222648.00,4737.2318097,N,12220.2455241,W,1,15,0.8,67.1390,M,-17.3274,M,,*6A
$GPGGA,222649.00,4737.2316744,N,12220.2456649,W,1,15,0.9,67.2361,M,-17.3274,M,,*6F
$GPGGA,222650.00,4737.2315131,N,12220.2458325,W,1,15,0.8,67.3855,M,-17.3274,M,,*6D
$GPGGA,222651.00,4737.2313280,N,12220.2459362,W,1,15,0.8,67.5728,M,-17.3274,M,,*62
$GPGGA,222652.00,4737.2311602,N,12220.2460159,W,1,15,0.8,67.7359,M,-17.3274,M,,*6D
$GPGGA,222653.00,4737.2310452,N,12220.2461392,W,1,14,0.8,67.8360,M,-17.3274,M,,*6A
$GPGGA,222654.00,4737.2309174,N,12220.2462369,W,1,15,0.9,68.0344,M,-17.3274,M,,*62
$GPGGA,222655.00,4737.2307999,N,12220.2462072,W,1,15,0.9,68.2458,M,-17.3274,M,,*67
$GPGGA,222656.00,4737.2307188,N,12220.2460460,W,1,15,0.9,68.4281,M,-17.3274,M,,*6D
$GPGGA,222657.00,4737.2307559,N,12220.2458866,W,1,15,0.9,68.5838,M,-17.3274,M,,*6C
$GPGGA,222658.00,4737.2308428,N,12220.2458618,W,1,15,0.8,68.6591,M,-17.3274,M,,*60
$GPGGA,222659.00,4737.2309208,N,12220.2458124,W,1,13,1.1,68.6970,M,-17.3274,M,,*61
$GPGGA,222700.00,4737.2309532,N,12220.2457685,W,1,15,0.9,68.7218,M,-17.3274,M,,*6A
$GPGGA,222701.00,4737.2309189,N,12220.2457881,W,1,15,0.9,68.7538,M,-17.3274,M,,*60
$GPGGA,222702.00,4737.2308510,N,12220.2458996,W,1,15,0.9,68.7351,M,-17.3274,M,,*67
$GPGGA,222703.00,,,,,0,00,,,M,,M,,*4E
$GPGGA,222704.00,4737.2304968,N,12220.2483986,W,1,15,0.9,69.4399,M,-17.3274,M,,*6F
$GPGGA,222705.00,4737.2304806,N,12220.2492654,W,1,15,0.9,71.1166,M,-17.3274,M,,*69
$GPGGA,222706.00,4737.2303627,N,12220.2496639,W,1,15,0.9,71.9580,M,-17.3274,M,,*6B
$GPGGA,222707.00,4737.2299496,N,12220.2494586,W,1,15,0.9,71.4993,M,-17.3274,M,,*66
$GPGGA,222708.00,4737.2297029,N,12220.2494781,W,1,15,0.9,71.8846,M,-17.3275,M,,*66
$GPGGA,222709.00,4737.2297051,N,12220.2494241,W,1,15,0.9,72.3974,M,-17.3275,M,,*69
$GPGGA,222710.00,4737.2295907,N,12220.2493119,W,1,15,0.9,72.9200,M,-17.3275,M,,*62
$GPGGA,222711.00,4737.2295426,N,12220.2491576,W,1,15,0.9,73.4745,M,-17.3274,M,,*6B
$GPGGA,222712.00,4737.2296680,N,12220.2490063,W,1,15,0.9,74.0172,M,-17.3274,M,,*64
$GPGGA,222713.00,4737.2297522,N,12220.2489317,W,1,14,0.9,74.4749,M,-17.3274,M,,*6C
$GPGGA,222714.00,4737.2296689,N,12220.2488169,W,1,15,0.9,74.7887,M,-17.3274,M,,*6D
$GPGGA,222715.00,4737.2296699,N,12220.2485412,W,1,14,1.0,75.0812,M,-17.3274,M,,*6A
$GPGGA,222716.00,4737.2296851,N,12220.2483471,W,1,14,1.0,75.4195,M,-17.3274,M,,*62
$GPGGA,222717.00,4737.2297625,N,12220.2483747,W,1,16,0.8,75.7695,M,-17.3274,M,,*66
$GPGGA,222718.00,4737.2298738,N,12220.2484071,W,1,15,0.8,76.0687,M,-17.3274,M,,*6A
$GPGGA,222719.00,4737.2300809,N,12220.2484426,W,1,16,0.8,76.2936,M,-17.3274,M,,*64
$GPGGA,222720.00,4737.2303005,N,12220.2484435,W,1,17,0.8,76.4411,M,-17.3274,M,,*64
$GPGGA,222721.00,4737.2305952,N,12220.2482070,W,1,16,0.9,76.6197,M,-17.3274,M,,*62
$GPGGA,222722.00,4737.2308164,N,12220.2481812,W,1,16,0.9,76.8384,M,-17.3274,M,,*60
$GPGGA,222723.00,4737.2309703,N,12220.2482544,W,1,15,1.0,77.0365,M,-17.3274,M,,*67
$GPGGA,222724.00,,,,,0,00,,,M,,M,,*4B
$GPGGA,222725.00,4737.2347432,N,12220.2634576,W,1,19,0.8,85.4779,M,-17.3275,M,,*60
$GPGGA,222726.00,4737.2343755,N,12220.2640807,W,1,15,0.9,82.9873,M,-17.3275,M,,*6F
$GPGGA,222727.00,4737.2341309,N,12220.2646690,W,1,15,0.9,79.9021,M,-17.3275,M,,*6C
$GPGGA,222728.00,4737.2340908,N,12220.2652314,W,1,14,1.0,77.5299,M,-17.3275,M,,*6F
$GPGGA,222729.00,4737.2340928,N,12220.2657229,W,1,14,1.0,75.4092,M,-17.3275,M,,*6C
$GPGGA,222730.00,4737.2340866,N,12220.2660793,W,1,14,1.0,73.6302,M,-17.3275,M,,*61
$GPGGA,222731.00,4737.2340837,N,12220.2663360,W,1,14,1.0,72.1896,M,-17.3275,M,,*6F
$GPGGA,222732.00,4737.2340781,N,12220.2665234,W,1,14,1.0,71.0829,M,-17.3275,M,,*6E
$GPGGA,222733.00,4737.2340792,N,12220.2666641,W,1,14,1.0,70.2856,M,-17.3275,M,,*63
$GPGGA,222734.00,4737.2340849,N,12220.2667546,W,1,14,1.0,69.7256,M,-17.3275,M,,*6F
$GPGGA,222735.00,4737.2340914,N,12220.2668251,W,1,14,1.0,69.2135,M,-17.3275,M,,*6A
$GPGGA,222736.00,4737.2340919,N,12220.2668623,W,1,14,1.0,68.8575,M,-17.3275,M,,*6E
$GPGGA,222737.00,4737.2340902,N,12220.2668892,W,1,14,1.0,68.6356,M,-17.3275,M,,*68
$GPGGA,222738.00,4737.2340942,N,12220.2668990,W,1,14,1.0,68.4585,M,-17.3275,M,,*6A
$GPGGA,222739.00,4737.2340929,N,12220.2669092,W,1,13,1.0,68.2978,M,-17.3275,M,,*63
$GPGGA,222740.00,4737.2340925,N,12220.2669276,W,1,13,1.0,68.1387,M,-17.3275,M,,*60
$GPGGA,222741.00,4737.2340956,N,12220.2669455,W,1,14,1.0,67.9850,M,-17.3275,M,,*63
$GPGGA,222742.00,4737.2340938,N,12220.2669575,W,1,14,1.0,67.8350,M,-17.3275,M,,*61
$GPGGA,222743.00,4737.2340884,N,12220.2669615,W,1,14,1.0,67.6745,M,-17.3275,M,,*6D
$GPGGA,222744.00,4737.2340855,N,12220.2669634,W,1,14,1.0,67.5076,M,-17.3275,M,,*61
$GPGGA,222745.00,4737.2340858,N,12220.2669668,W,1,13,1.0,67.3224,M,-17.3275,M,,*60
$GPGGA,222746.00,4737.2340807,N,12220.2669645,W,1,13,1.0,67.1522,M,-17.3275,M,,*65
$GPGGA,222747.00,4737.2340729,N,12220.2669603,W,1,13,1.0,66.9874,M,-17.3275,M,,*62
$GPGGA,222748.00,4737.2340626,N,12220.2669539,W,1,13,1.0,66.8329,M,-17.3275,M,,*6B
$GPGGA,222749.00,4737.2340523,N,12220.2669569,W,1,13,1.0,66.6780,M,-17.3275,M,,*60
$GPGGA,222750.00,4737.2340427,N,12220.2669671,W,1,13,1.0,66.4993,M,-17.3275,M,,*69
$GPGGA,222751.00,4737.2340302,N,12220.2669894,W,1,13,1.0,66.3193,M,-17.3275,M,,*62
$GPGGA,222752.00,4737.2340134,N,12220.2670115,W,1,13,1.0,66.1582,M,-17.3275,M,,*68
$GPGGA,222753.00,4737.2339926,N,12220.2670606,W,1,13,1.0,65.9815,M,-17.3275,M,,*61
$GPGGA,222754.00,4737.2339648,N,12220.2671304,W,1,13,1.0,65.7762,M,-17.3275,M,,*66
$GPGGA,222755.00,4737.2339363,N,12220.2671976,W,1,13,1.0,65.6022,M,-17.3275,M,,*66
$GPGGA,222756.00,4737.2339106,N,12220.2672633,W,1,13,1.0,65.4254,M,-17.3275,M,,*68
$GPGGA,222757.00,4737.2338884,N,12220.2673278,W,1,13,1.0,65.2740,M,-17.3275,M,,*67
$GPGGA,222758.00,4737.2338636,N,12220.2674021,W,1,13,1.0,65.0841,M,-17.3275,M,,*6A
$GPGGA,222759.00,4737.2338461,N,12220.2674548,W,1,14,1.0,64.9498,M,-17.3275,M,,*66
$GPGGA,222800.00,4737.2338223,N,12220.2674797,W,1,15,0.9,64.8578,M,-17.3275,M,,*62
$GPGGA,222801.00,4737.2337885,N,12220.2674571,W,1,15,0.9,64.7766,M,-17.3275,M,,*62
$GPGGA,222802.00,4737.2337587,N,12220.2674035,W,1,15,0.9,64.7713,M,-17.3275,M,,*69
$GPGGA,222803.00,4737.2337256,N,12220.2673005,W,1,15,0.9,64.7120,M,-17.3275,M,,*61
$GPGGA,222804.00,4737.2337064,N,12220.2671663,W,1,13,0.9,64.6929,M,-17.3275,M,,*67
$GPGGA,222805.00,4737.2336849,N,12220.2669507,W,1,14,0.9,64.7636,M,-17.3275,M,,*6F
$GPGGA,222806.00,4737.2336527,N,12220.2666831,W,1,14,0.9,64.8553,M,-17.3275,M,,*61
$GPGGA,222807.00,4737.2336154,N,12220.2665258,W,1,13,1.0,64.7700,M,-17.3275,M,,*62
$GPGGA,222808.00,4737.2335840,N,12220.2664578,W,1,13,1.0,64.6197,M,-17.3275,M,,*6F
$GPGGA,222809.00,4737.2335672,N,12220.2664440,W,1,13,1.0,64.5802,M,-17.3275,M,,*6D
$GPGGA,222810.00,4737.2335601,N,12220.2664382,W,1,13,1.0,64.5249,M,-17.3275,M,,*6D
$GPGGA,222811.00,4737.2335546,N,12220.2664258,W,1,13,1.0,64.4777,M,-17.3275,M,,*63
$GPGGA,222812.00,4737.2335556,N,12220.2664019,W,1,12,1.0,64.4066,M,-17.3275,M,,*60
$GPGGA,222813.00,4737.2335474,N,12220.2663659,W,1,12,1.0,64.3312,M,-17.3275,M,,*62
$GPGGA,222814.00,4737.2335510,N,12220.2663247,W,1,12,1.0,64.2604,M,-17.3275,M,,*6E
$GPGGA,222815.00,4737.2335377,N,12220.2662729,W,1,13,1.0,64.1281,M,-17.3275,M,,*6F
$GPGGA,222816.00,4737.2334700,N,12220.2661799,W,1,13,1.0,63.9425,M,-17.3275,M,,*66
$GPGGA,222817.00,4737.2333926,N,12220.2660892,W,1,13,1.0,63.7683,M,-17.3275,M,,*6F
$GPGGA,222818.00,4737.2333437,N,12220.2660136,W,1,13,1.0,63.6308,M,-17.3275,M,,*6D
$GPGGA,222819.00,4737.2333264,N,12220.2657657,W,1,14,0.9,63.7316,M,-17.3275,M,,*69
$GPGGA,222820.00,4737.2333033,N,12220.2655017,W,1,14,0.9,63.8532,M,-17.3275,M,,*6C
$GPGGA,222821.00,4737.2332828,N,12220.2653112,W,1,14,0.9,63.9163,M,-17.3275,M,,*6D
$GPGGA,222822.00,4737.2332648,N,12220.2652052,W,1,14,0.9,63.9206,M,-17.3275,M,,*62
$GPGGA,222823.00,4737.2332743,N,12220.2651904,W,1,14,0.9,63.8650,M,-17.3275,M,,*66
$GPGGA,222824.00,4737.2332943,N,12220.2652382,W,1,15,0.9,63.7155,M,-17.3275,M,,*64
$GPGGA,222825.00,4737.2333058,N,12220.2653377,W,1,14,1.0,63.5155,M,-17.3275,M,,*67
$GPGGA,222826.00,4737.2332980,N,12220.2654971,W,1,15,0.9,63.3419,M,-17.3275,M,,*60
$GPGGA,222827.00,4737.2332703,N,12220.2657109,W,1,15,0.9,63.2299,M,-17.3275,M,,*6F
$GPGGA,222828.00,4737.2332467,N,12220.2659277,W,1,15,0.9,63.1041,M,-17.3275,M,,*61
$GPGGA,222829.00,4737.2332137,N,12220.2661398,W,1,15,0.9,62.9470,M,-17.3275,M,,*64
$GPGGA,222830.00,4737.2331676,N,12220.2663499,W,1,15,1.0,62.7744,M,-17.3275,M,,*6B
$GPGGA,222831.00,4737.2331211,N,12220.2665516,W,1,14,1.0,62.6090,M,-17.3275,M,,*61
$GPGGA,222832.00,4737.2330752,N,12220.2667459,W,1,13,1.1,62.4764,M,-17.3276,M,,*62
$GPGGA,222833.00,4737.2330084,N,12220.2669276,W,1,13,1.1,62.3729,M,-17.3276,M,,*64
$GPGGA,222834.00,4737.2329430,N,12220.2670857,W,1,13,1.1,62.2665,M,-17.3276,M,,*69
$GPGGA,222835.00,4737.2328341,N,12220.2670790,W,1,13,1.1,61.9982,M,-17.3276,M,,*62
$GPGGA,222836.00,4737.2327129,N,12220.2670388,W,1,13,1.1,61.7015,M,-17.3276,M,,*66
$GPGGA,222837.00,4737.2325898,N,12220.2669957,W,1,14,1.0,61.4432,M,-17.3276,M,,*62
$GPGGA,222838.00,4737.2324645,N,12220.2669561,W,1,14,1.0,61.2065,M,-17.3276,M,,*6B
$GPGGA,222839.00,4737.2323772,N,12220.2669586,W,1,13,1.1,61.0494,M,-17.3276,M,,*6F
$GPGGA,222840.00,4737.2323110,N,12220.2669897,W,1,13,1.1,60.9611,M,-17.3276,M,,*69
$GPGGA,222841.00,4737.2322224,N,12220.2669970,W,1,14,1.0,60.7550,M,-17.3276,M,,*6B
$GPGGA,222842.00,4737.2321382,N,12220.2669863,W,1,14,1.0,60.5620,M,-17.3276,M,,*63
$GPGGA,222843.00,4737.2320565,N,12220.2669956,W,1,14,1.0,60.3209,M,-17.3276,M,,*62
$GPGGA,222844.00,4737.2319778,N,12220.2670104,W,1,14,1.0,60.0515,M,-17.3276,M,,*6F
$GPGGA,222845.00,4737.2319051,N,12220.2670413,W,1,14,1.0,59.7717,M,-17.3276,M,,*6C
$GPGGA,222846.00,4737.2318674,N,12220.2670670,W,1,13,1.1,59.6217,M,-17.3276,M,,*6A
$GPGGA,222847.00,4737.2318556,N,12220.2671248,W,1,14,1.1,59.6295,M,-17.3276,M,,*6B
$GPGGA,222848.00,4737.2317779,N,12220.2671328,W,1,13,1.2,59.3936,M,-17.3276,M,,*60
$GPGGA,222849.00,4737.2317709,N,12220.2668982,W,1,13,1.1,58.9270,M,-17.3276,M,,*65
$GPGGA,222850.00,4737.2317590,N,12220.2666211,W,1,14,1.0,58.3779,M,-17.3276,M,,*60
$GPGGA,222851.00,4737.2317039,N,12220.2664585,W,1,14,1.0,58.0663,M,-17.3276,M,,*66
$GPGGA,222852.00,4737.2316455,N,12220.2663544,W,1,14,1.0,57.8877,M,-17.3276,M,,*6C
$GPGGA,222853.00,4737.2315975,N,12220.2662795,W,1,15,1.0,57.7438,M,-17.3276,M,,*67
$GPGGA,222854.00,4737.2315620,N,12220.2662048,W,1,14,1.0,57.6040,M,-17.3276,M,,*63
$GPGGA,222855.00,4737.2315387,N,12220.2661332,W,1,14,1.0,57.4966,M,-17.3276,M,,*68
$GPGGA,222856.00,4737.2315309,N,12220.2660376,W,1,14,1.1,57.2978,M,-17.3276,M,,*64
$GPGGA,222857.00,4737.2315537,N,12220.2658750,W,1,14,1.0,57.0258,M,-17.3276,M,,*6F
$GPGGA,222858.00,4737.2315830,N,12220.2656983,W,1,14,1.0,56.7602,M,-17.3276,M,,*69
$GPGGA,222859.00,4737.2315942,N,12220.2656116,W,1,14,1.1,56.5534,M,-17.3276,M,,*6D
$GPGGA,222900.00,4737.2315926,N,12220.2655409,W,1,13,1.2,56.4726,M,-17.3276,M,,*6E
$GPGGA,222901.00,4737.2315893,N,12220.2654167,W,1,13,1.2,56.5075,M,-17.3276,M,,*6C
$GPGGA,222902.00,4737.2316155,N,12220.2653126,W,1,13,1.0,56.4066,M,-17.3276,M,,*6C
$GPGGA,222903.00,4737.2418220,N,12220.2534473,W,5,05,9.5,64.7450,M,-17.3273,M,2.0,0000*46
$GPGGA,222904.00,4737.2439935,N,12220.2469245,W,5,05,9.5,53.0439,M,-17.3273,M,2.0,0000*4B
$GPGGA,222905.00,4737.2320316,N,12220.2644916,W,2,14,1.1,57.1137,M,-17.3275,M,2.0,0000*4D
$GPGGA,222906.00,4737.2410253,N,12220.2474220,W,5,05,9.5,52.9767,M,-17.3273,M,2.0,0000*46
$GPGGA,222907.00,4737.2421948,N,12220.2468433,W,5,05,9.5,52.8306,M,-17.3273,M,2.0,0000*4F
$GPGGA,222908.00,4737.2429039,N,12220.2462490,W,5,06,4.1,52.5757,M,-17.3273,M,2.0,0000*43
$GPGGA,222909.00,4737.2435793,N,12220.2454599,W,5,06,4.1,52.3021,M,-17.3273,M,2.0,0000*45
$GPGGA,222910.00,4737.2326631,N,12220.2635034,W,2,14,1.1,58.9163,M,-17.3275,M,2.0,0000*46
$GPGGA,222911.00,4737.2326986,N,12220.2634644,W,2,14,1.1,59.1981,M,-17.3275,M,2.0,0000*49
$GPGGA,222912.00,4737.2327491,N,12220.2633984,W,2,14,1.1,59.6496,M,-17.3275,M,2.0,0000*48
$GPGGA,222913.00,4737.2327834,N,12220.2633446,W,2,14,1.1,60.1982,M,-17.3275,M,2.0,0000*4C
$GPGGA,222914.00,4737.2328309,N,12220.2632730,W,2,13,1.2,60.6232,M,-17.3275,M,2.0,0000*41
$GPGGA,222915.00,4737.2328839,N,12220.2631996,W,2,13,1.2,60.9045,M,-17.3275,M,2.0,0000*44
$GPGGA,222916.00,4737.2329473,N,12220.2631667,W,2,13,1.2,60.9056,M,-17.3275,M,2.0,0000*47
$GPGGA,222917.00,4737.2330072,N,12220.2631383,W,2,13,1.2,60.7465,M,-17.3275,M,2.0,0000*4E
$GPGGA,222918.00,4737.2330544,N,12220.2631180,W,2,13,1.2,60.6647,M,-17.3275,M,2.0,0000*43
$GPGGA,222919.00,4737.2330838,N,12220.2630922,W,2,13,1.2,60.6325,M,-17.3275,M,2.0,0000*44
$GPGGA,222920.00,4737.2331190,N,12220.2630569,W,2,13,1.2,60.5392,M,-17.3275,M,2.0,0000*48
$GPGGA,222921.00,4737.2331508,N,12220.2630103,W,2,13,1.2,60.4251,M,-17.3275,M,2.0,0000*4B
$GPGGA,222922.00,4737.2331947,N,12220.2629470,W,2,13,1.2,60.2794,M,-17.3275,M,2.0,0000*4C
$GPGGA,222923.00,4737.2332623,N,12220.2628714,W,2,13,1.0,60.0387,M,-17.3275,M,2.0,0000*45
$GPGGA,222924.00,4737.2333329,N,12220.2627881,W,2,13,1.0,59.7569,M,-17.3275,M,2.0,0000*4B
$GPGGA,222925.00,4737.2333998,N,12220.2627347,W,2,13,1.0,59.5823,M,-17.3275,M,2.0,0000*4A
$GPGGA,222926.00,4737.2334588,N,12220.2626574,W,2,13,1.0,59.3989,M,-17.3275,M,2.0,0000*43
$GPGGA,222927.00,4737.2335051,N,12220.2625899,W,2,13,1.0,59.2224,M,-17.3275,M,2.0,0000*42
$GPGGA,222928.00,4737.2335444,N,12220.2625187,W,2,13,1.3,59.0762,M,-17.3275,M,2.0,0000*4D
$GPGGA,222929.00,4737.2335821,N,12220.2624283,W,2,13,1.3,58.9528,M,-17.3275,M,2.0,0000*41
$GPGGA,222930.00,4737.2336088,N,12220.2623298,W,2,13,1.3,58.8234,M,-17.3275,M,2.0,0000*47
$GPGGA,222931.00,4737.2336347,N,12220.2622213,W,2,13,1.3,58.6939,M,-17.3275,M,2.0,0000*4C
$GPGGA,222932.00,4737.2335561,N,12220.2621672,W,2,13,1.3,58.6187,M,-17.3275,M,2.0,0000*43
$GPGGA,222933.00,4737.2334562,N,12220.2621454,W,2,12,1.3,58.5571,M,-17.3275,M,2.0,0000*49
$GPGGA,222934.00,4737.2333450,N,12220.2621888,W,2,12,1.3,58.5709,M,-17.3275,M,2.0,0000*49
$GPGGA,222935.00,4737.2332448,N,12220.2622214,W,2,12,1.3,58.5917,M,-17.3275,M,2.0,0000*4D
$GPGGA,222936.00,4737.2331701,N,12220.2622464,W,2,12,1.2,58.6496,M,-17.3275,M,2.0,0000*44
$GPGGA,222937.00,4737.2331679,N,12220.2622382,W,2,12,1.2,58.7965,M,-17.3275,M,2.0,0000*44
$GPGGA,222938.00,4737.2331828,N,12220.2622275,W,2,12,1.2,58.9084,M,-17.3275,M,2.0,0000*40
$GPGGA,222939.00,4737.2331602,N,12220.2622315,W,2,12,1.2,58.9692,M,-17.3275,M,2.0,0000*41
$GPGGA,222940.00,4737.2331723,N,12220.2622282,W,2,12,1.2,59.0728,M,-17.3275,M,2.0,0000*4A
$GPGGA,222941.00,4737.2331085,N,12220.2622028,W,2,12,1.3,59.1171,M,-17.3275,M,2.0,0000*48
$GPGGA,222942.00,4737.2330557,N,12220.2621717,W,2,12,1.3,59.1701,M,-17.3275,M,2.0,0000*49
$GPGGA,222943.00,4737.2330295,N,12220.2621413,W,2,12,1.2,59.2411,M,-17.3275,M,2.0,0000*46
$GPGGA,222944.00,4737.2329967,N,12220.2621141,W,2,12,1.3,59.2653,M,-17.3275,M,2.0,0000*48
$GPGGA,222945.00,4737.2329563,N,12220.2620918,W,2,12,1.3,59.3074,M,-17.3275,M,2.0,0000*46
$GPGGA,222946.00,4737.2329238,N,12220.2620690,W,2,12,1.1,59.2974,M,-17.3275,M,2.0,0000*49
$GPGGA,222947.00,4737.2328746,N,12220.2620669,W,2,12,1.1,59.2713,M,-17.3275,M,2.0,0000*4C
$GPGGA,222948.00,4737.2328507,N,12220.2620629,W,2,12,1.1,59.2366,M,-17.3275,M,2.0,0000*46
$GPGGA,222949.00,4737.2328448,N,12220.2620703,W,2,12,1.1,59.2219,M,-17.3275,M,2.0,0000*4D
$GPGGA,222950.00,4737.2328387,N,12220.2620767,W,2,12,1.1,59.2091,M,-17.3275,M,2.0,0000*41
$GPGGA,222951.00,4737.2328358,N,12220.2620867,W,2,12,1.1,59.1685,M,-17.3275,M,2.0,0000*4D
$GPGGA,222952.00,4737.2328187,N,12220.2620555,W,2,12,1.1,59.1551,M,-17.3275,M,2.0,0000*48
$GPGGA,222953.00,4737.2328279,N,12220.2620123,W,2,12,1.1,59.2014,M,-17.3275,M,2.0,0000*49
$GPGGA,222954.00,4737.2328150,N,12220.2619476,W,2,12,1.1,59.2303,M,-17.3275,M,2.0,0000*4C
$GPGGA,222955.00,4737.2328163,N,12220.2618907,W,2,12,1.1,59.2829,M,-17.3275,M,2.0,0000*44
$GPGGA,222956.00,4737.2328317,N,12220.2618330,W,2,12,1.1,59.3443,M,-17.3275,M,2.0,0000*49
$GPGGA,222957.00,4737.2328452,N,12220.2617861,W,2,12,1.1,59.4050,M,-17.3275,M,2.0,0000*4F
$GPGGA,222958.00,4737.2328655,N,12220.2617319,W,2,12,1.1,59.4846,M,-17.3275,M,2.0,0000*4E
$GPGGA,222959.00,4737.2328822,N,12220.2616817,W,2,12,1.1,59.5511,M,-17.3275,M,2.0,0000*4B
$GPGGA,223000.00,4737.2328867,N,12220.2616371,W,2,12,1.1,59.6424,M,-17.3275,M,2.0,0000*41
$GPGGA,223001.00,4737.2328886,N,12220.2616097,W,2,12,1.1,59.7228,M,-17.3275,M,2.0,0000*4F
$GPGGA,223002.00,4737.2328869,N,12220.2615759,W,2,12,1.2,59.8016,M,-17.3275,M,2.0,0000*48
$GPGGA,223003.00,4737.2328752,N,12220.2615354,W,2,12,1.1,59.8979,M,-17.3275,M,2.0,0000*44
$GPGGA,223004.00,4737.2328657,N,12220.2615216,W,2,12,1.2,59.9809,M,-17.3275,M,2.0,0000*44
$GPGGA,223005.00,4737.2328436,N,12220.2614930,W,2,12,1.2,60.1087,M,-17.3275,M,2.0,0000*42
$GPGGA,223006.00,4737.2328155,N,12220.2614714,W,2,12,1.1,60.2221,M,-17.3275,M,2.0,0000*47
$GPGGA,223007.00,4737.2327906,N,12220.2614636,W,2,11,1.2,60.3405,M,-17.3275,M,2.0,0000*47
$GPGGA,223008.00,4737.2327662,N,12220.2614631,W,2,12,1.1,60.4434,M,-17.3275,M,3.0,0000*46
$GPGGA,223009.00,4737.2327603,N,12220.2614870,W,2,12,1.0,60.5357,M,-17.3275,M,2.0,0000*48
$GPGGA,223010.00,4737.2327457,N,12220.2615436,W,2,12,1.0,60.6476,M,-17.3275,M,2.0,0000*4B
$GPGGA,223011.00,4737.2327145,N,12220.2616050,W,2,12,1.1,60.7199,M,-17.3275,M,1.0,0000*4C
$GPGGA,223012.00,4737.2326981,N,12220.2616647,W,2,12,1.1,60.7774,M,-17.3275,M,2.0,0000*48
$GPGGA,223013.00,4737.2326852,N,12220.2617202,W,2,12,1.1,60.8179,M,-17.3275,M,2.0,0000*46
$GPGGA,223014.00,4737.2327168,N,12220.2617920,W,2,12,1.0,60.8602,M,-17.3275,M,2.0,0000*41
$GPGGA,223015.00,4737.2327458,N,12220.2618545,W,2,12,1.0,60.8911,M,-17.3275,M,2.0,0000*4B
$GPGGA,223016.00,4737.2327742,N,12220.2618971,W,2,12,1.1,60.9337,M,-17.3275,M,2.0,0000*45
$GPGGA,223017.00,4737.2328056,N,12220.2619358,W,2,12,1.0,60.9760,M,-17.3275,M,2.0,0000*4E
$GPGGA,223018.00,4737.2327977,N,12220.2618776,W,2,12,1.0,60.9050,M,-17.3275,M,2.0,0000*49
$GPGGA,223019.00,4737.2327967,N,12220.2617812,W,2,13,1.0,60.8083,M,-17.3275,M,2.0,0000*45
$GPGGA,223020.00,4737.2327989,N,12220.2616635,W,2,13,1.0,60.6871,M,-17.3275,M,2.0,0000*4E
$GPGGA,223021.00,4737.2327940,N,12220.2615453,W,2,13,0.9,60.5974,M,-17.3275,M,2.0,0000*44
$GPGGA,223022.00,4737.2327727,N,12220.2614796,W,2,12,1.0,60.4272,M,-17.3275,M,2.0,0000*46
$GPGGA,223023.00,4737.2327906,N,12220.2614343,W,2,12,1.0,60.2720,M,-17.3275,M,2.0,0000*42
$GPGGA,223024.00,4737.2328224,N,12220.2614222,W,2,12,1.0,60.1422,M,-17.3275,M,2.0,0000*45
$GPGGA,223025.00,4737.2328562,N,12220.2614188,W,2,12,1.0,60.0495,M,-17.3275,M,2.0,0000*4F
$GPGGA,223026.00,4737.2328959,N,12220.2614338,W,2,12,1.0,59.9894,M,-17.3275,M,2.0,0000*4F
$GPGGA,223027.00,4737.2395098,N,12220.2533605,W,5,06,1.8,63.9648,M,-17.3274,M,2.0,0000*4C
$GPGGA,223028.00,4737.2392556,N,12220.2538236,W,5,05,7.6,63.3237,M,-17.3274,M,2.0,0000*41
$GPGGA,223029.00,4737.2388366,N,12220.2547293,W,5,05,7.6,62.0670,M,-17.3274,M,2.0,0000*4C
$GPGGA,223030.00,4737.2330790,N,12220.2614334,W,2,15,0.9,60.0277,M,-17.3275,M,2.0,0000*4D
$GPGGA,223031.00,4737.2331041,N,12220.2613977,W,2,14,0.9,60.0078,M,-17.3275,M,2.0,0000*40
$GPGGA,223032.00,4737.2330897,N,12220.2613737,W,2,14,1.0,59.9888,M,-17.3275,M,1.0,0000*44
$GPGGA,223033.00,4737.2331111,N,12220.2613730,W,2,14,1.0,60.0269,M,-17.3275,M,2.0,0000*41
$GPGGA,223034.00,4737.2331414,N,12220.2613509,W,2,15,0.9,60.0025,M,-17.3275,M,2.0,0000*4D
$GPGGA,223035.00,4737.2331922,N,12220.2613326,W,2,14,0.9,59.9687,M,-17.3275,M,2.0,0000*43
$GPGGA,223036.00,4737.2332222,N,12220.2612964,W,2,14,1.1,59.9317,M,-17.3275,M,2.0,0000*40
$GPGGA,223037.00,4737.2332710,N,12220.2613750,W,2,14,1.1,59.9365,M,-17.3275,M,2.0,0000*48
$GPGGA,223038.00,4737.2333209,N,12220.2614432,W,2,14,1.0,59.9526,M,-17.3275,M,2.0,0000*4B
$GPGGA,223039.00,4737.2333642,N,12220.2615232,W,2,15,1.0,60.0196,M,-17.3275,M,2.0,0000*4B
$GPGGA,223040.00,4737.2333893,N,12220.2616494,W,2,13,1.1,60.1738,M,-17.3275,M,2.0,0000*4A
$GPGGA,223041.00,4737.2333871,N,12220.2616538,W,2,14,1.0,60.2290,M,-17.3275,M,2.0,0000*42
$GPGGA,223042.00,4737.2333565,N,12220.2616875,W,2,14,1.0,60.1918,M,-17.3275,M,2.0,0000*45
$GPGGA,223043.00,4737.2333306,N,12220.2616832,W,2,15,0.9,60.1443,M,-17.3275,M,2.0,0000*4E
$GPGGA,223044.00,4737.2333227,N,12220.2617020,W,2,15,0.9,60.1023,M,-17.3275,M,2.0,0000*43
$GPGGA,223045.00,4737.2333090,N,12220.2617401,W,2,15,0.9,60.0606,M,-17.3275,M,2.0,0000*4B
$GPGGA,223046.00,4737.2325153,N,12220.2613596,W,5,08,1.3,56.3414,M,-17.3275,M,2.0,0000*4D
$GPGGA,223047.00,4737.2325419,N,12220.2611308,W,5,08,1.3,56.9427,M,-17.3275,M,2.0,0000*4E
$GPGGA,223048.00,4737.2321059,N,12220.2629042,W,5,08,1.3,52.7848,M,-17.3275,M,2.0,0000*4C
$GPGGA,223049.00,4737.2317239,N,12220.2647913,W,5,08,1.3,47.8804,M,-17.3276,M,2.0,0000*49
$GPGGA,223050.00,4737.2316675,N,12220.2658274,W,5,08,1.3,43.3851,M,-17.3276,M,2.0,0000*47
$GPGGA,223051.00,4737.2315754,N,12220.2661428,W,5,08,1.2,42.5687,M,-17.3276,M,2.0,0000*41
$GPGGA,223052.00,4737.2314842,N,12220.2658118,W,5,08,1.2,45.1365,M,-17.3276,M,2.0,0000*4D
$GPGGA,223053.00,4737.2313868,N,12220.2655922,W,5,07,1.4,47.3909,M,-17.3276,M,2.0,0000*46
$GPGGA,223054.00,4737.2334856,N,12220.2620228,W,2,12,1.1,59.5003,M,-17.3275,M,2.0,0000*45
$GPGGA,223055.00,4737.2314693,N,12220.2651629,W,5,05,1.8,50.3885,M,-17.3276,M,2.0,0000*40
$GPGGA,223056.00,4737.2314690,N,12220.2651402,W,5,05,1.8,51.1417,M,-17.3276,M,2.0,0000*4F
$GPGGA,223057.00,4737.2335332,N,12220.2620545,W,2,11,1.3,59.2471,M,-17.3275,M,2.0,0000*45
$GPGGA,223058.00,4737.2335584,N,12220.2620286,W,1,13,1.0,59.1866,M,-17.3275,M,,*6E
$GPGGA,223059.00,4737.2336224,N,12220.2619298,W,2,11,2.2,59.0800,M,-17.3275,M,2.0,0000*49
$GPGGA,223100.00,4737.2338225,N,12220.2618837,W,2,12,1.1,59.0085,M,-17.3275,M,2.0,0000*43
$GPGGA,223101.00,4737.2341131,N,12220.2619125,W,2,12,1.1,58.9907,M,-17.3275,M,2.0,0000*4A
$GPGGA,223102.00,4737.2343071,N,12220.2618252,W,2,12,1.0,58.9504,M,-17.3275,M,2.0,0000*42
$GPGGA,223103.00,4737.2343257,N,12220.2616910,W,2,12,1.0,58.8715,M,-17.3275,M,2.0,0000*45
$GPGGA,223104.00,4737.2343691,N,12220.2614877,W,2,12,1.0,58.8001,M,-17.3275,M,2.0,0000*4C
$GPGGA,223105.00,4737.2344074,N,12220.2612505,W,2,12,1.0,58.7134,M,-17.3275,M,2.0,0000*41
$GPGGA,223106.00,4737.2344335,N,12220.2610490,W,2,12,1.0,58.6393,M,-17.3275,M,2.0,0000*45
$GPGGA,223107.00,4737.2344685,N,12220.2608703,W,2,12,1.0,58.5496,M,-17.3275,M,2.0,0000*4B
$GPGGA,223108.00,4737.2345377,N,12220.2606879,W,2,13,0.9,58.5015,M,-17.3275,M,2.0,0000*47
$GPGGA,223109.00,4737.2346584,N,12220.2604591,W,2,13,0.9,58.5257,M,-17.3275,M,2.0,0000*42
$GPGGA,223110.00,4737.2347801,N,12220.2602624,W,2,13,0.9,58.5596,M,-17.3275,M,2.0,0000*4A
$GPGGA,223111.00,4737.2348916,N,12220.2600809,W,2,13,0.9,58.5786,M,-17.3275,M,2.0,0000*43
$GPGGA,223112.00,4737.2350110,N,12220.2599045,W,2,13,0.9,58.6071,M,-17.3275,M,2.0,0000*48
$GPGGA,223113.00,4737.2353293,N,12220.2501313,W,5,07,1.4,81.7067,M,-17.3274,M,2.0,0000*4E
$GPGGA,223114.00,4737.2352294,N,12220.2594547,W,2,13,0.9,58.6311,M,-17.3275,M,2.0,0000*4C
$GPGGA,223115.00,4737.2353891,N,12220.2499033,W,5,07,1.4,82.7826,M,-17.3274,M,2.0,0000*4F
$GPGGA,223116.00,4737.2357033,N,12220.2504332,W,5,07,1.4,84.7025,M,-17.3274,M,2.0,0000*42
$GPGGA,223117.00,4737.2361678,N,12220.2509480,W,5,07,1.4,87.5556,M,-17.3274,M,2.0,0000*4C
$GPGGA,223118.00,4737.2365505,N,12220.2517846,W,5,07,1.4,88.6876,M,-17.3274,M,2.0,0000*44
$GPGGA,223119.00,4737.2368157,N,12220.2523352,W,5,06,1.8,89.1282,M,-17.3274,M,2.0,0000*48
$GPGGA,223120.00,4737.2367351,N,12220.2520767,W,5,06,1.8,90.1560,M,-17.3274,M,2.0,0000*4B
$GPGGA,223121.00,4737.2366936,N,12220.2517556,W,5,06,1.8,90.7347,M,-17.3274,M,2.0,0000*41
$GPGGA,223122.00,4737.2365820,N,12220.2514146,W,5,06,1.8,91.0284,M,-17.3274,M,2.0,0000*49
$GPGGA,223123.00,4737.2364691,N,12220.2512601,W,5,09,1.3,91.0764,M,-17.3274,M,2.0,0000*40
$GPGGA,223124.00,4737.2359888,N,12220.2583885,W,2,15,1.0,59.0559,M,-17.3274,M,2.0,0000*44
$GPGGA,223125.00,4737.2362360,N,12220.2512885,W,5,07,1.4,90.5485,M,-17.3274,M,2.0,0000*48
$GPGGA,223126.00,4737.2361377,N,12220.2581580,W,2,15,1.0,59.2498,M,-17.3274,M,2.0,0000*42
$GPGGA,223127.00,4737.2361712,N,12220.2581008,W,2,15,1.0,59.3006,M,-17.3274,M,2.0,0000*43
$GPGGA,223128.00,4737.2362175,N,12220.2579803,W,2,15,1.0,59.3744,M,-17.3274,M,1.0,0000*4E
$GPGGA,223129.00,4737.2362507,N,12220.2579250,W,2,16,0.9,59.4301,M,-17.3274,M,2.0,0000*48
$GPGGA,223130.00,4737.2362817,N,12220.2578987,W,2,15,1.0,59.4858,M,-17.3274,M,2.0,0000*40
$GPGGA,223131.00,4737.2362906,N,12220.2578466,W,2,14,1.0,59.5401,M,-17.3274,M,2.0,0000*42
$GPGGA,223132.00,4737.2363118,N,12220.2578812,W,1,16,0.9,59.5904,M,-17.3274,M,,*65
$GPGGA,223133.00,4737.2363478,N,12220.2578079,W,2,15,1.0,59.6687,M,-17.3274,M,2.0,0000*41
$GPGGA,223134.00,4737.2349586,N,12220.2520858,W,5,07,1.6,81.3222,M,-17.3274,M,2.0,0000*41
$GPGGA,223135.00,4737.2348367,N,12220.2515630,W,5,07,1.6,81.9599,M,-17.3274,M,2.0,0000*43
$GPGGA,223136.00,4737.2343482,N,12220.2512900,W,5,07,1.6,82.2006,M,-17.3274,M,2.0,0000*47
$GPGGA,223137.00,4737.2341161,N,12220.2517971,W,5,09,1.3,81.1692,M,-17.3274,M,2.0,0000*4F
$GPGGA,223138.00,4737.2344031,N,12220.2521750,W,5,10,1.2,82.3938,M,-17.3274,M,2.0,0000*4E
$GPGGA,223139.00,4737.2350375,N,12220.2520895,W,5,10,1.2,84.3079,M,-17.3274,M,2.0,0000*44
$GPGGA,223140.00,4737.2355680,N,12220.2512776,W,5,10,1.2,85.7704,M,-17.3274,M,2.0,0000*4B
$GPGGA,223141.00,4737.2358743,N,12220.2508047,W,5,10,1.2,85.9981,M,-17.3274,M,2.0,0000*4A
$GPGGA,223142.00,4737.2360409,N,12220.2507780,W,5,10,1.2,85.8761,M,-17.3274,M,2.0,0000*4D
$GPGGA,223143.00,4737.2361808,N,12220.2509278,W,5,08,1.2,85.4347,M,-17.3274,M,2.0,0000*49
$GPGGA,223144.00,4737.2362401,N,12220.2510430,W,5,08,1.2,85.1266,M,-17.3274,M,2.0,0000*4D
$GPGGA,223145.00,4737.2362933,N,12220.2511835,W,5,07,1.4,84.8799,M,-17.3274,M,2.0,0000*4C
$GPGGA,223146.00,4737.2362811,N,12220.2513116,W,5,08,1.2,84.3845,M,-17.3274,M,2.0,0000*48
$GPGGA,223147.00,4737.2362161,N,12220.2515328,W,5,08,1.2,83.9854,M,-17.3274,M,2.0,0000*43
$GPGGA,223148.00,4737.2361991,N,12220.2517364,W,5,08,1.2,83.4493,M,-17.3274,M,2.0,0000*48
$GPGGA,223149.00,4737.2361870,N,12220.2519697,W,5,08,1.2,82.9810,M,-17.3274,M,2.0,0000*4B
$GPGGA,223150.00,4737.2361830,N,12220.2522011,W,5,07,1.6,82.5518,M,-17.3274,M,2.0,0000*45
$GPGGA,223151.00,4737.2361329,N,12220.2523077,W,5,07,1.6,82.2988,M,-17.3274,M,2.0,0000*44
$GPGGA,223152.00,4737.2360879,N,12220.2524044,W,5,07,1.6,82.1084,M,-17.3274,M,2.0,0000*49
$GPGGA,223153.00,4737.2360554,N,12220.2525086,W,5,07,1.6,82.0311,M,-17.3274,M,2.0,0000*4B
$GPGGA,223154.00,4737.2360315,N,12220.2526148,W,5,08,1.2,81.9515,M,-17.3274,M,2.0,0000*4C
$GPGGA,223155.00,4737.2360015,N,12220.2526986,W,5,08,1.2,81.9554,M,-17.3274,M,2.0,0000*41
$GPGGA,223156.00,4737.2359606,N,12220.2528244,W,5,07,1.6,81.9424,M,-17.3274,M,2.0,0000*4A
$GPGGA,223157.00,4737.2359248,N,12220.2528502,W,5,06,1.8,81.9886,M,-17.3274,M,2.0,0000*4B
$GPGGA,223158.00,4737.2358941,N,12220.2528156,W,5,06,1.8,82.0945,M,-17.3274,M,2.0,0000*46
$GPGGA,223159.00,4737.2358714,N,12220.2528080,W,5,06,1.8,82.1415,M,-17.3274,M,1.0,0000*49
$GPGGA,223200.00,4737.2358654,N,12220.2529335,W,5,08,1.3,82.1036,M,-17.3274,M,2.0,0000*4C
$GPGGA,223201.00,4737.2358414,N,12220.2530518,W,5,08,1.3,82.0929,M,-17.3274,M,2.0,0000*4C
$GPGGA,223202.00,4737.2357915,N,12220.2531397,W,5,10,1.2,81.8332,M,-17.3274,M,2.0,0000*4F
$GPGGA,223203.00,4737.2357814,N,12220.2532760,W,5,10,1.2,81.3508,M,-17.3274,M,2.0,0000*45
$GPGGA,223204.00,4737.2357654,N,12220.2533115,W,5,10,1.2,81.1134,M,-17.3274,M,2.0,0000*44
$GPGGA,223205.00,4737.2357631,N,12220.2533253,W,5,08,1.3,80.8591,M,-17.3274,M,2.0,0000*4C
$GPGGA,223206.00,4737.2357679,N,12220.2533505,W,5,10,1.2,80.6736,M,-17.3274,M,2.0,0000*4E
$GPGGA,223207.00,4737.2357574,N,12220.2534007,W,5,08,1.3,80.5387,M,-17.3274,M,2.0,0000*44
$GPGGA,223208.00,4737.2357417,N,12220.2535269,W,5,08,1.3,80.3212,M,-17.3274,M,2.0,0000*4F
$GPGGA,223209.00,4737.2357395,N,12220.2536756,W,5,07,1.5,80.1195,M,-17.3274,M,2.0,0000*4E
$GPGGA,223210.00,4737.2357460,N,12220.2537884,W,5,07,1.5,80.0903,M,-17.3274,M,2.0,0000*4C
$GPGGA,223211.00,4737.2357405,N,12220.2538828,W,5,07,1.5,80.0253,M,-17.3274,M,2.0,0000*49
$GPGGA,223212.00,4737.2357531,N,12220.2539505,W,5,07,1.5,79.9070,M,-17.3274,M,2.0,0000*43
$GPGGA,223213.00,4737.2357648,N,12220.2540215,W,5,08,1.3,79.7595,M,-17.3274,M,2.0,0000*4E
$GPGGA,223214.00,4737.2357774,N,12220.2541024,W,5,08,1.3,79.6087,M,-17.3274,M,2.0,0000*41
$GPGGA,223215.00,4737.2357827,N,12220.2541629,W,5,08,1.3,79.4567,M,-17.3274,M,2.0,0000*4B
$GPGGA,223216.00,4737.2357836,N,12220.2542210,W,5,08,1.3,79.3285,M,-17.3274,M,2.0,0000*49
$GPGGA,223217.00,4737.2357648,N,12220.2542635,W,5,08,1.3,79.2016,M,-17.3274,M,2.0,0000*45
$GPGGA,223218.00,4737.2357669,N,12220.2542982,W,5,08,1.3,79.0802,M,-17.3274,M,2.0,0000*45
$GPGGA,223219.00,4737.2357641,N,12220.2543148,W,5,08,1.3,78.9039,M,-17.3274,M,2.0,0000*49
$GPGGA,223220.00,4737.2357552,N,12220.2543370,W,5,08,1.3,78.7278,M,-17.3274,M,2.0,0000*42
$GPGGA,223221.00,4737.2357608,N,12220.2543874,W,5,08,1.3,78.6025,M,-17.3274,M,2.0,0000*4B
$GPGGA,223222.00,4737.2357673,N,12220.2544164,W,5,08,1.3,78.4488,M,-17.3274,M,2.0,0000*4A
$GPGGA,223223.00,4737.2357771,N,12220.2544514,W,5,10,1.2,78.2688,M,-17.3274,M,2.0,0000*47
$GPGGA,223224.00,4737.2357775,N,12220.2544891,W,5,10,1.2,78.0496,M,-17.3274,M,2.0,0000*4B
$GPGGA,223225.00,4737.2357766,N,12220.2545183,W,5,08,1.3,77.7723,M,-17.3274,M,2.0,0000*4E
$GPGGA,223226.00,4737.2357780,N,12220.2545555,W,5,09,1.3,77.5032,M,-17.3274,M,2.0,0000*4E
$GPGGA,223227.00,4737.2358020,N,12220.2545941,W,5,09,1.3,77.3217,M,-17.3274,M,2.0,0000*47
$GPGGA,223228.00,4737.2358237,N,12220.2546515,W,5,09,1.3,77.1631,M,-17.3274,M,2.0,0000*40
$GPGGA,223229.00,4737.2358412,N,12220.2546680,W,5,09,1.3,77.0379,M,-17.3274,M,2.0,0000*47
$GPGGA,223230.00,4737.2358557,N,12220.2546849,W,5,10,1.2,76.9556,M,-17.3274,M,2.0,0000*4E
$GPGGA,223231.00,4737.2358616,N,12220.2546684,W,5,10,1.2,76.8502,M,-17.3274,M,2.0,0000*46
$GPGGA,223232.00,4737.2358552,N,12220.2546593,W,5,10,1.2,76.7199,M,-17.3274,M,2.0,0000*4A
$GPGGA,223233.00,4737.2358286,N,12220.2546005,W,5,11,1.0,76.5437,M,-17.3274,M,2.0,0000*4F
$GPGGA,223234.00,4737.2358355,N,12220.2545341,W,5,10,1.2,76.4094,M,-17.3274,M,2.0,0000*48
$GPGGA,223235.00,4737.2358566,N,12220.2544620,W,5,10,1.2,76.3493,M,-17.3274,M,2.0,0000*48
$GPGGA,223236.00,4737.2358680,N,12220.2544090,W,5,09,1.3,76.2287,M,-17.3274,M,2.0,0000*46
$GPGGA,223237.00,4737.2358967,N,12220.2544051,W,5,08,1.3,76.1274,M,-17.3274,M,2.0,0000*42
$GPGGA,223238.00,4737.2359120,N,12220.2544048,W,5,08,1.3,76.1325,M,-17.3274,M,2.0,0000*4A
$GPGGA,223239.00,4737.2359219,N,12220.2544156,W,5,10,1.2,76.1885,M,-17.3274,M,2.0,0000*45
$GPGGA,223240.00,4737.2359414,N,12220.2544402,W,5,10,1.2,76.2121,M,-17.3274,M,2.0,0000*40
$GPGGA,223241.00,4737.2359581,N,12220.2544689,W,5,08,1.3,76.1998,M,-17.3274,M,2.0,0000*4C
$GPGGA,223242.00,4737.2354567,N,12220.2555123,W,5,09,1.4,73.6195,M,-17.3274,M,2.0,0000*4C
$GPGGA,223243.00,4737.2360398,N,12220.2557398,W,5,07,1.5,75.1844,M,-17.3274,M,2.0,0000*47
$GPGGA,223244.00,4737.2370797,N,12220.2557397,W,5,07,1.5,77.6796,M,-17.3274,M,2.0,0000*40
$GPGGA,223245.00,4737.2378967,N,12220.2558782,W,5,09,1.4,79.1935,M,-17.3274,M,2.0,0000*46
$GPGGA,223246.00,4737.2376866,N,12220.2560068,W,5,09,1.4,78.3746,M,-17.3274,M,2.0,0000*4A
$GPGGA,223247.00,4737.2371439,N,12220.2562760,W,5,09,1.4,76.7167,M,-17.3274,M,2.0,0000*48
$GPGGA,223248.00,4737.2366088,N,12220.2565796,W,5,09,1.4,75.2215,M,-17.3274,M,2.0,0000*41
$GPGGA,223249.00,4737.2362875,N,12220.2568360,W,5,10,1.2,74.4271,M,-17.3274,M,2.0,0000*45
$GPGGA,223250.00,4737.2320931,N,12220.2565241,W,5,09,1.4,64.0900,M,-17.3275,M,2.0,0000*42
$GPGGA,223251.00,4737.2302668,N,12220.2562959,W,5,09,1.4,58.8159,M,-17.3275,M,2.0,0000*46
$GPGGA,223252.00,4737.2308292,N,12220.2555363,W,5,09,1.4,60.7789,M,-17.3275,M,2.0,0000*46
$GPGGA,223253.00,4737.2310299,N,12220.2550118,W,5,09,1.4,62.4981,M,-17.3275,M,2.0,0000*49
$GPGGA,223254.00,4737.2308638,N,12220.2544827,W,5,09,1.4,63.8711,M,-17.3275,M,2.0,0000*42
$GPGGA,223255.00,4737.2306952,N,12220.2539124,W,5,09,1.4,64.8678,M,-17.3275,M,2.0,0000*47
$GPGGA,223256.00,4737.2303759,N,12220.2535431,W,5,09,1.4,66.0806,M,-17.3275,M,2.0,0000*44
$GPGGA,223257.00,4737.2302223,N,12220.2533953,W,5,09,1.4,67.0106,M,-17.3275,M,2.0,0000*4B
$GPGGA,223258.00,4737.2301986,N,12220.2533040,W,5,09,1.4,67.5810,M,-17.3275,M,2.0,0000*43
$GPGGA,223259.00,4737.2302313,N,12220.2533545,W,5,09,1.4,67.7933,M,-17.3275,M,1.0,0000*46
$GPGGA,223300.00,4737.2304141,N,12220.2534812,W,5,09,1.4,67.9609,M,-17.3275,M,2.0,0000*4B
$GPGGA,223301.00,4737.2306072,N,12220.2536095,W,5,09,1.4,67.9533,M,-17.3275,M,2.0,0000*46
$GPGGA,223302.00,4737.2307225,N,12220.2536784,W,5,09,1.4,67.9384,M,-17.3275,M,2.0,0000*49
$GPGGA,223303.00,4737.2306666,N,12220.2537189,W,5,09,1.4,67.9369,M,-17.3275,M,2.0,0000*43
$GPGGA,223304.00,4737.2306355,N,12220.2537954,W,5,07,2.6,67.8725,M,-17.3275,M,2.0,0000*4B
$GPGGA,223305.00,4737.2306930,N,12220.2538609,W,5,07,2.6,67.7601,M,-17.3275,M,2.0,0000*43
$GPGGA,223306.00,4737.2307248,N,12220.2539168,W,5,07,2.6,67.6477,M,-17.3275,M,2.0,0000*46
$GPGGA,223307.00,4737.2307641,N,12220.2539412,W,5,07,2.6,67.4491,M,-17.3275,M,2.0,0000*48
$GPGGA,223308.00,4737.2310028,N,12220.2540257,W,5,08,1.7,66.8008,M,-17.3275,M,2.0,0000*45
$GPGGA,223309.00,4737.2310884,N,12220.2540539,W,5,08,1.7,66.6724,M,-17.3275,M,2.0,0000*42
$GPGGA,223310.00,4737.2310383,N,12220.2540557,W,5,08,1.9,66.9411,M,-17.3275,M,2.0,0000*4A
$GPGGA,223311.00,4737.2309987,N,12220.2540264,W,5,08,1.9,67.1413,M,-17.3275,M,2.0,0000*41
$GPGGA,223312.00,4737.2308570,N,12220.2539135,W,5,09,1.4,67.0762,M,-17.3275,M,2.0,0000*46
$GPGGA,223313.00,4737.2307923,N,12220.2538733,W,5,09,1.4,67.2020,M,-17.3275,M,2.0,0000*40
$GPGGA,223314.00,4737.2307228,N,12220.2538363,W,5,09,1.4,67.3066,M,-17.3275,M,2.0,0000*45
$GPGGA,223315.00,4737.2306565,N,12220.2538080,W,5,09,1.4,67.4408,M,-17.3275,M,2.0,0000*4E
$GPGGA,223316.00,4737.2306242,N,12220.2538558,W,5,09,1.4,67.5894,M,-17.3275,M,2.0,0000*47
$GPGGA,223317.00,4737.2306650,N,12220.2538996,W,5,09,1.4,67.6633,M,-17.3275,M,2.0,0000*4F
$GPGGA,223318.00,4737.2306840,N,12220.2539509,W,5,09,1.4,67.7008,M,-17.3275,M,2.0,0000*4B
$GPGGA,223319.00,4737.2307108,N,12220.2539836,W,5,09,1.4,67.7230,M,-17.3275,M,2.0,0000*46
$GPGGA,223320.00,4737.2307869,N,12220.2540062,W,5,08,1.9,67.7358,M,-17.3275,M,1.0,0000*45
$GPGGA,223321.00,4737.2308809,N,12220.2540441,W,5,08,1.9,67.5996,M,-17.3275,M,2.0,0000*41
$GPGGA,223322.00,4737.2309781,N,12220.2540751,W,5,08,1.9,67.4048,M,-17.3275,M,2.0,0000*45
$GPGGA,223323.00,4737.2311041,N,12220.2541050,W,5,07,2.6,67.1487,M,-17.3275,M,2.0,0000*40
$GPGGA,223324.00,4737.2373024,N,12220.2576531,W,1,12,1.1,61.7679,M,-17.3274,M,,*6C
$GPGGA,223325.00,4737.2312995,N,12220.2540905,W,5,08,1.9,66.6194,M,-17.3275,M,2.0,0000*4F
$GPGGA,223326.00,4737.2313494,N,12220.2541215,W,5,08,1.9,66.4897,M,-17.3275,M,2.0,0000*42
$GPGGA,223327.00,4737.2373041,N,12220.2575403,W,1,12,1.1,61.7755,M,-17.3274,M,,*60
$GPGGA,223328.00,4737.2372994,N,12220.2574995,W,1,12,1.1,61.7760,M,-17.3274,M,,*6A
$GPGGA,223329.00,4737.2372924,N,12220.2574611,W,1,12,1.1,61.7844,M,-17.3274,M,,*6A
$GPGGA,223330.00,4737.2372934,N,12220.2574136,W,1,12,1.1,61.7813,M,-17.3274,M,,*63
$GPGGA,223331.00,4737.2372871,N,12220.2573712,W,1,12,1.1,61.8036,M,-17.3274,M,,*65
$GPGGA,223332.00,4737.2372949,N,12220.2573543,W,1,13,1.0,61.8229,M,-17.3274,M,,*66
$GPGGA,223333.00,4737.2373311,N,12220.2573532,W,1,12,1.7,61.8257,M,-17.3274,M,,*68
$GPGGA,223334.00,4737.2373594,N,12220.2573439,W,1,12,1.7,61.8553,M,-17.3274,M,,*6D
$GPGGA,223335.00,4737.2373910,N,12220.2573315,W,1,12,1.7,61.8633,M,-17.3274,M,,*60
$GPGGA,223336.00,4737.2374190,N,12220.2573232,W,1,13,1.0,61.8799,M,-17.3274,M,,*67
$GPGGA,223337.00,4737.2374525,N,12220.2573082,W,1,13,1.0,61.9076,M,-17.3274,M,,*62
$GPGGA,223338.00,4737.2374786,N,12220.2573089,W,1,13,1.5,61.9343,M,-17.3274,M,,*6D
$GPGGA,223339.00,4737.2375015,N,12220.2572980,W,1,13,1.1,61.9431,M,-17.3274,M,,*67
$GPGGA,223340.00,4737.2375232,N,12220.2572996,W,1,13,1.1,61.9498,M,-17.3274,M,,*6A
$GPGGA,223341.00,4737.2361167,N,12220.2566940,W,5,08,1.9,58.1618,M,-17.3274,M,2.0,0000*41
$GPGGA,223342.00,4737.2358712,N,12220.2568532,W,5,08,1.9,59.0524,M,-17.3274,M,2.0,0000*47
$GPGGA,223343.00,4737.2364247,N,12220.2573837,W,5,08,1.9,58.2135,M,-17.3274,M,2.0,0000*49
$GPGGA,223344.00,4737.2363558,N,12220.2579697,W,5,08,1.9,59.4250,M,-17.3274,M,1.0,0000*4A
$GPGGA,223345.00,4737.2357286,N,12220.2583754,W,5,08,1.9,62.5483,M,-17.3275,M,2.0,0000*40
$GPGGA,223346.00,4737.2353903,N,12220.2585938,W,5,08,1.9,64.2241,M,-17.3275,M,2.0,0000*4A
$GPGGA,223347.00,4737.2352202,N,12220.2584033,W,5,08,1.9,64.8850,M,-17.3275,M,2.0,0000*43
$GPGGA,223348.00,4737.2349376,N,12220.2581191,W,5,08,1.9,65.3953,M,-17.3275,M,2.0,0000*40
$GPGGA,223349.00,4737.2346852,N,12220.2579999,W,5,06,2.1,65.2154,M,-17.3275,M,2.0,0000*4F
$GPGGA,223350.00,4737.2348950,N,12220.2579497,W,5,06,2.1,64.1694,M,-17.3275,M,2.0,0000*40
$GPGGA,223351.00,4737.2350619,N,12220.2578515,W,5,06,2.1,62.9787,M,-17.3275,M,1.0,0000*4E
$GPGGA,223352.00,4737.2351749,N,12220.2577076,W,5,08,1.9,61.5732,M,-17.3275,M,2.0,0000*40
$GPGGA,223353.00,4737.2352016,N,12220.2577070,W,5,08,1.9,60.8011,M,-17.3275,M,2.0,0000*43
$GPGGA,223354.00,4737.2352483,N,12220.2577273,W,5,08,1.9,60.3914,M,-17.3275,M,2.0,0000*4A
$GPGGA,223355.00,4737.2352933,N,12220.2577810,W,5,08,1.9,60.1695,M,-17.3275,M,2.0,0000*46
$GPGGA,223356.00,4737.2353363,N,12220.2579410,W,5,08,1.9,60.0735,M,-17.3275,M,2.0,0000*43
$GPGGA,223357.00,4737.2354160,N,12220.2580527,W,5,08,1.9,59.6549,M,-17.3275,M,2.0,0000*42
$GPGGA,223358.00,4737.2355271,N,12220.2581044,W,5,08,1.9,59.0796,M,-17.3275,M,2.0,0000*48
$GPGGA,223359.00,4737.2355790,N,12220.2580602,W,5,07,7.9,58.5942,M,-17.3274,M,2.0,0000*4D
$GPGGA,223400.00,4737.2356185,N,12220.2580160,W,5,08,1.9,58.1534,M,-17.3274,M,2.0,0000*44
$GPGGA,223401.00,4737.2356292,N,12220.2579843,W,5,08,1.9,58.0775,M,-17.3274,M,2.0,0000*48
$GPGGA,223402.00,4737.2355939,N,12220.2579604,W,5,08,1.9,58.1737,M,-17.3274,M,2.0,0000*48
$GPGGA,223403.00,4737.2355702,N,12220.2579405,W,5,06,2.1,58.0000,M,-17.3275,M,2.0,0000*4A
$GPGGA,223404.00,4737.2355878,N,12220.2579499,W,5,06,2.1,57.5782,M,-17.3274,M,2.0,0000*4C
$GPGGA,223405.00,4737.2377256,N,12220.2574149,W,1,14,1.1,62.1760,M,-17.3274,M,,*68
$GPGGA,223406.00,4737.2356312,N,12220.2575786,W,5,07,2.2,57.3023,M,-17.3274,M,2.0,0000*43
$GPGGA,223407.00,4737.2355726,N,12220.2574676,W,5,07,2.2,57.3551,M,-17.3274,M,2.0,0000*4D
$GPGGA,223408.00,4737.2355734,N,12220.2574236,W,5,06,2.3,56.3637,M,-17.3274,M,2.0,0000*43
$GPGGA,223409.00,4737.2355977,N,12220.2573621,W,5,06,2.3,56.0606,M,-17.3274,M,2.0,0000*4F
$GPGGA,223410.00,4737.2355889,N,12220.2573044,W,5,06,2.3,55.8627,M,-17.3274,M,2.0,0000*4A
$GPGGA,223411.00,4737.2355715,N,12220.2573206,W,5,07,1.9,54.6629,M,-17.3274,M,3.0,0000*4D
$GPGGA,223412.00,4737.2355543,N,12220.2574071,W,5,06,2.3,54.2625,M,-17.3274,M,2.0,0000*4B
$GPGGA,223413.00,4737.2355594,N,12220.2574562,W,5,06,2.3,54.3072,M,-17.3274,M,2.0,0000*42
$GPGGA,223414.00,4737.2355591,N,12220.2574474,W,5,06,2.3,54.2263,M,-17.3274,M,2.0,0000*45
$GPGGA,223415.00,4737.2355127,N,12220.2575028,W,5,07,1.9,54.2797,M,-17.3274,M,2.0,0000*47
$GPGGA,223416.00,4737.2354331,N,12220.2574595,W,5,07,1.9,54.5314,M,-17.3274,M,1.0,0000*49
$GPGGA,223417.00,4737.2353632,N,12220.2574611,W,5,07,1.9,54.9685,M,-17.3274,M,2.0,0000*44
$GPGGA,223418.00,4737.2352825,N,12220.2575399,W,5,07,1.9,55.4306,M,-17.3275,M,2.0,0000*45
$GPGGA,223419.00,4737.2352252,N,12220.2575870,W,5,07,1.9,55.9386,M,-17.3275,M,2.0,0000*47
$GPGGA,223420.00,4737.2351878,N,12220.2575808,W,5,07,1.9,56.3626,M,-17.3275,M,2.0,0000*45
$GPGGA,223421.00,4737.2351394,N,12220.2575321,W,5,07,1.9,56.6938,M,-17.3275,M,2.0,0000*48
$GPGGA,223422.00,4737.2351248,N,12220.2574782,W,5,07,1.9,56.9199,M,-17.3275,M,2.0,0000*4B
$GPGGA,223423.00,4737.2351306,N,12220.2574013,W,5,07,1.9,56.9710,M,-17.3274,M,2.0,0000*48
$GPGGA,223424.00,4737.2351277,N,12220.2573371,W,5,07,1.9,56.9407,M,-17.3275,M,2.0,0000*4C
$GPGGA,223425.00,4737.2351311,N,12220.2572702,W,5,07,1.9,56.7515,M,-17.3274,M,2.0,0000*40
$GPGGA,223426.00,4737.2410882,N,12220.2558800,W,5,05,2.4,42.4450,M,-17.3274,M,2.0,0000*4F
$GPGGA,223427.00,4737.2385316,N,12220.2566247,W,5,05,2.4,41.8580,M,-17.3274,M,2.0,0000*44
$GPGGA,223428.00,4737.2355017,N,12220.2569858,W,5,05,2.4,52.0762,M,-17.3275,M,2.0,0000*4A
$GPGGA,223429.00,4737.2342136,N,12220.2563758,W,5,07,1.9,62.2446,M,-17.3275,M,2.0,0000*42
$GPGGA,223430.00,4737.2330722,N,12220.2556553,W,5,07,1.9,72.2394,M,-17.3275,M,1.0,0000*49
$GPGGA,223431.00,4737.2328490,N,12220.2557155,W,5,05,2.4,73.3701,M,-17.3275,M,2.0,0000*4F
$GPGGA,223432.00,4737.2327626,N,12220.2557955,W,5,05,2.4,73.5150,M,-17.3275,M,2.0,0000*40
$GPGGA,223433.00,4737.2326996,N,12220.2559081,W,5,05,2.4,73.4816,M,-17.3275,M,2.0,0000*40
$GPGGA,223434.00,4737.2327701,N,12220.2559948,W,5,05,2.4,73.0658,M,-17.3275,M,2.0,0000*4A
$GPGGA,223435.00,4737.2328579,N,12220.2560501,W,5,05,2.4,72.4639,M,-17.3275,M,2.0,0000*40
$GPGGA,223436.00,4737.2328995,N,12220.2560158,W,5,05,2.4,72.0336,M,-17.3275,M,2.0,0000*4B
$GPGGA,223437.00,4737.2328368,N,12220.2558627,W,5,05,2.4,72.2594,M,-17.3275,M,1.0,0000*49
$GPGGA,223438.00,4737.2327421,N,12220.2558522,W,5,05,2.4,72.4972,M,-17.3275,M,2.0,0000*44
$GPGGA,223439.00,4737.2325862,N,12220.2559194,W,5,05,2.4,72.7623,M,-17.3275,M,2.0,0000*4C
$GPGGA,223440.00,4737.2324635,N,12220.2559340,W,5,05,2.4,73.1228,M,-17.3275,M,2.0,0000*4C
$GPGGA,223441.00,4737.2325911,N,12220.2559088,W,5,06,2.3,71.5310,M,-17.3275,M,2.0,0000*4A
$GPGGA,223442.00,4737.2326230,N,12220.2559709,W,5,05,2.4,71.1860,M,-17.3275,M,2.0,0000*40
$GPGGA,223443.00,4737.2326088,N,12220.2560150,W,5,06,2.4,70.6805,M,-17.3275,M,2.0,0000*46
$GPGGA,223444.00,4737.2326187,N,12220.2560816,W,5,06,2.4,69.5793,M,-17.3275,M,2.0,0000*4F
$GPGGA,223445.00,4737.2327299,N,12220.2561543,W,5,06,2.4,68.2560,M,-17.3275,M,2.0,0000*47
$GPGGA,223446.00,4737.2328373,N,12220.2561944,W,5,06,2.4,67.2856,M,-17.3275,M,2.0,0000*42
$GPGGA,223447.00,4737.2329535,N,12220.2562529,W,5,06,2.4,66.2771,M,-17.3275,M,2.0,0000*49
$GPGGA,223448.00,4737.2330297,N,12220.2562388,W,5,05,2.4,65.7182,M,-17.3275,M,2.0,0000*43
$GPGGA,223449.00,4737.2331423,N,12220.2561908,W,5,06,2.4,64.8718,M,-17.3275,M,2.0,0000*43
$GPGGA,223450.00,4737.2331820,N,12220.2561726,W,5,06,2.4,64.1844,M,-17.3275,M,2.0,0000*49
$GPGGA,223451.00,4737.2331733,N,12220.2562387,W,5,06,2.4,63.5069,M,-17.3275,M,2.0,0000*4D
$GPGGA,223452.00,4737.2331559,N,12220.2563468,W,5,06,2.4,63.0175,M,-17.3275,M,2.0,0000*4E
$GPGGA,223453.00,4737.2331252,N,12220.2564782,W,5,06,2.4,62.6544,M,-17.3275,M,2.0,0000*42
$GPGGA,223454.00,4737.2331222,N,12220.2565569,W,5,06,2.4,62.3658,M,-17.3275,M,2.0,0000*4F
$GPGGA,223455.00,4737.2331659,N,12220.2565971,W,5,06,2.4,62.1022,M,-17.3275,M,2.0,0000*4A
$GPGGA,223456.00,4737.2332111,N,12220.2566328,W,5,06,2.4,61.7660,M,-17.3275,M,2.0,0000*41
$GPGGA,223457.00,4737.2332532,N,12220.2566908,W,5,06,2.4,61.2168,M,-17.3275,M,2.0,0000*47
$GPGGA,223458.00,4737.2333320,N,12220.2567392,W,5,06,2.4,60.5728,M,-17.3275,M,2.0,0000*40
$GPGGA,223459.00,4737.2334033,N,12220.2567746,W,5,05,2.4,60.0507,M,-17.3275,M,2.0,0000*43
$GPGGA,223500.00,4737.2334891,N,12220.2568940,W,5,06,2.4,58.7722,M,-17.3275,M,2.0,0000*43
$GPGGA,223501.00,4737.2335484,N,12220.2570186,W,5,05,2.4,57.6992,M,-17.3275,M,2.0,0000*48
$GPGGA,223502.00,4737.2335834,N,12220.2571056,W,5,05,2.4,57.1050,M,-17.3275,M,2.0,0000*41
$GPGGA,223503.00,4737.2336018,N,12220.2572176,W,5,05,2.4,56.5770,M,-17.3275,M,2.0,0000*45
$GPGGA,223504.00,4737.2335741,N,12220.2573035,W,5,05,2.4,56.3108,M,-17.3275,M,2.0,0000*42
$GPGGA,223505.00,4737.2335334,N,12220.2573741,W,5,05,2.4,56.1517,M,-17.3275,M,2.0,0000*49
$GPGGA,223506.00,4737.2335039,N,12220.2574853,W,5,05,2.4,55.9282,M,-17.3275,M,2.0,0000*4F
$GPGGA,223507.00,4737.2335097,N,12220.2575653,W,5,06,2.4,55.4903,M,-17.3275,M,2.0,0000*49
$GPGGA,223508.00,4737.2335107,N,12220.2576484,W,5,06,2.4,55.1093,M,-17.3275,M,2.0,0000*40
$GPGGA,223509.00,4737.2335235,N,12220.2577483,W,5,06,2.4,54.4951,M,-17.3275,M,2.0,0000*46
$GPGGA,223510.00,4737.2335810,N,12220.2578046,W,5,05,3.1,53.9156,M,-17.3275,M,2.0,0000*43
$GPGGA,223511.00,4737.2336398,N,12220.2578171,W,5,05,3.1,53.3884,M,-17.3275,M,2.0,0000*43
$GPGGA,223512.00,4737.2336925,N,12220.2578377,W,5,05,3.1,52.7444,M,-17.3275,M,1.0,0000*4E
$GPGGA,223513.00,4737.2337253,N,12220.2579047,W,5,06,2.4,52.0736,M,-17.3275,M,2.0,0000*40
$GPGGA,223514.00,4737.2337794,N,12220.2579744,W,5,06,2.4,51.2530,M,-17.3275,M,2.0,0000*48
$GPGGA,223515.00,4737.2338509,N,12220.2580439,W,5,06,2.4,50.3458,M,-17.3275,M,2.0,0000*40
$GPGGA,223516.00,4737.2339221,N,12220.2581550,W,5,06,2.4,49.2901,M,-17.3275,M,2.0,0000*48
$GPGGA,223517.00,4737.2339705,N,12220.2583090,W,5,06,2.4,48.1953,M,-17.3275,M,2.0,0000*44
$GPGGA,223518.00,4737.2339937,N,12220.2584742,W,5,06,2.4,47.2595,M,-17.3275,M,2.0,0000*41
$GPGGA,223519.00,4737.2340313,N,12220.2586351,W,5,06,2.4,46.2429,M,-17.3275,M,2.0,0000*41
$GPGGA,223520.00,4737.2340668,N,12220.2587068,W,5,06,2.4,45.6295,M,-17.3275,M,2.0,0000*4C
$GPGGA,223521.00,4737.2341025,N,12220.2587536,W,5,06,2.4,45.1792,M,-17.3275,M,2.0,0000*48
$GPGGA,223522.00,4737.2341419,N,12220.2588613,W,5,06,2.4,44.4647,M,-17.3275,M,2.0,0000*46
$GPGGA,223523.00,4737.2341872,N,12220.2589955,W,5,06,2.4,43.4567,M,-17.3275,M,2.0,0000*4C
$GPGGA,223524.00,4737.2342196,N,12220.2591116,W,5,06,2.4,42.4760,M,-17.3275,M,2.0,0000*49
$GPGGA,223525.00,4737.2342654,N,12220.2592434,W,5,06,2.4,41.4957,M,-17.3275,M,2.0,0000*4E
$GPGGA,223526.00,4737.2343080,N,12220.2593924,W,5,06,2.4,40.3852,M,-17.3275,M,2.0,0000*4C
$GPGGA,223527.00,4737.2343585,N,12220.2595534,W,5,06,2.4,39.1903,M,-17.3275,M,2.0,0000*4F
$GPGGA,223528.00,4737.2344270,N,12220.2596032,W,5,05,3.1,38.4791,M,-17.3275,M,2.0,0000*4C
$GPGGA,223529.00,4737.2344840,N,12220.2596142,W,5,05,3.1,38.1100,M,-17.3275,M,2.0,0000*49
$GPGGA,223530.00,4737.2345151,N,12220.2596070,W,5,05,3.1,37.7110,M,-17.3275,M,2.0,0000*41
$GPGGA,223531.00,4737.2345549,N,12220.2596058,W,5,05,3.1,37.2708,M,-17.3275,M,2.0,0000*4D
$GPGGA,223532.00,4737.2345828,N,12220.2596151,W,5,05,3.1,36.9511,M,-17.3275,M,2.0,0000*4C
$GPGGA,223533.00,4737.2346043,N,12220.2596054,W,5,05,3.1,36.7288,M,-17.3275,M,2.0,0000*46
$GPGGA,223534.00,4737.2334615,N,12220.2566026,W,1,14,1.1,64.7510,M,-17.3275,M,,*60
$GPGGA,223535.00,4737.2334067,N,12220.2566925,W,1,14,1.1,64.7612,M,-17.3275,M,,*69
$GPGGA,223536.00,4737.2333359,N,12220.2568049,W,1,14,1.1,64.7434,M,-17.3275,M,,*68
$GPGGA,223537.00,4737.2332567,N,12220.2569224,W,1,14,1.1,64.7305,M,-17.3275,M,,*6E
$GPGGA,223538.00,4737.2331797,N,12220.2570313,W,1,14,1.1,64.7246,M,-17.3275,M,,*64
$GPGGA,223539.00,4737.2331184,N,12220.2571044,W,1,13,1.2,64.7198,M,-17.3275,M,,*65
$GPGGA,223540.00,4737.2330679,N,12220.2571574,W,1,13,1.2,64.7245,M,-17.3275,M,,*6A
$GPGGA,223541.00,4737.2330259,N,12220.2571523,W,1,13,1.0,64.7312,M,-17.3275,M,,*6E
$GPGGA,223542.00,4737.2330123,N,12220.2571658,W,1,13,1.0,64.7109,M,-17.3275,M,,*64
$GPGGA,223543.00,4737.2329850,N,12220.2571851,W,1,12,1.1,64.6917,M,-17.3275,M,,*61
$GPGGA,223544.00,4737.2329505,N,12220.2572435,W,1,13,1.0,64.6735,M,-17.3275,M,,*68
$GPGGA,223545.00,4737.2329363,N,12220.2572716,W,1,13,1.0,64.6394,M,-17.3275,M,,*62
$GPGGA,223546.00,4737.2329319,N,12220.2572904,W,1,13,1.0,64.5996,M,-17.3275,M,,*6A
$GPGGA,223547.00,4737.2329277,N,12220.2573393,W,1,13,1.0,64.5994,M,-17.3275,M,,*65
$GPGGA,223548.00,4737.2329239,N,12220.2573511,W,1,13,1.0,64.5773,M,-17.3275,M,,*6B
$GPGGA,223549.00,4737.2329143,N,12220.2573596,W,1,13,1.0,64.5490,M,-17.3275,M,,*65
$GPGGA,223550.00,4737.2329117,N,12220.2573698,W,1,13,1.0,64.5128,M,-17.3275,M,,*67
$GPGGA,223551.00,4737.2329094,N,12220.2573701,W,1,13,1.0,64.4783,M,-17.3275,M,,*6B
$GPGGA,223552.00,4737.2329156,N,12220.2573599,W,1,14,0.9,64.4649,M,-17.3275,M,,*6C
$GPGGA,223553.00,4737.2329095,N,12220.2573573,W,1,13,1.0,64.4294,M,-17.3275,M,,*6C
$GPGGA,223554.00,4737.2329074,N,12220.2573539,W,1,13,1.0,64.3958,M,-17.3275,M,,*66
$GPGGA,223555.00,4737.2329035,N,12220.2573563,W,1,13,1.0,64.3642,M,-17.3275,M,,*69
$GPGGA,223556.00,4737.2329020,N,12220.2573505,W,1,13,1.0,64.3232,M,-17.3275,M,,*6D
$GPGGA,223557.00,4737.2329045,N,12220.2573525,W,1,13,1.0,64.2905,M,-17.3275,M,,*63
$GPGGA,223558.00,4737.2328972,N,12220.2572897,W,1,14,1.0,64.2237,M,-17.3275,M,,*68
$GPGGA,223559.00,4737.2328858,N,12220.2571088,W,1,14,0.9,64.0907,M,-17.3275,M,,*67
$GPGGA,223600.00,4737.2328819,N,12220.2569609,W,1,13,1.0,63.9646,M,-17.3275,M,,*60
$GPGGA,223601.00,4737.2350852,N,12220.2586704,W,5,06,2.2,38.0819,M,-17.3275,M,2.0,0000*42
$GPGGA,223602.00,4737.2351713,N,12220.2577239,W,5,06,2.2,41.5160,M,-17.3275,M,2.0,0000*43
$GPGGA,223603.00,4737.2352264,N,12220.2572214,W,5,05,3.1,43.2843,M,-17.3274,M,2.0,0000*43
$GPGGA,223604.00,4737.2352811,N,12220.2570709,W,5,05,3.1,43.5700,M,-17.3274,M,2.0,0000*48
$GPGGA,223605.00,4737.2353399,N,12220.2569057,W,5,05,3.1,43.8618,M,-17.3274,M,2.0,0000*42
$GPGGA,223606.00,4737.2353925,N,12220.2567549,W,5,05,3.1,44.0689,M,-17.3274,M,2.0,0000*4F
$GPGGA,223607.00,4737.2329817,N,12220.2567901,W,1,13,0.9,63.7991,M,-17.3275,M,,*62
$GPGGA,223608.00,4737.2330215,N,12220.2567435,W,1,13,0.9,63.7708,M,-17.3275,M,,*69
$GPGGA,223609.00,4737.2330352,N,12220.2567016,W,1,13,1.0,63.7663,M,-17.3275,M,,*6B
$GPGGA,223610.00,4737.2330452,N,12220.2566657,W,1,13,1.0,63.7744,M,-17.3275,M,,*62
$GPGGA,223611.00,4737.2330542,N,12220.2566230,W,1,13,1.0,63.7824,M,-17.3275,M,,*6F
$GPGGA,223612.00,4737.2330518,N,12220.2566128,W,1,13,1.1,63.8063,M,-17.3275,M,,*6C
$GPGGA,223613.00,4737.2330515,N,12220.2565946,W,1,13,1.2,63.8015,M,-17.3275,M,,*61
$GPGGA,223614.00,4737.2330520,N,12220.2565492,W,1,13,1.2,63.8233,M,-17.3275,M,,*62
$GPGGA,223615.00,4737.2330721,N,12220.2565020,W,1,13,1.0,63.8197,M,-17.3275,M,,*62
$GPGGA,223616.00,4737.2330990,N,12220.2564243,W,1,13,1.0,63.8295,M,-17.3275,M,,*62
$GPGGA,223617.00,4737.2331196,N,12220.2563768,W,1,13,1.0,63.8352,M,-17.3275,M,,*6D
$GPGGA,223618.00,4737.2331374,N,12220.2563167,W,1,13,1.0,63.8558,M,-17.3275,M,,*69
$GPGGA,223619.00,4737.2331561,N,12220.2562652,W,1,13,1.1,63.8790,M,-17.3275,M,,*6D
$GPGGA,223620.00,4737.2331594,N,12220.2562344,W,1,13,1.0,63.9220,M,-17.3275,M,,*61
$GPGGA,223621.00,4737.2331971,N,12220.2561751,W,1,14,0.9,63.9358,M,-17.3275,M,,*65
$GPGGA,223622.00,4737.2332238,N,12220.2560994,W,1,14,0.9,63.9687,M,-17.3275,M,,*62
$GPGGA,223623.00,4737.2332436,N,12220.2559965,W,1,13,1.0,64.0537,M,-17.3275,M,,*66
$GPGGA,223624.00,4737.2332772,N,12220.2558898,W,1,13,1.1,64.0844,M,-17.3275,M,,*68
$GPGGA,223625.00,4737.2333219,N,12220.2557749,W,1,13,1.0,64.1052,M,-17.3275,M,,*63
$GPGGA,223626.00,4737.2333699,N,12220.2556854,W,1,13,1.3,64.1310,M,-17.3275,M,,*68
$GPGGA,223627.00,4737.2334202,N,12220.2556270,W,1,13,1.3,64.1582,M,-17.3275,M,,*69
$GPGGA,223628.00,4737.2334467,N,12220.2554669,W,1,14,1.0,64.2081,M,-17.3275,M,,*6C
$GPGGA,223629.00,4737.2334526,N,12220.2550614,W,1,14,1.0,64.3944,M,-17.3275,M,,*66
$GPGGA,223630.00,4737.2334599,N,12220.2547036,W,1,14,1.0,64.5592,M,-17.3274,M,,*6A
$GPGGA,223631.00,4737.2334685,N,12220.2544046,W,1,14,1.0,64.7111,M,-17.3274,M,,*6C
$GPGGA,223632.00,4737.2334927,N,12220.2541921,W,1,14,1.0,64.8281,M,-17.3274,M,,*60
$GPGGA,223633.00,4737.2335172,N,12220.2540237,W,1,14,1.0,64.9312,M,-17.3274,M,,*6F
$GPGGA,223634.00,4737.2335550,N,12220.2538877,W,1,14,1.0,65.0519,M,-17.3274,M,,*68
$GPGGA,223635.00,4737.2335890,N,12220.2537487,W,1,14,1.0,65.1858,M,-17.3274,M,,*6D
$GPGGA,223636.00,4737.2336218,N,12220.2536217,W,1,14,1.0,65.3146,M,-17.3274,M,,*6D
$GPGGA,223637.00,4737.2336804,N,12220.2534770,W,1,14,0.9,65.4173,M,-17.3274,M,,*64
$GPGGA,223638.00,4737.2337647,N,12220.2533779,W,1,15,0.9,65.4963,M,-17.3274,M,,*65
$GPGGA,223639.00,4737.2338302,N,12220.2532788,W,1,15,1.0,65.6042,M,-17.3274,M,,*60
$GPGGA,223640.00,4737.2338837,N,12220.2532178,W,1,15,0.8,65.7262,M,-17.3274,M,,*62
$GPGGA,223641.00,4737.2339113,N,12220.2531669,W,1,15,0.8,65.8696,M,-17.3274,M,,*69
$GPGGA,223642.00,4737.2339222,N,12220.2531272,W,1,15,0.8,66.0249,M,-17.3274,M,,*68
$GPGGA,223643.00,4737.2355986,N,12220.2549953,W,5,05,8.3,46.8770,M,-17.3274,M,2.0,0000*4E
$GPGGA,223644.00,4737.2355776,N,12220.2549201,W,5,05,8.3,47.2013,M,-17.3274,M,2.0,0000*4D
$GPGGA,223645.00,4737.2355681,N,12220.2547369,W,5,05,8.3,47.9434,M,-17.3274,M,2.0,0000*4E
$GPGGA,223646.00,4737.2355278,N,12220.2541487,W,5,05,8.3,50.3516,M,-17.3274,M,2.0,0000*43
$GPGGA,223647.00,4737.2354636,N,12220.2533324,W,5,05,8.3,53.8095,M,-17.3274,M,2.0,0000*40
$GPGGA,223648.00,4737.2354090,N,12220.2525203,W,5,05,8.3,57.2307,M,-17.3274,M,2.0,0000*40
$GPGGA,223649.00,4737.2353445,N,12220.2516433,W,5,05,8.3,61.0446,M,-17.3274,M,2.0,0000*4A
$GPGGA,223650.00,4737.2344458,N,12220.2529794,W,1,13,1.1,66.5830,M,-17.3274,M,,*61
$GPGGA,223651.00,4737.2344800,N,12220.2529875,W,1,14,1.0,66.6555,M,-17.3274,M,,*6A
$GPGGA,223652.00,4737.2345411,N,12220.2529754,W,1,14,0.9,66.7483,M,-17.3274,M,,*6B
$GPGGA,223653.00,4737.2345843,N,12220.2530096,W,1,13,0.9,66.8419,M,-17.3274,M,,*6B
$GPGGA,223654.00,4737.2346234,N,12220.2530469,W,1,13,0.9,66.9324,M,-17.3274,M,,*69
$GPGGA,223655.00,4737.2346600,N,12220.2530799,W,1,13,0.9,67.0405,M,-17.3274,M,,*6B
$GPGGA,223656.00,4737.2346907,N,12220.2531083,W,1,13,0.9,67.1328,M,-17.3274,M,,*64
$GPGGA,223657.00,4737.2347175,N,12220.2531374,W,1,13,0.9,67.2332,M,-17.3274,M,,*6A
$GPGGA,223658.00,4737.2347393,N,12220.2531725,W,1,13,0.9,67.3356,M,-17.3274,M,,*6C
$GPGGA,223659.00,4737.2347571,N,12220.2532112,W,1,13,0.9,67.4288,M,-17.3274,M,,*63
$GPGGA,223700.00,4737.2347688,N,12220.2532417,W,1,13,0.9,67.5226,M,-17.3274,M,,*6E
$GPGGA,223701.00,4737.2347762,N,12220.2532713,W,1,13,0.9,67.6216,M,-17.3274,M,,*6D
$GPGGA,223702.00,4737.2348195,N,12220.2533400,W,1,12,1.0,67.6309,M,-17.3274,M,,*69
$GPGGA,223703.00,4737.2348654,N,12220.2534042,W,1,13,0.9,67.6434,M,-17.3274,M,,*67
$GPGGA,223704.00,4737.2349058,N,12220.2534728,W,1,12,1.0,67.6532,M,-17.3274,M,,*6E
$GPGGA,223705.00,4737.2349436,N,12220.2535387,W,1,12,1.0,67.6484,M,-17.3274,M,,*6F
$GPGGA,223706.00,4737.2349743,N,12220.2536086,W,1,12,1.0,67.6391,M,-17.3274,M,,*6F
$GPGGA,223707.00,4737.2350065,N,12220.2536755,W,1,12,1.0,67.6292,M,-17.3274,M,,*6E
$GPGGA,223708.00,4737.2350342,N,12220.2537379,W,1,12,1.0,67.6253,M,-17.3274,M,,*61
$GPGGA,223709.00,4737.2350601,N,12220.2538017,W,1,12,1.0,67.6157,M,-17.3274,M,,*61
$GPGGA,223710.00,4737.2351029,N,12220.2538653,W,1,13,0.9,67.5507,M,-17.3274,M,,*69
$GPGGA,223711.00,4737.2351758,N,12220.2539573,W,1,13,0.9,67.4283,M,-17.3274,M,,*63
$GPGGA,223712.00,4737.2352512,N,12220.2540573,W,1,13,1.0,67.2888,M,-17.3274,M,,*6E
$GPGGA,223713.00,4737.2353104,N,12220.2541414,W,1,12,1.0,67.1843,M,-17.3274,M,,*69
$GPGGA,223714.00,4737.2353378,N,12220.2542014,W,1,12,1.0,67.1582,M,-17.3274,M,,*60
$GPGGA,223715.00,4737.2353579,N,12220.2542537,W,1,12,1.0,67.1462,M,-17.3274,M,,*6D
$GPGGA,223716.00,4737.2353746,N,12220.2542991,W,1,12,1.0,67.1326,M,-17.3274,M,,*67
$GPGGA,223717.00,4737.2353898,N,12220.2543335,W,1,12,1.0,67.1102,M,-17.3274,M,,*6B
$GPGGA,223718.00,4737.2354011,N,12220.2543767,W,1,12,1.0,67.0985,M,-17.3274,M,,*6F
$GPGGA,223719.00,4737.2354102,N,12220.2543971,W,1,11,1.2,67.0919,M,-17.3274,M,,*60
$GPGGA,223720.00,4737.2354196,N,12220.2544180,W,1,11,1.2,67.0816,M,-17.3274,M,,*68
$GPGGA,223721.00,4737.2354217,N,12220.2544426,W,1,11,1.2,67.0725,M,-17.3274,M,,*65
$GPGGA,223722.00,4737.2354233,N,12220.2544462,W,1,11,1.2,67.0751,M,-17.3274,M,,*63
$GPGGA,223723.00,4737.2354027,N,12220.2544296,W,1,12,1.0,67.1360,M,-17.3274,M,,*6E
$GPGGA,223724.00,4737.2353835,N,12220.2544165,W,1,12,1.0,67.1935,M,-17.3274,M,,*60
$GPGGA,223725.00,4737.2353641,N,12220.2544040,W,1,12,1.0,67.2706,M,-17.3274,M,,*67
$GPGGA,223726.00,4737.2353449,N,12220.2543897,W,1,12,1.0,67.3240,M,-17.3274,M,,*6D
$GPGGA,223727.00,4737.2353471,N,12220.2543882,W,1,12,1.0,67.3284,M,-17.3274,M,,*6B
$GPGGA,223728.00,4737.2353484,N,12220.2543871,W,1,12,1.0,67.3445,M,-17.3274,M,,*69
$GPGGA,223729.00,4737.2353501,N,12220.2543878,W,1,12,1.0,67.3450,M,-17.3274,M,,*69
$GPGGA,223730.00,4737.2353400,N,12220.2543140,W,1,13,0.9,67.2895,M,-17.3274,M,,*6E
$GPGGA,223731.00,4737.2353066,N,12220.2540729,W,1,12,1.1,67.0747,M,-17.3274,M,,*6B
$GPGGA,223732.00,4737.2352737,N,12220.2538385,W,1,12,1.1,66.8496,M,-17.3274,M,,*61
$GPGGA,223733.00,4737.2352720,N,12220.2536045,W,1,13,1.1,66.6122,M,-17.3274,M,,*62
$GPGGA,223734.00,4737.2353253,N,12220.2533008,W,1,13,1.1,66.2722,M,-17.3274,M,,*6B
$GPGGA,223735.00,4737.2353605,N,12220.2530804,W,1,13,1.0,66.0092,M,-17.3274,M,,*65
$GPGGA,223736.00,4737.2353684,N,12220.2529916,W,1,13,1.0,65.8043,M,-17.3274,M,,*62
$GPGGA,223737.00,4737.2353742,N,12220.2529135,W,1,13,1.0,65.6112,M,-17.3274,M,,*6A
$GPGGA,223738.00,4737.2353772,N,12220.2528474,W,1,13,1.0,65.4325,M,-17.3274,M,,*63
$GPGGA,223739.00,4737.2353823,N,12220.2527889,W,1,13,1.0,65.2683,M,-17.3274,M,,*67
$GPGGA,223740.00,4737.2353779,N,12220.2527266,W,1,13,1.0,65.1386,M,-17.3274,M,,*61
$GPGGA,223741.00,4737.2353641,N,12220.2526538,W,1,12,1.1,65.0431,M,-17.3274,M,,*6D
$GPGGA,223742.00,4737.2353350,N,12220.2525473,W,1,12,1.1,64.9873,M,-17.3274,M,,*64
$GPGGA,223743.00,4737.2353097,N,12220.2524588,W,1,12,1.1,64.9103,M,-17.3274,M,,*67
$GPGGA,223744.00,4737.2352837,N,12220.2523617,W,1,12,1.1,64.8543,M,-17.3274,M,,*60
$GPGGA,223745.00,4737.2352646,N,12220.2522714,W,1,12,1.1,64.7943,M,-17.3274,M,,*69
$GPGGA,223746.00,4737.2352420,N,12220.2522161,W,1,12,1.1,64.7594,M,-17.3274,M,,*6A
$GPGGA,223747.00,4737.2352259,N,12220.2521462,W,1,12,1.1,64.7333,M,-17.3274,M,,*6D
$GPGGA,223748.00,4737.2352107,N,12220.2521001,W,1,12,1.1,64.6873,M,-17.3274,M,,*65
$GPGGA,223749.00,4737.2351714,N,12220.2520120,W,1,13,1.0,64.7118,M,-17.3274,M,,*65
$GPGGA,223750.00,4737.2351351,N,12220.2519440,W,1,13,1.0,64.7457,M,-17.3274,M,,*6F
$GPGGA,223751.00,4737.2351039,N,12220.2518879,W,1,13,1.0,64.7821,M,-17.3274,M,,*69
$GPGGA,223752.00,4737.2350974,N,12220.2518647,W,1,12,1.1,64.7891,M,-17.3274,M,,*63
$GPGGA,223753.00,4737.2351030,N,12220.2518648,W,1,12,1.1,64.7485,M,-17.3274,M,,*6C
$GPGGA,223754.00,4737.2351122,N,12220.2518604,W,1,11,1.3,64.7080,M,-17.3274,M,,*61
$GPGGA,223755.00,4737.2351070,N,12220.2518809,W,1,12,1.3,64.6738,M,-17.3274,M,,*63
$GPGGA,223756.00,4737.2351003,N,12220.2518939,W,1,12,1.1,64.6412,M,-17.3274,M,,*6F
$GPGGA,223757.00,4737.2351187,N,12220.2519031,W,1,11,1.3,64.6021,M,-17.3274,M,,*66
$GPGGA,223758.00,4737.2353616,N,12220.2512113,W,5,06,2.8,61.2459,M,-17.3274,M,2.0,0000*42
$GPGGA,223759.00,4737.2353207,N,12220.2512624,W,5,06,2.8,61.2568,M,-17.3274,M,2.0,0000*47
$GPGGA,223800.00,4737.2353131,N,12220.2512464,W,5,06,2.8,61.5636,M,-17.3274,M,2.0,0000*4B
$GPGGA,223801.00,4737.2353152,N,12220.2512272,W,5,06,2.8,61.7121,M,-17.3274,M,2.0,0000*4D
$GPGGA,223802.00,4737.2353324,N,12220.2513015,W,5,06,2.8,61.2170,M,-17.3274,M,2.0,0000*4E
$GPGGA,223803.00,4737.2353459,N,12220.2512788,W,5,06,2.8,61.2097,M,-17.3274,M,2.0,0000*48
$GPGGA,223804.00,4737.2353602,N,12220.2513385,W,5,06,2.8,60.7820,M,-17.3274,M,2.0,0000*4B
$GPGGA,223805.00,4737.2353704,N,12220.2512741,W,5,06,2.8,60.8950,M,-17.3274,M,1.0,0000*4A
$GPGGA,223806.00,4737.2353613,N,12220.2511059,W,5,06,2.8,61.5956,M,-17.3274,M,2.0,0000*4A
$GPGGA,223807.00,4737.2353520,N,12220.2509785,W,5,06,2.8,62.1325,M,-17.3274,M,2.0,0000*4E
$GPGGA,223808.00,4737.2353479,N,12220.2510569,W,5,06,2.8,61.8773,M,-17.3274,M,2.0,0000*49
$GPGGA,223809.00,4737.2353504,N,12220.2513166,W,5,06,2.8,60.7763,M,-17.3274,M,2.0,0000*44
$GPGGA,223810.00,4737.2353506,N,12220.2515128,W,5,06,2.8,60.0560,M,-17.3274,M,2.0,0000*44
$GPGGA,223811.00,4737.2353567,N,12220.2515850,W,5,06,2.8,59.9435,M,-17.3274,M,2.0,0000*46
$GPGGA,223812.00,4737.2353721,N,12220.2515699,W,5,06,2.8,59.9960,M,-17.3274,M,2.0,0000*43
$GPGGA,223813.00,4737.2353856,N,12220.2514651,W,5,06,2.8,60.4123,M,-17.3274,M,2.0,0000*40
$GPGGA,223814.00,4737.2353818,N,12220.2512319,W,5,06,2.8,61.4825,M,-17.3274,M,1.0,0000*4F
$GPGGA,223815.00,4737.2353711,N,12220.2509908,W,5,06,2.8,62.7410,M,-17.3274,M,2.0,0000*41
$GPGGA,223816.00,4737.2353572,N,12220.2507818,W,5,06,2.8,63.8836,M,-17.3274,M,2.0,0000*4D
$GPGGA,223817.00,4737.2353497,N,12220.2504528,W,5,06,2.8,65.4179,M,-17.3274,M,2.0,0000*43
$GPGGA,223818.00,4737.2350657,N,12220.2515547,W,1,14,0.9,65.7861,M,-17.3274,M,,*63
$GPGGA,223819.00,4737.2350792,N,12220.2516124,W,1,14,0.9,65.8560,M,-17.3274,M,,*6B
$GPGGA,223820.00,4737.2350903,N,12220.2516584,W,1,15,0.8,65.9364,M,-17.3274,M,,*6A
$GPGGA,223821.00,4737.2351020,N,12220.2517222,W,1,13,0.9,66.0080,M,-17.3274,M,,*6C
$GPGGA,223822.00,4737.2351146,N,12220.2517600,W,1,15,0.9,66.1112,M,-17.3274,M,,*67
$GPGGA,223823.00,4737.2351248,N,12220.2517919,W,1,15,0.8,66.2156,M,-17.3274,M,,*6E
$GPGGA,223824.00,4737.2351373,N,12220.2518586,W,1,14,0.9,66.2743,M,-17.3274,M,,*67
$GPGGA,223825.00,4737.2351583,N,12220.2519037,W,1,14,0.9,66.3681,M,-17.3274,M,,*6F
$GPGGA,223826.00,4737.2351818,N,12220.2519526,W,1,14,0.9,66.4521,M,-17.3274,M,,*68
$GPGGA,223827.00,4737.2352060,N,12220.2519962,W,1,14,0.9,66.5288,M,-17.3274,M,,*64
$GPGGA,223828.00,4737.2352250,N,12220.2520386,W,1,14,0.9,66.6069,M,-17.3274,M,,*6E
$GPGGA,223829.00,4737.2352436,N,12220.2520680,W,1,14,0.9,66.6833,M,-17.3274,M,,*6D
$GPGGA,223830.00,4737.2352632,N,12220.2520974,W,1,14,0.9,66.7510,M,-17.3274,M,,*6A
$GPGGA,223831.00,4737.2352809,N,12220.2521134,W,1,14,0.9,66.8147,M,-17.3274,M,,*69
$GPGGA,223832.00,4737.2352986,N,12220.2521284,W,1,14,0.9,66.8726,M,-17.3274,M,,*65
$GPGGA,223833.00,4737.2353080,N,12220.2521245,W,1,14,0.9,66.9075,M,-17.3274,M,,*67
$GPGGA,223834.00,4737.2353256,N,12220.2521319,W,1,14,0.9,66.9403,M,-17.3274,M,,*64
$GPGGA,223835.00,4737.2355195,N,12220.2520172,W,5,07,1.9,57.8402,M,-17.3274,M,2.0,0000*48
$GPGGA,223836.00,4737.2355187,N,12220.2521543,W,5,07,1.9,57.2294,M,-17.3274,M,2.0,0000*4C
$GPGGA,223837.00,4737.2355201,N,12220.2523178,W,5,07,1.9,56.4760,M,-17.3274,M,2.0,0000*47
$GPGGA,223838.00,4737.2355118,N,12220.2523849,W,5,08,1.3,56.2402,M,-17.3274,M,2.0,0000*4C
$GPGGA,223839.00,4737.2355019,N,12220.2524522,W,5,06,3.5,56.1011,M,-17.3274,M,2.0,0000*45
$GPGGA,223840.00,4737.2354964,N,12220.2520628,W,1,15,0.9,66.9254,M,-17.3274,M,,*69
$GPGGA,223841.00,4737.2355078,N,12220.2523017,W,5,05,7.9,56.4372,M,-17.3274,M,2.0,0000*41
$GPGGA,223842.00,4737.2354811,N,12220.2522766,W,5,05,7.9,56.8333,M,-17.3274,M,2.0,0000*4D
$GPGGA,223843.00,4737.2354688,N,12220.2522749,W,5,07,1.9,57.0190,M,-17.3274,M,2.0,0000*49
$GPGGA,223844.00,4737.2357262,N,12220.2521243,W,1,15,1.0,66.7077,M,-17.3274,M,,*6E
$GPGGA,223845.00,4737.2357627,N,12220.2521035,W,1,15,0.8,66.6345,M,-17.3274,M,,*63
$GPGGA,223846.00,4737.2357980,N,12220.2520814,W,1,15,0.8,66.5712,M,-17.3274,M,,*6D
$GPGGA,223847.00,4737.2358344,N,12220.2520640,W,1,15,0.8,66.5036,M,-17.3274,M,,*6F
$GPGGA,223848.00,4737.2358667,N,12220.2520445,W,1,15,0.8,66.4254,M,-17.3274,M,,*64
$GPGGA,223849.00,4737.2354753,N,12220.2521056,W,5,06,3.5,57.5863,M,-17.3274,M,2.0,0000*41
$GPGGA,223850.00,4737.2359274,N,12220.2520056,W,1,14,1.0,66.2757,M,-17.3274,M,,*64
$GPGGA,223851.00,4737.2359493,N,12220.2519894,W,1,15,0.8,66.2206,M,-17.3274,M,,*6F
$GPGGA,223852.00,4737.2359714,N,12220.2519814,W,1,14,1.0,66.1590,M,-17.3274,M,,*6B
$GPGGA,223853.00,4737.2359908,N,12220.2519713,W,1,15,0.8,66.1024,M,-17.3274,M,,*63
$GPGGA,223854.00,4737.2360142,N,12220.2519556,W,1,15,0.8,66.0439,M,-17.3274,M,,*62
$GPGGA,223855.00,4737.2360356,N,12220.2519508,W,1,15,0.8,65.9840,M,-17.3274,M,,*67
$GPGGA,223856.00,4737.2360598,N,12220.2519333,W,1,15,0.8,65.9239,M,-17.3274,M,,*6A
$GPGGA,223857.00,4737.2360849,N,12220.2519376,W,1,15,0.9,65.8511,M,-17.3274,M,,*66
$GPGGA,223858.00,4737.2361052,N,12220.2519259,W,1,15,1.0,65.7981,M,-17.3274,M,,*64
$GPGGA,223859.00,4737.2361250,N,12220.2519073,W,1,15,1.0,65.7599,M,-17.3274,M,,*6A
$GPGGA,223900.00,4737.2361403,N,12220.2518862,W,1,15,0.8,65.7289,M,-17.3274,M,,*61
$GPGGA,223901.00,4737.2361678,N,12220.2519155,W,1,16,0.9,65.6974,M,-17.3274,M,,*68
$GPGGA,223902.00,4737.2362035,N,12220.2519539,W,1,16,0.8,65.7006,M,-17.3274,M,,*65
$GPGGA,223903.00,4737.2362347,N,12220.2519803,W,1,16,0.9,65.7007,M,-17.3274,M,,*66
$GPGGA,223904.00,4737.2355522,N,12220.2519176,W,5,06,2.9,57.6044,M,-17.3274,M,2.0,0000*47
$GPGGA,223905.00,4737.2355483,N,12220.2519485,W,5,07,2.5,57.6989,M,-17.3274,M,1.0,0000*43
$GPGGA,223906.00,4737.2355467,N,12220.2519480,W,5,07,2.5,57.8625,M,-17.3274,M,2.0,0000*4B
$GPGGA,223907.00,4737.2355401,N,12220.2519619,W,5,06,2.8,58.0544,M,-17.3274,M,2.0,0000*47
$GPGGA,223908.00,4737.2355418,N,12220.2520072,W,5,07,1.9,58.0660,M,-17.3274,M,2.0,0000*47
$GPGGA,223909.00,4737.2355447,N,12220.2520490,W,5,07,1.9,57.9896,M,-17.3274,M,2.0,0000*45
$GPGGA,223910.00,4737.2355466,N,12220.2521352,W,5,07,1.9,57.7629,M,-17.3274,M,3.0,0000*43
$GPGGA,223911.00,4737.2365746,N,12220.2525503,W,1,16,0.8,65.8147,M,-17.3274,M,,*6E
$GPGGA,223912.00,4737.2365967,N,12220.2526171,W,1,16,0.8,65.8362,M,-17.3274,M,,*67
$GPGGA,223913.00,4737.2366278,N,12220.2527193,W,1,16,0.8,65.8794,M,-17.3274,M,,*60
$GPGGA,223914.00,4737.2366578,N,12220.2527340,W,1,15,0.8,65.8564,M,-17.3274,M,,*62
$GPGGA,223915.00,4737.2366631,N,12220.2528241,W,1,15,0.9,65.8152,M,-17.3274,M,,*62
$GPGGA,223916.00,4737.2366831,N,12220.2528616,W,1,15,1.0,65.7333,M,-17.3274,M,,*6B
$GPGGA,223917.00,4737.2366884,N,12220.2528753,W,1,15,0.9,65.6610,M,-17.3274,M,,*69
$GPGGA,223918.00,4737.2367026,N,12220.2528690,W,1,15,0.9,65.5830,M,-17.3274,M,,*66
$GPGGA,223919.00,4737.2367184,N,12220.2528407,W,1,15,0.9,65.5368,M,-17.3274,M,,*64
$GPGGA,223920.00,4737.2367373,N,12220.2528172,W,1,15,0.9,65.4886,M,-17.3274,M,,*69
$GPGGA,223921.00,4737.2367546,N,12220.2528080,W,1,15,0.9,65.4606,M,-17.3274,M,,*62
$GPGGA,223922.00,4737.2367668,N,12220.2528060,W,1,15,0.9,65.4204,M,-17.3274,M,,*66
$GPGGA,223923.00,4737.2367932,N,12220.2528401,W,1,16,0.8,65.4137,M,-17.3274,M,,*65
$GPGGA,223924.00,4737.2344659,N,12220.2585798,W,5,07,1.9,56.4062,M,-17.3275,M,2.0,0000*4D
$GPGGA,223925.00,4737.2338050,N,12220.2597531,W,5,08,1.4,59.8081,M,-17.3275,M,2.0,0000*46
$GPGGA,223926.00,4737.2336545,N,12220.2603555,W,5,06,1.8,60.7718,M,-17.3275,M,2.0,0000*46
$GPGGA,223927.00,4737.2335662,N,12220.2606429,W,5,06,1.8,60.6573,M,-17.3275,M,2.0,0000*43
$GPGGA,223928.00,4737.2335452,N,12220.2610018,W,5,06,1.8,60.6972,M,-17.3275,M,2.0,0000*41
$GPGGA,223929.00,4737.2333800,N,12220.2608193,W,5,09,1.3,60.5860,M,-17.3275,M,2.0,0000*43
$GPGGA,223930.00,4737.2332542,N,12220.2608621,W,5,06,1.8,60.6362,M,-17.3275,M,2.0,0000*41
$GPGGA,223931.00,4737.2332882,N,12220.2611313,W,5,06,1.8,60.7207,M,-17.3275,M,2.0,0000*4E
$GPGGA,223932.00,4737.2333915,N,12220.2613516,W,5,06,1.8,60.7121,M,-17.3275,M,2.0,0000*45
$GPGGA,223933.00,4737.2334647,N,12220.2613177,W,5,06,1.8,60.8114,M,-17.3275,M,2.0,0000*41
$GPGGA,223934.00,4737.2335043,N,12220.2611463,W,5,06,1.8,60.8362,M,-17.3275,M,2.0,0000*44
$GPGGA,223935.00,4737.2335989,N,12220.2608592,W,5,06,1.8,61.0001,M,-17.3275,M,2.0,0000*42
$GPGGA,223936.00,4737.2337157,N,12220.2606256,W,5,06,1.8,61.0744,M,-17.3275,M,1.0,0000*4C
$GPGGA,223937.00,4737.2337806,N,12220.2604504,W,5,06,1.8,61.1559,M,-17.3275,M,2.0,0000*4E
$GPGGA,223938.00,4737.2337645,N,12220.2604470,W,5,06,1.8,61.0092,M,-17.3275,M,2.0,0000*49
$GPGGA,223939.00,4737.2337667,N,12220.2604384,W,5,06,1.8,60.7122,M,-17.3275,M,2.0,0000*48
$GPGGA,223940.00,4737.2337988,N,12220.2603642,W,5,06,1.8,60.5151,M,-17.3275,M,2.0,0000*46
$GPGGA,223941.00,4737.2338777,N,12220.2604282,W,5,06,1.8,60.3263,M,-17.3275,M,2.0,0000*4D
$GPGGA,223942.00,4737.2339271,N,12220.2604519,W,5,06,1.8,60.2161,M,-17.3275,M,2.0,0000*49
$GPGGA,223943.00,4737.2339620,N,12220.2604153,W,5,06,1.8,60.0818,M,-17.3275,M,2.0,0000*47
$GPGGA,223944.00,4737.2339708,N,12220.2602381,W,5,06,1.8,60.0652,M,-17.3275,M,2.0,0000*40
$GPGGA,223945.00,4737.2340088,N,12220.2599858,W,5,06,1.8,60.1929,M,-17.3275,M,2.0,0000*4C
$GPGGA,223946.00,4737.2340400,N,12220.2597063,W,5,06,1.8,60.4530,M,-17.3275,M,2.0,0000*44
$GPGGA,223947.00,4737.2341070,N,12220.2594906,W,5,06,1.8,60.6523,M,-17.3275,M,2.0,0000*4E
$GPGGA,223948.00,4737.2341515,N,12220.2592858,W,5,06,1.8,60.8593,M,-17.3275,M,2.0,0000*4E
$GPGGA,223949.00,4737.2341879,N,12220.2591328,W,5,06,1.8,60.9194,M,-17.3275,M,2.0,0000*45
$GPGGA,223950.00,4737.2342035,N,12220.2590397,W,5,06,1.8,60.8355,M,-17.3275,M,2.0,0000*45
$GPGGA,223951.00,4737.2341865,N,12220.2590106,W,5,08,1.5,60.7779,M,-17.3275,M,2.0,0000*46
$GPGGA,223952.00,4737.2341771,N,12220.2590164,W,5,08,1.5,60.7759,M,-17.3275,M,2.0,0000*49
$GPGGA,223953.00,4737.2340139,N,12220.2578486,W,5,06,1.8,62.0193,M,-17.3275,M,2.0,0000*4A
$GPGGA,223954.00,4737.2340018,N,12220.2578298,W,5,06,1.8,62.2899,M,-17.3275,M,2.0,0000*47
$GPGGA,223955.00,4737.2340962,N,12220.2579739,W,5,06,1.8,62.3550,M,-17.3275,M,2.0,0000*44
$GPGGA,223956.00,4737.2342756,N,12220.2577435,W,5,09,1.4,62.3288,M,-17.3275,M,1.0,0000*4F
$GPGGA,223957.00,4737.2344474,N,12220.2573521,W,5,09,1.4,62.2462,M,-17.3275,M,2.0,0000*4B
$GPGGA,223958.00,4737.2344815,N,12220.2567791,W,5,08,1.5,62.0360,M,-17.3275,M,2.0,0000*44
$GPGGA,223959.00,4737.2345021,N,12220.2561394,W,5,08,1.5,61.1339,M,-17.3274,M,2.0,0000*43
$GPGGA,224000.00,4737.2345609,N,12220.2558738,W,5,08,1.5,60.3360,M,-17.3274,M,2.0,0000*4A
$GPGGA,224001.00,4737.2345552,N,12220.2557776,W,5,08,1.5,60.3598,M,-17.3274,M,2.0,0000*42
$GPGGA,224002.00,4737.2346302,N,12220.2559502,W,5,08,1.5,60.9339,M,-17.3274,M,2.0,0000*49
$GPGGA,224003.00,4737.2346938,N,12220.2563930,W,5,08,1.5,61.3173,M,-17.3274,M,2.0,0000*48
$GPGGA,224004.00,4737.2346968,N,12220.2568141,W,5,08,1.5,61.5780,M,-17.3275,M,2.0,0000*42
$GPGGA,224005.00,4737.2346695,N,12220.2570548,W,5,06,1.8,61.8189,M,-17.3275,M,2.0,0000*4B
$GPGGA,224006.00,4737.2346195,N,12220.2571842,W,5,08,1.5,61.8337,M,-17.3275,M,2.0,0000*4D
$GPGGA,224007.00,4737.2357711,N,12220.2530702,W,1,15,0.9,64.4010,M,-17.3274,M,,*6F
$GPGGA,224008.00,4737.2346504,N,12220.2569334,W,5,09,1.3,60.9753,M,-17.3275,M,2.0,0000*4D
$GPGGA,224009.00,4737.2346917,N,12220.2566639,W,5,08,4.0,60.1874,M,-17.3274,M,2.0,0000*41
$GPGGA,224010.00,4737.2346966,N,12220.2566709,W,5,08,4.0,60.2569,M,-17.3275,M,2.0,0000*4E
$GPGGA,224011.00,4737.2346891,N,12220.2566017,W,5,08,4.0,60.6757,M,-17.3274,M,2.0,0000*44
$GPGGA,224012.00,4737.2346736,N,12220.2563349,W,5,08,4.0,61.2820,M,-17.3274,M,2.0,0000*42
$GPGGA,224013.00,4737.2346834,N,12220.2561244,W,5,08,4.0,61.6233,M,-17.3274,M,2.0,0000*4C
$GPGGA,224014.00,4737.2347142,N,12220.2560039,W,5,07,4.1,61.5689,M,-17.3274,M,2.0,0000*43
$GPGGA,224015.00,4737.2347799,N,12220.2560611,W,5,07,4.1,61.3815,M,-17.3274,M,2.0,0000*43
$GPGGA,224016.00,4737.2348156,N,12220.2560770,W,5,07,4.1,61.2741,M,-17.3274,M,2.0,0000*43
$GPGGA,224017.00,4737.2350829,N,12220.2529168,W,1,14,1.0,64.2407,M,-17.3274,M,,*62
$GPGGA,224018.00,4737.2347740,N,12220.2560206,W,5,07,6.5,61.4682,M,-17.3274,M,3.0,0000*48
$GPGGA,224019.00,4737.2347185,N,12220.2560507,W,5,07,6.5,61.6765,M,-17.3274,M,2.0,0000*4B
$GPGGA,224020.00,4737.2346618,N,12220.2559572,W,5,07,6.5,61.9467,M,-17.3274,M,2.0,0000*45
$GPGGA,224021.00,4737.2346206,N,12220.2557659,W,5,07,6.5,62.1382,M,-17.3274,M,2.0,0000*4C
$GPGGA,224022.00,4737.2346405,N,12220.2556227,W,5,07,6.5,62.2554,M,-17.3274,M,2.0,0000*48
$GPGGA,224023.00,4737.2346542,N,12220.2555701,W,5,08,1.5,62.3411,M,-17.3274,M,2.0,0000*40
$GPGGA,224024.00,4737.2346241,N,12220.2555457,W,5,07,1.7,62.3472,M,-17.3274,M,2.0,0000*4B
$GPGGA,224025.00,4737.2345656,N,12220.2556057,W,5,07,1.7,62.5246,M,-17.3274,M,2.0,0000*4B
$GPGGA,224026.00,4737.2345006,N,12220.2556749,W,5,07,1.7,62.7368,M,-17.3274,M,2.0,0000*4C
$GPGGA,224027.00,4737.2344587,N,12220.2557575,W,5,07,1.7,62.8619,M,-17.3274,M,2.0,0000*40
$GPGGA,224028.00,4737.2344263,N,12220.2558011,W,5,07,1.7,63.0392,M,-17.3274,M,2.0,0000*45
$GPGGA,224029.00,4737.2343801,N,12220.2558027,W,5,07,1.7,63.2833,M,-17.3274,M,1.0,0000*49
$GPGGA,224030.00,4737.2343251,N,12220.2557654,W,5,07,1.7,63.5776,M,-17.3274,M,2.0,0000*49
$GPGGA,224031.00,4737.2342857,N,12220.2557223,W,5,08,1.5,63.9452,M,-17.3274,M,2.0,0000*45
$GPGGA,224032.00,4737.2349260,N,12220.2527511,W,1,14,1.0,64.2229,M,-17.3274,M,,*64
$GPGGA,224033.00,4737.2349189,N,12220.2528205,W,1,14,1.1,64.1372,M,-17.3274,M,,*61
$GPGGA,224034.00,4737.2349124,N,12220.2528901,W,1,14,0.9,64.0384,M,-17.3274,M,,*6F
$GPGGA,224035.00,4737.2348844,N,12220.2529156,W,1,14,0.9,64.0101,M,-17.3274,M,,*64
$GPGGA,224036.00,4737.2348668,N,12220.2529750,W,1,14,1.0,63.9144,M,-17.3274,M,,*60
$GPGGA,224037.00,4737.2348785,N,12220.2530380,W,1,14,1.0,63.8428,M,-17.3274,M,,*6C
$GPGGA,224038.00,4737.2342722,N,12220.2555814,W,5,06,6.5,63.9063,M,-17.3274,M,2.0,0000*42
$GPGGA,224039.00,4737.2342531,N,12220.2555399,W,5,07,5.3,64.0677,M,-17.3274,M,2.0,0000*44
$GPGGA,224040.00,4737.2342317,N,12220.2555241,W,5,08,1.5,64.1580,M,-17.3274,M,2.0,0000*4B
$GPGGA,224041.00,4737.2342104,N,12220.2555232,W,5,08,1.5,64.2433,M,-17.3274,M,2.0,0000*44
$GPGGA,224042.00,4737.2341880,N,12220.2555256,W,5,07,5.3,64.2385,M,-17.3274,M,2.0,0000*44
$GPGGA,224043.00,4737.2341722,N,12220.2555667,W,5,07,5.3,64.3128,M,-17.3274,M,2.0,0000*40
$GPGGA,224044.00,4737.2341679,N,12220.2555916,W,5,07,5.3,64.3924,M,-17.3274,M,2.0,0000*45
$GPGGA,224045.00,4737.2341796,N,12220.2556462,W,5,07,5.3,64.3308,M,-17.3274,M,2.0,0000*4D
$GPGGA,224046.00,4737.2342008,N,12220.2556316,W,5,07,5.3,64.1992,M,-17.3274,M,2.0,0000*42
$GPGGA,224047.00,4737.2342290,N,12220.2555756,W,5,07,5.3,64.0499,M,-17.3274,M,2.0,0000*44
$GPGGA,224048.00,4737.2342631,N,12220.2555070,W,5,07,5.3,64.0197,M,-17.3274,M,2.0,0000*4C
$GPGGA,224049.00,4737.2342630,N,12220.2554437,W,5,07,5.3,64.1074,M,-17.3274,M,2.0,0000*47
$GPGGA,224050.00,4737.2342453,N,12220.2554147,W,5,07,5.3,64.1856,M,-17.3274,M,2.0,0000*42
$GPGGA,224051.00,4737.2342190,N,12220.2554391,W,5,07,5.3,64.2036,M,-17.3274,M,2.0,0000*4D
$GPGGA,224052.00,4737.2341922,N,12220.2554626,W,5,07,5.3,64.2959,M,-17.3274,M,2.0,0000*45
$GPGGA,224053.00,4737.2341632,N,12220.2554682,W,5,07,5.3,64.3667,M,-17.3274,M,2.0,0000*47
$GPGGA,224054.00,4737.2341696,N,12220.2554610,W,5,07,5.3,64.4302,M,-17.3274,M,2.0,0000*44
$GPGGA,224055.00,4737.2341771,N,12220.2553800,W,5,07,5.3,64.4190,M,-17.3274,M,2.0,0000*4C
$GPGGA,224056.00,4737.2341884,N,12220.2553360,W,5,06,6.8,64.3054,M,-17.3274,M,2.0,0000*40
$GPGGA,224057.00,4737.2342030,N,12220.2553391,W,5,07,1.8,64.2138,M,-17.3274,M,2.0,0000*47
$GPGGA,224058.00,4737.2341813,N,12220.2553307,W,5,07,1.8,64.1825,M,-17.3274,M,2.0,0000*4B
$GPGGA,224059.00,,,,,0,00,,,M,,M,,*40
$GPGGA,224100.00,4737.2341643,N,12220.2553625,W,5,07,1.8,64.3517,M,-17.3274,M,2.0,0000*47
$GPGGA,224101.00,4737.2341540,N,12220.2553286,W,5,07,1.8,64.4321,M,-17.3274,M,2.0,0000*4F
$GPGGA,224102.00,4737.2341485,N,12220.2552989,W,5,07,1.8,64.5083,M,-17.3274,M,2.0,0000*4B
$GPGGA,224103.00,4737.2341567,N,12220.2552734,W,5,07,1.8,64.5485,M,-17.3274,M,2.0,0000*4D
$GPGGA,224104.00,4737.2341635,N,12220.2552850,W,5,07,1.8,64.5916,M,-17.3274,M,1.0,0000*47
$GPGGA,224105.00,4737.2341673,N,12220.2553043,W,5,07,1.8,64.6412,M,-17.3274,M,2.0,0000*46
$GPGGA,224106.00,4737.2341446,N,12220.2553375,W,5,07,1.8,64.7222,M,-17.3274,M,2.0,0000*43
$GPGGA,224107.00,4737.2341286,N,12220.2553706,W,5,07,1.8,64.7979,M,-17.3274,M,2.0,0000*4D
$GPGGA,224108.00,4737.2341142,N,12220.2554010,W,5,07,1.8,64.8900,M,-17.3274,M,2.0,0000*4F
$GPGGA,224109.00,4737.2341219,N,12220.2554244,W,5,07,1.8,64.9431,M,-17.3274,M,2.0,0000*4E
$GPGGA,224110.00,4737.2341459,N,12220.2554360,W,5,07,1.8,64.9598,M,-17.3274,M,2.0,0000*41
$GPGGA,224111.00,4737.2341700,N,12220.2554493,W,5,07,1.8,64.9340,M,-17.3274,M,1.0,0000*44
$GPGGA,224112.00,4737.2341841,N,12220.2554647,W,5,08,1.7,64.8901,M,-17.3274,M,2.0,0000*4B
$GPGGA,224113.00,4737.2341964,N,12220.2554982,W,5,08,1.7,64.8899,M,-17.3274,M,2.0,0000*4A
$GPGGA,224114.00,4737.2341971,N,12220.2555009,W,5,07,5.7,64.8474,M,-17.3274,M,2.0,0000*46
$GPGGA,224115.00,4737.2342035,N,12220.2555118,W,5,09,1.6,64.8156,M,-17.3274,M,2.0,0000*42
$GPGGA,224116.00,4737.2341839,N,12220.2555422,W,5,09,1.6,64.8842,M,-17.3274,M,2.0,0000*46
$GPGGA,224117.00,4737.2341806,N,12220.2555883,W,5,09,1.6,64.9674,M,-17.3274,M,1.0,0000*45
$GPGGA,224118.00,4737.2341793,N,12220.2556233,W,5,09,1.6,65.0561,M,-17.3274,M,2.0,0000*47
$GPGGA,224119.00,4737.2341821,N,12220.2556024,W,5,07,3.9,65.0190,M,-17.3274,M,2.0,0000*4D
$GPGGA,224120.00,4737.2341953,N,12220.2556122,W,5,05,4.9,65.0163,M,-17.3274,M,2.0,0000*4D
$GPGGA,224121.00,4737.2342289,N,12220.2556040,W,5,05,4.9,64.9276,M,-17.3274,M,2.0,0000*49
$GPGGA,224122.00,4737.2343063,N,12220.2558474,W,5,05,4.9,65.3038,M,-17.3274,M,2.0,0000*43
$GPGGA,224123.00,4737.2343012,N,12220.2559137,W,5,07,3.9,65.4353,M,-17.3274,M,2.0,0000*4B
$GPGGA,224124.00,4737.2343340,N,12220.2557819,W,5,05,5.1,65.4533,M,-17.3274,M,2.0,0000*4F
$GPGGA,224125.00,4737.2343607,N,12220.2556839,W,5,07,3.9,65.4462,M,-17.3274,M,2.0,0000*42
$GPGGA,224126.00,4737.2343915,N,12220.2556242,W,5,06,4.3,65.2919,M,-17.3274,M,2.0,0000*40
$GPGGA,224127.00,4737.2344106,N,12220.2556195,W,5,09,3.2,65.1874,M,-17.3274,M,2.0,0000*45
$GPGGA,224128.00,4737.2344325,N,12220.2555721,W,5,09,3.2,65.0169,M,-17.3274,M,2.0,0000*47
$GPGGA,224129.00,4737.2344249,N,12220.2555944,W,5,10,1.7,65.0843,M,-17.3274,M,2.0,0000*4E
$GPGGA,224130.00,4737.2344252,N,12220.2555953,W,5,11,1.1,65.0751,M,-17.3274,M,2.0,0000*41
$GPGGA,224131.00,4737.2344258,N,12220.2556112,W,5,10,1.2,65.0612,M,-17.3274,M,2.0,0000*40
$GPGGA,224132.00,4737.2344566,N,12220.2503511,W,5,07,1.6,72.8033,M,-17.3274,M,2.0,0000*47
$GPGGA,224133.00,4737.2343944,N,12220.2511085,W,5,06,5.4,71.8283,M,-17.3274,M,2.0,0000*4B
$GPGGA,224134.00,4737.2311846,N,12220.2530672,W,1,14,0.8,63.2911,M,-17.3275,M,,*6F
$GPGGA,224135.00,4737.2338701,N,12220.2526227,W,5,07,3.9,68.5887,M,-17.3274,M,2.0,0000*41
$GPGGA,224136.00,4737.2335144,N,12220.2535568,W,5,07,3.9,67.9469,M,-17.3274,M,2.0,0000*49
$GPGGA,224137.00,4737.2338823,N,12220.2534055,W,5,09,1.3,64.6534,M,-17.3274,M,2.0,0000*44
$GPGGA,224138.00,4737.2340779,N,12220.2532364,W,5,07,2.6,61.3934,M,-17.3274,M,2.0,0000*47
$GPGGA,224139.00,4737.2342317,N,12220.2528557,W,5,06,2.1,60.0532,M,-17.3274,M,2.0,0000*4B
$GPGGA,224140.00,4737.2311683,N,12220.2529817,W,1,16,0.8,63.0567,M,-17.3275,M,,*63
$GPGGA,224141.00,4737.2312428,N,12220.2526715,W,1,14,0.9,62.9946,M,-17.3275,M,,*64
$GPGGA,224142.00,4737.2312246,N,12220.2524385,W,1,15,0.9,62.9879,M,-17.3275,M,,*6A
$GPGGA,224143.00,4737.2314386,N,12220.2524440,W,1,14,0.9,62.9303,M,-17.3275,M,,*69
$GPGGA,224144.00,4737.2315736,N,12220.2524113,W,1,16,0.8,62.8428,M,-17.3275,M,,*6F
$GPGGA,224145.00,4737.2317001,N,12220.2523424,W,1,16,0.8,62.7091,M,-17.3274,M,,*61
$GPGGA,224146.00,4737.2318065,N,12220.2522503,W,1,15,0.9,62.5855,M,-17.3274,M,,*6A
$GPGGA,224147.00,4737.2339936,N,12220.2554774,W,5,05,1.9,58.7430,M,-17.3274,M,2.0,0000*48
$GPGGA,224148.00,4737.2340031,N,12220.2555302,W,5,05,1.9,58.8892,M,-17.3274,M,2.0,0000*48
$GPGGA,224149.00,4737.2344092,N,12220.2546333,W,5,06,1.5,56.1935,M,-17.3274,M,3.0,0000*41
$GPGGA,224150.00,4737.2319763,N,12220.2519545,W,1,14,1.0,62.7776,M,-17.3274,M,,*62
$GPGGA,224151.00,4737.2342225,N,12220.2547849,W,5,07,1.8,56.8133,M,-17.3274,M,5.0,0000*4A
$GPGGA,224152.00,4737.2341579,N,12220.2547653,W,5,06,2.0,57.1035,M,-17.3274,M,6.0,0000*47
