$GPGGA,230620.00,4737.5646832,N,12220.3072446,W,1,26,0.6,1.1651,M,-17.3240,M,,*59
$GPGGA,230620.10,4737.5646777,N,12220.3072438,W,1,26,0.6,1.1510,M,-17.3240,M,,*59
$GPGGA,230621.00,4737.5646373,N,12220.3072375,W,1,26,0.6,1.0403,M,-17.3240,M,,*55
$GPGGA,230622.00,4737.5645896,N,12220.3072343,W,1,26,0.6,0.9396,M,-17.3240,M,,*53
$GPGGA,230623.00,4737.5645470,N,12220.3072296,W,1,26,0.6,0.8516,M,-17.3240,M,,*50
$GPGGA,230624.00,4737.5645263,N,12220.3072395,W,1,27,0.6,0.7522,M,-17.3240,M,,*58
$GPGGA,230625.00,4737.5644992,N,12220.3072655,W,1,27,0.6,0.6504,M,-17.3240,M,,*51
$GPGGA,230626.00,4737.5644718,N,12220.3072812,W,1,27,0.6,0.5582,M,-17.3240,M,,*5E
$GPGGA,230627.00,4737.5644436,N,12220.3072841,W,1,27,0.6,0.4752,M,-17.3240,M,,*58
$GPGGA,230628.00,4737.5644374,N,12220.3072771,W,1,27,0.6,0.4353,M,-17.3240,M,,*5F
$GPGGA,230629.00,4737.5644293,N,12220.3072732,W,1,26,0.6,0.3730,M,-17.3240,M,,*56
$GPGGA,230630.00,4737.5644255,N,12220.3072684,W,1,27,0.6,0.3050,M,-17.3240,M,,*58
$GPGGA,230631.00,4737.5644172,N,12220.3072656,W,1,26,0.6,0.2339,M,-17.3240,M,,*5C
$GPGGA,230632.00,4737.5643996,N,12220.3072561,W,1,28,0.5,0.1620,M,-17.3240,M,,*5E
$GPGGA,230633.00,4737.5643872,N,12220.3072515,W,1,27,0.6,0.0984,M,-17.3240,M,,*5B
$GPGGA,230634.00,4737.5643740,N,12220.3072404,W,1,27,0.6,0.0430,M,-17.3240,M,,*51
$GPGGA,230635.00,4737.5643620,N,12220.3072274,W,1,27,0.6,-0.0025,M,-17.3240,M,,*7B
$GPGGA,230636.00,4737.5643449,N,12220.3072088,W,1,27,0.6,-0.0521,M,-17.3240,M,,*75
$GPGGA,230637.00,4737.5643305,N,12220.3071894,W,1,27,0.6,-0.0866,M,-17.3240,M,,*73
$GPGGA,230638.00,4737.5643204,N,12220.3071705,W,1,28,0.6,-0.1148,M,-17.3240,M,,*70
$GPGGA,230639.00,4737.5643124,N,12220.3071551,W,1,27,0.6,-0.1588,M,-17.3240,M,,*74
$GPGGA,230640.00,4737.5643061,N,12220.3071453,W,1,27,0.6,-0.1830,M,-17.3240,M,,*77
$GPGGA,230641.00,4737.5643022,N,12220.3071451,W,1,27,0.6,-0.2128,M,-17.3240,M,,*70
$GPGGA,230642.00,4737.5642975,N,12220.3071422,W,1,26,0.6,-0.2441,M,-17.3240,M,,*76
$GPGGA,230643.00,4737.5642949,N,12220.3071310,W,1,26,0.6,-0.2807,M,-17.3240,M,,*70
$GPGGA,230644.00,4737.5642851,N,12220.3071293,W,1,26,0.6,-0.3152,M,-17.3240,M,,*7D
$GPGGA,230645.00,4737.5642777,N,12220.3071345,W,1,27,0.6,-0.3533,M,-17.3240,M,,*7F
$GPGGA,230646.00,4737.5642731,N,12220.3071315,W,1,25,0.7,-0.3861,M,-17.3240,M,,*72
$GPGGA,230647.00,4737.5642755,N,12220.3071116,W,1,25,0.7,-0.3980,M,-17.3240,M,,*7E
$GPGGA,230648.00,4737.5642749,N,12220.3070899,W,1,25,0.7,-0.4066,M,-17.3240,M,,*75
$GPGGA,230649.00,4737.5642791,N,12220.3070701,W,1,26,0.7,-0.4237,M,-17.3240,M,,*7A
$GPGGA,230650.00,4737.5642836,N,12220.3070494,W,1,25,0.7,-0.4329,M,-17.3240,M,,*72
$GPGGA,230651.00,4737.5642845,N,12220.3070423,W,1,26,0.7,-0.4470,M,-17.3240,M,,*73
$GPGGA,230652.00,4737.5642920,N,12220.3070345,W,1,26,0.7,-0.4657,M,-17.3240,M,,*72
$GPGGA,230653.00,4737.5642871,N,12220.3070348,W,1,26,0.6,-0.4775,M,-17.3240,M,,*7B
$GPGGA,230654.00,4737.5642842,N,12220.3070282,W,1,26,0.6,-0.4872,M,-17.3240,M,,*73
$GPGGA,230655.00,4737.5642833,N,12220.3070292,W,1,25,0.6,-0.5006,M,-17.3240,M,,*7C
$GPGGA,230656.00,4737.5642806,N,12220.3070247,W,1,26,0.6,-0.5005,M,-17.3240,M,,*71
$GPGGA,230657.00,4737.5642817,N,12220.3070243,W,1,26,0.6,-0.5018,M,-17.3240,M,,*78
$GPGGA,230658.00,4737.5642822,N,12220.3070251,W,1,26,0.6,-0.5080,M,-17.3240,M,,*73
$GPGGA,230659.00,4737.5642895,N,12220.3070217,W,1,26,0.6,-0.5218,M,-17.3240,M,,*7F
$GPGGA,230700.00,4737.5642943,N,12220.3070215,W,1,25,0.6,-0.5320,M,-17.3240,M,,*73
$GPGGA,230701.00,4737.5642996,N,12220.3070232,W,1,25,0.6,-0.5472,M,-17.3240,M,,*7F
$GPGGA,230702.00,4737.5643038,N,12220.3070224,W,1,25,0.6,-0.5501,M,-17.3240,M,,*72
$GPGGA,230703.00,4737.5643120,N,12220.3070275,W,1,26,0.6,-0.5600,M,-17.3240,M,,*7E
$GPGGA,230704.00,4737.5643133,N,12220.3070350,W,1,25,0.6,-0.5668,M,-17.3240,M,,*70
$GPGGA,230705.00,4737.5643157,N,12220.3070397,W,1,26,0.6,-0.5695,M,-17.3240,M,,*79
$GPGGA,230706.00,4737.5643174,N,12220.3070518,W,1,25,0.6,-0.5701,M,-17.3240,M,,*75
$GPGGA,230707.00,4737.5643154,N,12220.3070638,W,1,26,0.6,-0.5751,M,-17.3240,M,,*71
$GPGGA,230708.00,4737.5643082,N,12220.3070776,W,1,27,0.6,-0.5735,M,-17.3240,M,,*7C
$GPGGA,230709.00,4737.5643070,N,12220.3070799,W,1,27,0.6,-0.5670,M,-17.3240,M,,*71
$GPGGA,230710.00,4737.5643033,N,12220.3070863,W,1,27,0.6,-0.5747,M,-17.3240,M,,*71
$GPGGA,230711.00,4737.5643015,N,12220.3070876,W,1,28,0.6,-0.5808,M,-17.3240,M,,*7B
$GPGGA,230712.00,4737.5642976,N,12220.3070890,W,1,29,0.5,-0.5835,M,-17.3240,M,,*71
$GPGGA,230713.00,4737.5642940,N,12220.3070926,W,1,27,0.6,-0.5899,M,-17.3240,M,,*72
$GPGGA,230714.00,4737.5642896,N,12220.3070909,W,1,27,0.6,-0.5954,M,-17.3240,M,,*72
$GPGGA,230715.00,4737.5642850,N,12220.3070885,W,1,27,0.6,-0.5965,M,-17.3240,M,,*7E
$GPGGA,230716.00,4737.5642833,N,12220.3070900,W,1,27,0.6,-0.6025,M,-17.3240,M,,*7A
$GPGGA,230717.00,4737.5642830,N,12220.3070906,W,1,27,0.6,-0.6035,M,-17.3240,M,,*7F
$GPGGA,230718.00,4737.5642848,N,12220.3070864,W,1,27,0.6,-0.5976,M,-17.3240,M,,*77
$GPGGA,230719.00,4737.5642875,N,12220.3070872,W,1,27,0.6,-0.5875,M,-17.3240,M,,*7D
$GPGGA,230720.00,4737.5642927,N,12220.3070884,W,1,28,0.5,-0.5752,M,-17.3240,M,,*7E
$GPGGA,230721.00,4737.5642962,N,12220.3070876,W,1,28,0.5,-0.5698,M,-17.3240,M,,*74
$GPGGA,230722.00,4737.5642973,N,12220.3070880,W,1,27,0.6,-0.5760,M,-17.3240,M,,*74
$GPGGA,230723.00,4737.5643015,N,12220.3070913,W,1,27,0.6,-0.5707,M,-17.3240,M,,*77
$GPGGA,230724.00,4737.5643070,N,12220.3070995,W,1,27,0.6,-0.5709,M,-17.3240,M,,*73
$GPGGA,230725.00,4737.5643085,N,12220.3071022,W,1,26,0.6,-0.5685,M,-17.3240,M,,*78
$GPGGA,230726.00,4737.5643084,N,12220.3071052,W,1,27,0.6,-0.5654,M,-17.3240,M,,*70
$GPGGA,230727.00,4737.5643042,N,12220.3071054,W,1,27,0.6,-0.5580,M,-17.3240,M,,*77
$GPGGA,230728.00,4737.5643018,N,12220.3071063,W,1,27,0.6,-0.5548,M,-17.3240,M,,*77
$GPGGA,230729.00,4737.5642980,N,12220.3071067,W,1,27,0.6,-0.5490,M,-17.3240,M,,*7F
$GPGGA,230730.00,4737.5642926,N,12220.3071068,W,1,27,0.6,-0.5489,M,-17.3240,M,,*7C
$GPGGA,230731.00,4737.5642893,N,12220.3071063,W,1,27,0.6,-0.5496,M,-17.3240,M,,*77
$GPGGA,230732.00,4737.5642883,N,12220.3071100,W,1,27,0.6,-0.5439,M,-17.3240,M,,*74
$GPGGA,230733.00,4737.5642876,N,12220.3071111,W,1,27,0.6,-0.5471,M,-17.3240,M,,*73
$GPGGA,230734.00,4737.5642885,N,12220.3071128,W,1,27,0.6,-0.5454,M,-17.3240,M,,*75
$GPGGA,230735.00,4737.5642888,N,12220.3071170,W,1,28,0.6,-0.5429,M,-17.3240,M,,*71
$GPGGA,230736.00,4737.5642886,N,12220.3071171,W,1,28,0.6,-0.5415,M,-17.3240,M,,*72
$GPGGA,230737.00,4737.5642912,N,12220.3071212,W,1,27,0.6,-0.5344,M,-17.3240,M,,*75
$GPGGA,230738.00,4737.5642926,N,12220.3071232,W,1,27,0.6,-0.5377,M,-17.3240,M,,*7F
$GPGGA,230739.00,4737.5642911,N,12220.3071233,W,1,27,0.6,-0.5422,M,-17.3240,M,,*7C
$GPGGA,230740.00,4737.5642867,N,12220.3071237,W,1,26,0.6,-0.5444,M,-17.3240,M,,*77
$GPGGA,230741.00,4737.5642873,N,12220.3071241,W,1,27,0.6,-0.5419,M,-17.3240,M,,*7B
$GPGGA,230742.00,4737.5642862,N,12220.3071257,W,1,27,0.6,-0.5472,M,-17.3240,M,,*72
$GPGGA,230743.00,4737.5642821,N,12220.3071254,W,1,28,0.6,-0.5465,M,-17.3240,M,,*7E
$GPGGA,230744.00,4737.5642825,N,12220.3071237,W,1,27,0.6,-0.5489,M,-17.3240,M,,*75
$GPGGA,230745.00,4737.5642799,N,12220.3071256,W,1,27,0.6,-0.5502,M,-17.3240,M,,*79
$GPGGA,230746.00,4737.5642782,N,12220.3071261,W,1,28,0.6,-0.5459,M,-17.3240,M,,*74
$GPGGA,230747.00,4737.5642776,N,12220.3071251,W,1,28,0.6,-0.5326,M,-17.3240,M,,*72
$GPGGA,230748.00,4737.5642763,N,12220.3071263,W,1,28,0.6,-0.5278,M,-17.3240,M,,*72
$GPGGA,230749.00,4737.5642758,N,12220.3071280,W,1,28,0.6,-0.5157,M,-17.3240,M,,*78
$GPGGA,230750.00,4737.5642781,N,12220.3071265,W,1,29,0.5,-0.5000,M,-17.3240,M,,*7E
$GPGGA,230751.00,4737.5642789,N,12220.3071272,W,1,28,0.6,-0.4991,M,-17.3240,M,,*73
$GPGGA,230752.00,4737.5642771,N,12220.3071318,W,1,29,0.6,-0.4990,M,-17.3240,M,,*7A
$GPGGA,230753.00,4737.5642768,N,12220.3071314,W,1,29,0.6,-0.4984,M,-17.3240,M,,*7A
$GPGGA,230754.00,4737.5642767,N,12220.3071301,W,1,29,0.6,-0.4944,M,-17.3240,M,,*7A
$GPGGA,230755.00,4737.5642777,N,12220.3071302,W,1,29,0.6,-0.4895,M,-17.3240,M,,*74
$GPGGA,230756.00,4737.5642758,N,12220.3071301,W,1,29,0.6,-0.4870,M,-17.3240,M,,*72
$GPGGA,230757.00,4737.5642730,N,12220.3071347,W,1,29,0.6,-0.4901,M,-17.3240,M,,*78
$GPGGA,230758.00,4737.5642721,N,12220.3071334,W,1,29,0.6,-0.4783,M,-17.3240,M,,*77
$GPGGA,230759.00,4737.5642700,N,12220.3071336,W,1,28,0.6,-0.4731,M,-17.3240,M,,*7F
$GPGGA,230800.00,4737.5642689,N,12220.3071334,W,1,30,0.5,-0.4590,M,-17.3240,M,,*7D
$GPGGA,230801.00,4737.5642672,N,12220.3071338,W,1,28,0.6,-0.4439,M,-17.3240,M,,*7C
$GPGGA,230802.00,4737.5642642,N,12220.3071343,W,1,30,0.5,-0.4317,M,-17.3240,M,,*71
$GPGGA,230803.00,4737.5642636,N,12220.3071354,W,1,30,0.5,-0.4163,M,-17.3240,M,,*74
$GPGGA,230804.00,4737.5642660,N,12220.3071359,W,1,29,0.5,-0.3997,M,-17.3240,M,,*71
$GPGGA,230805.00,4737.5642650,N,12220.3071328,W,1,29,0.5,-0.3844,M,-17.3240,M,,*7A
$GPGGA,230806.00,4737.5642684,N,12220.3071315,W,1,29,0.5,-0.3621,M,-17.3240,M,,*73
$GPGGA,230807.00,4737.5642717,N,12220.3071307,W,1,29,0.5,-0.3494,M,-17.3240,M,,*76
$GPGGA,230808.00,4737.5642762,N,12220.3071276,W,1,29,0.5,-0.3321,M,-17.3240,M,,*75
$GPGGA,230809.00,4737.5642798,N,12220.3071272,W,1,29,0.5,-0.3246,M,-17.3240,M,,*75
$GPGGA,230810.00,4737.5642832,N,12220.3071265,W,1,29,0.5,-0.3123,M,-17.3240,M,,*74
$GPGGA,230811.00,4737.5642867,N,12220.3071235,W,1,30,0.5,-0.2966,M,-17.3240,M,,*70
$GPGGA,230812.00,4737.5642912,N,12220.3071235,W,1,29,0.5,-0.2806,M,-17.3240,M,,*7F
$GPGGA,230813.00,4737.5642947,N,12220.3071209,W,1,29,0.5,-0.2688,M,-17.3240,M,,*79
$GPGGA,230814.00,4737.5642978,N,12220.3071229,W,1,29,0.5,-0.2604,M,-17.3240,M,,*74
$GPGGA,230815.00,4737.5643022,N,12220.3071212,W,1,29,0.5,-0.2506,M,-17.3240,M,,*7B
$GPGGA,230816.00,4737.5643062,N,12220.3071239,W,1,29,0.5,-0.2471,M,-17.3240,M,,*74
$GPGGA,230817.00,4737.5643091,N,12220.3071243,W,1,29,0.5,-0.2420,M,-17.3240,M,,*70
$GPGGA,230818.00,4737.5643139,N,12220.3071245,W,1,29,0.5,-0.2369,M,-17.3240,M,,*70
$GPGGA,230819.00,4737.5643175,N,12220.3071243,W,1,29,0.5,-0.2306,M,-17.3240,M,,*76
$GPGGA,230820.00,4737.5643199,N,12220.3071220,W,1,29,0.5,-0.2212,M,-17.3240,M,,*7F
$GPGGA,230821.00,4737.5643225,N,12220.3071195,W,1,29,0.5,-0.2117,M,-17.3240,M,,*71
$GPGGA,230822.00,4737.5643265,N,12220.3071175,W,1,29,0.5,-0.2012,M,-17.3240,M,,*7C
$GPGGA,230823.00,4737.5643275,N,12220.3071166,W,1,30,0.5,-0.1922,M,-17.3240,M,,*7F
$GPGGA,230824.00,4737.5643310,N,12220.3071176,W,1,31,0.5,-0.1850,M,-17.3240,M,,*7E
$GPGGA,230825.00,4737.5643362,N,12220.3071161,W,1,31,0.5,-0.1739,M,-17.3240,M,,*7C
$GPGGA,230826.00,4737.5643385,N,12220.3071163,W,1,31,0.5,-0.1691,M,-17.3240,M,,*77
$GPGGA,230827.00,4737.5643418,N,12220.3071151,W,1,31,0.5,-0.1588,M,-17.3240,M,,*7F
$GPGGA,230828.00,4737.5643447,N,12220.3071121,W,1,29,0.5,-0.1548,M,-17.3240,M,,*78
$GPGGA,230829.00,4737.5643484,N,12220.3071144,W,1,29,0.5,-0.1451,M,-17.3240,M,,*7C
$GPGGA,230830.00,4737.5643488,N,12220.3071142,W,1,30,0.5,-0.1408,M,-17.3240,M,,*7A
$GPGGA,230831.00,4737.5643515,N,12220.3071129,W,1,29,0.5,-0.1249,M,-17.3240,M,,*78
$GPGGA,230832.00,4737.5643546,N,12220.3071125,W,1,29,0.5,-0.1156,M,-17.3240,M,,*7C
$GPGGA,230833.00,4737.5643585,N,12220.3071100,W,1,29,0.5,-0.1037,M,-17.3240,M,,*73
$GPGGA,230834.00,4737.5643607,N,12220.3071093,W,1,29,0.5,-0.0933,M,-17.3240,M,,*7A
$GPGGA,230835.00,4737.5643635,N,12220.3071088,W,1,30,0.5,-0.0856,M,-17.3240,M,,*7A
$GPGGA,230836.00,4737.5643650,N,12220.3071070,W,1,29,0.5,-0.0780,M,-17.3240,M,,*71
$GPGGA,230837.00,4737.5643686,N,12220.3071063,W,1,29,0.5,-0.0742,M,-17.3240,M,,*77
$GPGGA,230838.00,4737.5643725,N,12220.3071060,W,1,30,0.5,-0.0671,M,-17.3240,M,,*7A
$GPGGA,230839.00,4737.5643757,N,12220.3071048,W,1,29,0.6,-0.0572,M,-17.3240,M,,*7F
$GPGGA,230840.00,4737.5643802,N,12220.3071031,W,1,30,0.5,-0.0558,M,-17.3240,M,,*73
$GPGGA,230841.00,4737.5643870,N,12220.3071005,W,1,31,0.5,-0.0594,M,-17.3240,M,,*71
$GPGGA,230842.00,4737.5643882,N,12220.3071014,W,1,30,0.5,-0.0434,M,-17.3240,M,,*75
$GPGGA,230843.00,4737.5643942,N,12220.3070357,W,1,28,0.5,-0.0390,M,-17.3240,M,,*7C
$GPGGA,230844.00,4737.5643978,N,12220.3069696,W,1,27,0.5,-0.0052,M,-17.3240,M,,*70
$GPGGA,230845.00,4737.5644195,N,12220.3068452,W,1,27,0.6,-0.0034,M,-17.3240,M,,*75
$GPGGA,230846.00,4737.5644234,N,12220.3066853,W,1,28,0.6,0.0143,M,-17.3240,M,,*5E
$GPGGA,230847.00,4737.5644020,N,12220.3065334,W,1,27,0.6,0.0371,M,-17.3240,M,,*5D
$GPGGA,230848.00,4737.5643919,N,12220.3064199,W,1,30,0.5,0.0501,M,-17.3240,M,,*56
$GPGGA,230849.00,4737.5643959,N,12220.3063363,W,1,30,0.5,0.0662,M,-17.3240,M,,*55
$GPGGA,230850.00,4737.5643984,N,12220.3062861,W,1,29,0.6,0.0838,M,-17.3240,M,,*5F
$GPGGA,230851.00,4737.5643948,N,12220.3062502,W,1,28,0.6,0.0918,M,-17.3240,M,,*54
$GPGGA,230852.00,4737.5643916,N,12220.3062278,W,1,28,0.6,0.1031,M,-17.3240,M,,*55
$GPGGA,230853.00,4737.5643943,N,12220.3062142,W,1,28,0.6,0.1172,M,-17.3240,M,,*58
$GPGGA,230854.00,4737.5643943,N,12220.3062067,W,1,29,0.6,0.1245,M,-17.3240,M,,*5F
$GPGGA,230855.00,4737.5643996,N,12220.3062085,W,1,29,0.6,0.1436,M,-17.3240,M,,*58
$GPGGA,230856.00,4737.5644107,N,12220.3062075,W,1,29,0.6,0.1627,M,-17.3240,M,,*51
$GPGGA,230857.00,4737.5644186,N,12220.3062090,W,1,27,0.6,0.1737,M,-17.3240,M,,*5C
$GPGGA,230858.00,4737.5644321,N,12220.3062141,W,1,26,0.6,0.1901,M,-17.3240,M,,*5B
$GPGGA,230859.00,4737.5644529,N,12220.3062322,W,1,28,0.6,0.1912,M,-17.3240,M,,*5F
$GPGGA,230900.00,4737.5644828,N,12220.3062568,W,1,28,0.6,0.2104,M,-17.3240,M,,*5A
$GPGGA,230901.00,4737.5644988,N,12220.3062705,W,1,29,0.6,0.2304,M,-17.3240,M,,*5A
$GPGGA,230902.00,4737.5644975,N,12220.3062808,W,1,29,0.6,0.2608,M,-17.3240,M,,*50
$GPGGA,230903.00,4737.5644981,N,12220.3062855,W,1,29,0.5,0.2973,M,-17.3240,M,,*52
$GPGGA,230904.00,4737.5645127,N,12220.3062744,W,1,28,0.6,0.3090,M,-17.3240,M,,*58
$GPGGA,230905.00,4737.5645192,N,12220.3062967,W,1,27,0.6,0.3348,M,-17.3240,M,,*51
$GPGGA,230906.00,4737.5645172,N,12220.3063170,W,1,29,0.6,0.3557,M,-17.3240,M,,*55
$GPGGA,230907.00,4737.5644942,N,12220.3063338,W,1,28,0.6,0.3751,M,-17.3240,M,,*55
$GPGGA,230908.00,4737.5644840,N,12220.3063274,W,1,29,0.6,0.4147,M,-17.3240,M,,*57
$GPGGA,230909.00,4737.5644900,N,12220.3063437,W,1,28,0.5,0.4352,M,-17.3240,M,,*56
$GPGGA,230910.00,4737.5644947,N,12220.3063672,W,1,27,0.6,0.4610,M,-17.3240,M,,*51
$GPGGA,230911.00,4737.5644921,N,12220.3063878,W,1,25,0.6,0.4774,M,-17.3240,M,,*55
$GPGGA,230912.00,4737.5644968,N,12220.3063984,W,1,27,0.6,0.4831,M,-17.3240,M,,*55
$GPGGA,230913.00,4737.5645110,N,12220.3064410,W,1,30,0.5,0.4855,M,-17.3240,M,,*52
$GPGGA,230914.00,4737.5645383,N,12220.3064901,W,1,29,0.6,0.4848,M,-17.3240,M,,*57
$GPGGA,230915.00,4737.5645501,N,12220.3065749,W,1,29,0.6,0.4941,M,-17.3240,M,,*51
$GPGGA,230916.00,4737.5645549,N,12220.3066324,W,1,28,0.6,0.4887,M,-17.3240,M,,*58
$GPGGA,230917.00,4737.5645611,N,12220.3066726,W,1,28,0.6,0.4833,M,-17.3240,M,,*5E
$GPGGA,230918.00,4737.5645611,N,12220.3066929,W,1,29,0.6,0.4819,M,-17.3240,M,,*59
$GPGGA,230919.00,4737.5645544,N,12220.3067091,W,1,29,0.6,0.4821,M,-17.3240,M,,*5B
$GPGGA,230920.00,4737.5645448,N,12220.3067148,W,1,29,0.6,0.4954,M,-17.3240,M,,*5A
$GPGGA,230921.00,4737.5645248,N,12220.3067285,W,1,29,0.6,0.5118,M,-17.3240,M,,*5E
$GPGGA,230922.00,4737.5644970,N,12220.3067397,W,1,30,0.5,0.5195,M,-17.3240,M,,*50
$GPGGA,230923.00,4737.5644712,N,12220.3067426,W,1,30,0.5,0.5285,M,-17.3240,M,,*54
$GPGGA,230924.00,4737.5644416,N,12220.3067358,W,1,30,0.5,0.5656,M,-17.3240,M,,*50
$GPGGA,230925.00,4737.5644366,N,12220.3067511,W,1,28,0.6,0.5642,M,-17.3240,M,,*55
$GPGGA,230926.00,4737.5644251,N,12220.3067565,W,1,29,0.6,0.5672,M,-17.3240,M,,*52
$GPGGA,230927.00,4737.5644102,N,12220.3067555,W,1,29,0.6,0.5964,M,-17.3240,M,,*5D
$GPGGA,230928.00,4737.5643974,N,12220.3067618,W,1,29,0.6,0.6023,M,-17.3240,M,,*5F
$GPGGA,230929.00,4737.5643846,N,12220.3067589,W,1,30,0.5,0.6244,M,-17.3240,M,,*5D
$GPGGA,230930.00,4737.5643798,N,12220.3067581,W,1,29,0.6,0.6304,M,-17.3240,M,,*5F
$GPGGA,230931.00,4737.5643699,N,12220.3067560,W,1,29,0.6,0.6483,M,-17.3240,M,,*59
$GPGGA,230932.00,4737.5643607,N,12220.3067511,W,1,29,0.6,0.6685,M,-17.3240,M,,*5F
$GPGGA,230933.00,4737.5643549,N,12220.3067454,W,1,29,0.6,0.6966,M,-17.3240,M,,*55
$GPGGA,230934.00,4737.5643510,N,12220.3067422,W,1,29,0.5,0.7211,M,-17.3240,M,,*56
$GPGGA,230935.00,4737.5643521,N,12220.3067383,W,1,29,0.5,0.7463,M,-17.3240,M,,*5A
$GPGGA,230936.00,4737.5643552,N,12220.3067423,W,1,29,0.5,0.7803,M,-17.3240,M,,*5A
$GPGGA,230937.00,4737.5643581,N,12220.3067457,W,1,29,0.5,0.8071,M,-17.3240,M,,*54
$GPGGA,230938.00,4737.5643621,N,12220.3067484,W,1,29,0.6,0.8375,M,-17.3240,M,,*58
$GPGGA,230939.00,4737.5643653,N,12220.3067494,W,1,28,0.6,0.8654,M,-17.3240,M,,*5A
$GPGGA,230940.00,4737.5643678,N,12220.3067468,W,1,28,0.6,0.9022,M,-17.3240,M,,*58
$GPGGA,230941.00,4737.5643734,N,12220.3067455,W,1,29,0.6,0.9418,M,-17.3240,M,,*52
$GPGGA,230942.00,4737.5643776,N,12220.3067489,W,1,29,0.6,0.9790,M,-17.3240,M,,*55
$GPGGA,230943.00,4737.5643781,N,12220.3067511,W,1,29,0.6,1.0147,M,-17.3240,M,,*58
$GPGGA,230944.00,4737.5643782,N,12220.3067516,W,1,29,0.6,1.0476,M,-17.3240,M,,*5C
$GPGGA,230945.00,4737.5643775,N,12220.3067543,W,1,31,0.5,1.0806,M,-17.3240,M,,*54
$GPGGA,230946.00,4737.5643728,N,12220.3067585,W,1,31,0.5,1.1120,M,-17.3240,M,,*59
$GPGGA,230947.00,4737.5643700,N,12220.3067614,W,1,31,0.5,1.1442,M,-17.3240,M,,*58
$GPGGA,230948.00,4737.5643664,N,12220.3067627,W,1,31,0.5,1.1678,M,-17.3240,M,,*5F
$GPGGA,230949.00,4737.5643649,N,12220.3067520,W,1,30,0.5,1.1917,M,-17.3240,M,,*52
$GPGGA,230950.00,4737.5643627,N,12220.3067413,W,1,29,0.5,1.2080,M,-17.3240,M,,*5F
$GPGGA,230951.00,4737.5643628,N,12220.3067295,W,1,29,0.5,1.2258,M,-17.3240,M,,*5E
$GPGGA,230952.00,4737.5643646,N,12220.3067176,W,1,30,0.5,1.2421,M,-17.3240,M,,*5B
$GPGGA,230953.00,4737.5643649,N,12220.3067112,W,1,30,0.5,1.2570,M,-17.3240,M,,*52
$GPGGA,230954.00,4737.5643661,N,12220.3067031,W,1,30,0.5,1.2776,M,-17.3240,M,,*5B
$GPGGA,230955.00,4737.5643660,N,12220.3066946,W,1,29,0.5,1.2834,M,-17.3240,M,,*52
$GPGGA,230956.00,4737.5643677,N,12220.3066895,W,1,29,0.5,1.3035,M,-17.3240,M,,*50
$GPGGA,230957.00,4737.5643701,N,12220.3066804,W,1,29,0.5,1.3160,M,-17.3240,M,,*58
$GPGGA,230958.00,4737.5643726,N,12220.3066754,W,1,30,0.5,1.3215,M,-17.3240,M,,*51
$GPGGA,230959.00,4737.5643785,N,12220.3066665,W,1,30,0.5,1.3272,M,-17.3240,M,,*5B
$GPGGA,231000.00,4737.5643823,N,12220.3066587,W,1,30,0.5,1.3322,M,-17.3240,M,,*57
$GPGGA,231001.00,4737.5643847,N,12220.3066508,W,1,30,0.5,1.3396,M,-17.3240,M,,*5C
$GPGGA,231002.00,4737.5643870,N,12220.3066463,W,1,30,0.5,1.3462,M,-17.3240,M,,*5B
$GPGGA,231003.00,4737.5643911,N,12220.3066370,W,1,29,0.5,1.3619,M,-17.3240,M,,*5F
$GPGGA,231004.00,4737.5643933,N,12220.3066322,W,1,30,0.5,1.3720,M,-17.3240,M,,*5C
$GPGGA,231005.00,4737.5643953,N,12220.3066344,W,1,31,0.5,1.3856,M,-17.3240,M,,*54
$GPGGA,231006.00,4737.5643987,N,12220.3066287,W,1,30,0.5,1.3891,M,-17.3240,M,,*5A
$GPGGA,231007.00,4737.5644067,N,12220.3066234,W,1,30,0.5,1.4003,M,-17.3240,M,,*57
$GPGGA,231008.00,4737.5644119,N,12220.3066177,W,1,30,0.5,1.4095,M,-17.3240,M,,*5B
$GPGGA,231009.00,4737.5644209,N,12220.3066106,W,1,30,0.5,1.4226,M,-17.3240,M,,*54
$GPGGA,231010.00,4737.5644287,N,12220.3066021,W,1,30,0.5,1.4327,M,-17.3240,M,,*5E
$GPGGA,231011.00,4737.5644387,N,12220.3065975,W,1,31,0.5,1.4476,M,-17.3240,M,,*57
$GPGGA,231012.00,4737.5644458,N,12220.3065983,W,1,31,0.5,1.4553,M,-17.3240,M,,*5E
$GPGGA,231013.00,4737.5644519,N,12220.3065934,W,1,31,0.5,1.4744,M,-17.3240,M,,*53
$GPGGA,231014.00,4737.5644580,N,12220.3065954,W,1,32,0.5,1.4807,M,-17.3240,M,,*59
$GPGGA,231015.00,4737.5644665,N,12220.3065913,W,1,31,0.5,1.4961,M,-17.3240,M,,*51
$GPGGA,231016.00,4737.5644700,N,12220.3065837,W,1,31,0.5,1.5066,M,-17.3240,M,,*58
$GPGGA,231017.00,4737.5644682,N,12220.3065810,W,1,31,0.5,1.5138,M,-17.3240,M,,*5D
$GPGGA,231018.00,4737.5644677,N,12220.3065755,W,1,31,0.5,1.5287,M,-17.3240,M,,*51
$GPGGA,231019.00,4737.5644678,N,12220.3065737,W,1,28,0.6,1.5434,M,-17.3240,M,,*5E
$GPGGA,231020.00,4737.5644641,N,12220.3065651,W,1,30,0.5,1.5503,M,-17.3240,M,,*50
$GPGGA,231021.00,4737.5644597,N,12220.3065626,W,1,30,0.5,1.5579,M,-17.3240,M,,*54
$GPGGA,231022.00,4737.5644590,N,12220.3065567,W,1,29,0.6,1.5647,M,-17.3240,M,,*53
$GPGGA,231023.00,4737.5644542,N,12220.3065506,W,1,31,0.5,1.5716,M,-17.3240,M,,*55
$GPGGA,231024.00,4737.5644520,N,12220.3065449,W,1,30,0.5,1.5796,M,-17.3240,M,,*55
$GPGGA,231025.00,4737.5644526,N,12220.3065409,W,1,30,0.5,1.5928,M,-17.3240,M,,*5D
$GPGGA,231026.00,4737.5644512,N,12220.3065391,W,1,30,0.5,1.5969,M,-17.3240,M,,*5A
$GPGGA,231027.00,4737.5644511,N,12220.3065399,W,1,30,0.5,1.5985,M,-17.3240,M,,*52
$GPGGA,231028.00,4737.5644468,N,12220.3065428,W,1,30,0.5,1.6084,M,-17.3240,M,,*54
$GPGGA,231029.00,4737.5644484,N,12220.3065379,W,1,27,0.6,1.6061,M,-17.3240,M,,*5A
$GPGGA,231030.00,4737.5644491,N,12220.3065352,W,1,27,0.6,1.6094,M,-17.3240,M,,*55
$GPGGA,231031.00,4737.5644482,N,12220.3065305,W,1,27,0.6,1.6101,M,-17.3240,M,,*59
$GPGGA,231032.00,4737.5644425,N,12220.3065287,W,1,27,0.6,1.6019,M,-17.3240,M,,*54
$GPGGA,231033.00,4737.5644438,N,12220.3065267,W,1,28,0.5,1.6115,M,-17.3240,M,,*56
$GPGGA,231034.00,4737.5644435,N,12220.3065256,W,1,28,0.5,1.6154,M,-17.3240,M,,*5B
$GPGGA,231035.00,4737.5644417,N,12220.3065217,W,1,28,0.5,1.6230,M,-17.3240,M,,*5E
$GPGGA,231036.00,4737.5644417,N,12220.3065153,W,1,27,0.6,1.6264,M,-17.3240,M,,*53
$GPGGA,231037.00,4737.5644402,N,12220.3065105,W,1,27,0.6,1.6373,M,-17.3240,M,,*52
$GPGGA,231038.00,4737.5644385,N,12220.3065052,W,1,27,0.6,1.6472,M,-17.3240,M,,*50
$GPGGA,231039.00,4737.5644370,N,12220.3064968,W,1,27,0.6,1.6526,M,-17.3240,M,,*5A
$GPGGA,231040.00,4737.5644344,N,12220.3064932,W,1,29,0.5,1.6589,M,-17.3240,M,,*54
$GPGGA,231041.00,4737.5644368,N,12220.3064876,W,1,28,0.6,1.6698,M,-17.3240,M,,*5B
$GPGGA,231042.00,4737.5644392,N,12220.3064826,W,1,28,0.6,1.6804,M,-17.3240,M,,*53
$GPGGA,231043.00,4737.5644395,N,12220.3064761,W,1,29,0.5,1.6867,M,-17.3240,M,,*5E
$GPGGA,231044.00,4737.5644425,N,12220.3064773,W,1,28,0.6,1.6983,M,-17.3240,M,,*5F
$GPGGA,231045.00,4737.5644554,N,12220.3064700,W,1,29,0.5,1.7172,M,-17.3240,M,,*58
$GPGGA,231046.00,4737.5644601,N,12220.3064693,W,1,27,0.6,1.7290,M,-17.3240,M,,*51
$GPGGA,231047.00,4737.5644616,N,12220.3064682,W,1,28,0.5,1.7376,M,-17.3240,M,,*53
$GPGGA,231048.00,4737.5644587,N,12220.3064674,W,1,28,0.5,1.7445,M,-17.3240,M,,*59
$GPGGA,231049.00,4737.5644578,N,12220.3064688,W,1,29,0.5,1.7528,M,-17.3240,M,,*50
$GPGGA,231050.00,4737.5644568,N,12220.3064648,W,1,28,0.6,1.7588,M,-17.3240,M,,*5D
$GPGGA,231051.00,4737.5644526,N,12220.3064615,W,1,28,0.6,1.7594,M,-17.3240,M,,*53
$GPGGA,231052.00,4737.5644496,N,12220.3064582,W,1,29,0.5,1.7675,M,-17.3240,M,,*59
$GPGGA,231053.00,4737.5644447,N,12220.3064553,W,1,28,0.5,1.7627,M,-17.3240,M,,*5E
$GPGGA,231054.00,4737.5644414,N,12220.3064541,W,1,28,0.5,1.7647,M,-17.3240,M,,*5A
$GPGGA,231055.00,4737.5644369,N,12220.3064505,W,1,29,0.5,1.7647,M,-17.3240,M,,*57
$GPGGA,231056.00,4737.5644373,N,12220.3064500,W,1,29,0.5,1.7642,M,-17.3240,M,,*5F
$GPGGA,231057.00,4737.5644345,N,12220.3064493,W,1,29,0.5,1.7606,M,-17.3240,M,,*50
$GPGGA,231058.00,4737.5644333,N,12220.3064492,W,1,29,0.5,1.7616,M,-17.3240,M,,*5E
$GPGGA,231059.00,4737.5644353,N,12220.3064466,W,1,30,0.5,1.7687,M,-17.3240,M,,*52
$GPGGA,231100.00,4737.5644389,N,12220.3064436,W,1,27,0.6,1.7602,M,-17.3240,M,,*55
$GPGGA,231101.00,4737.5644422,N,12220.3064504,W,1,29,0.5,1.7576,M,-17.3240,M,,*5F
$GPGGA,231102.00,4737.5644433,N,12220.3064498,W,1,30,0.5,1.7721,M,-17.3240,M,,*50
$GPGGA,231103.00,4737.5644435,N,12220.3064493,W,1,29,0.5,1.7742,M,-17.3240,M,,*51
$GPGGA,231104.00,4737.5644414,N,12220.3064503,W,1,29,0.5,1.7755,M,-17.3240,M,,*5B
$GPGGA,231105.00,4737.5644399,N,12220.3064516,W,1,29,0.5,1.7758,M,-17.3240,M,,*51
$GPGGA,231106.00,4737.5644375,N,12220.3064514,W,1,29,0.5,1.7831,M,-17.3240,M,,*52
$GPGGA,231107.00,4737.5644354,N,12220.3064517,W,1,29,0.5,1.7830,M,-17.3240,M,,*52
$GPGGA,231108.00,4737.5644310,N,12220.3064562,W,1,29,0.5,1.7787,M,-17.3240,M,,*5C
$GPGGA,231109.00,4737.5644267,N,12220.3064580,W,1,29,0.5,1.7731,M,-17.3240,M,,*5D
$GPGGA,231110.00,4737.5644226,N,12220.3064603,W,1,29,0.5,1.7751,M,-17.3240,M,,*5E
$GPGGA,231111.00,4737.5644201,N,12220.3064621,W,1,29,0.5,1.7726,M,-17.3240,M,,*5A
$GPGGA,231112.00,4737.5644194,N,12220.3064623,W,1,29,0.5,1.7752,M,-17.3240,M,,*57
$GPGGA,231113.00,4737.5644162,N,12220.3064631,W,1,29,0.5,1.7773,M,-17.3240,M,,*5F
$GPGGA,231114.00,4737.5644142,N,12220.3064641,W,1,29,0.5,1.7751,M,-17.3240,M,,*5D
$GPGGA,231115.00,4737.5644097,N,12220.3064672,W,1,27,0.5,1.7650,M,-17.3240,M,,*5B
$GPGGA,231116.00,4737.5644055,N,12220.3064652,W,1,29,0.5,1.7616,M,-17.3240,M,,*58
$GPGGA,231117.00,4737.5643993,N,12220.3064651,W,1,29,0.5,1.7609,M,-17.3240,M,,*50
$GPGGA,231118.00,4737.5643951,N,12220.3064773,W,1,30,0.5,1.7604,M,-17.3240,M,,*55
$GPGGA,231119.00,4737.5643915,N,12220.3064931,W,1,30,0.5,1.7584,M,-17.3240,M,,*57
$GPGGA,231120.00,4737.5643910,N,12220.3065065,W,1,30,0.5,1.7628,M,-17.3240,M,,*54
$GPGGA,231121.00,4737.5643845,N,12220.3065088,W,1,29,0.5,1.7577,M,-17.3240,M,,*56
$GPGGA,231122.00,4737.5643820,N,12220.3065112,W,1,29,0.5,1.7601,M,-17.3240,M,,*56
$GPGGA,231123.00,4737.5643756,N,12220.3065135,W,1,29,0.5,1.7525,M,-17.3240,M,,*59
$GPGGA,231124.00,4737.5643756,N,12220.3065218,W,1,31,0.5,1.7585,M,-17.3240,M,,*51
$GPGGA,231125.00,4737.5643716,N,12220.3065250,W,1,30,0.5,1.7562,M,-17.3240,M,,*50
$GPGGA,231126.00,4737.5643688,N,12220.3065331,W,1,30,0.5,1.7531,M,-17.3240,M,,*55
$GPGGA,231127.00,4737.5643674,N,12220.3065366,W,1,30,0.5,1.7489,M,-17.3240,M,,*57
$GPGGA,231128.00,4737.5643681,N,12220.3065473,W,1,31,0.5,1.7522,M,-17.3240,M,,*50
$GPGGA,231129.00,4737.5643658,N,12220.3065643,W,1,31,0.5,1.7531,M,-17.3240,M,,*56
$GPGGA,231130.00,4737.5643668,N,12220.3065780,W,1,31,0.5,1.7538,M,-17.3240,M,,*5A
$GPGGA,231131.00,4737.5643672,N,12220.3065933,W,1,30,0.5,1.7568,M,-17.3240,M,,*52
$GPGGA,231132.00,4737.5643698,N,12220.3066062,W,1,28,0.5,1.7713,M,-17.3240,M,,*5C
$GPGGA,231133.00,4737.5643667,N,12220.3066145,W,1,30,0.5,1.7553,M,-17.3240,M,,*56
$GPGGA,231134.00,4737.5643677,N,12220.3066235,W,1,30,0.5,1.7562,M,-17.3240,M,,*56
$GPGGA,231135.00,4737.5643676,N,12220.3066351,W,1,29,0.5,1.7611,M,-17.3240,M,,*5A
$GPGGA,231136.00,4737.5643695,N,12220.3066478,W,1,30,0.5,1.7576,M,-17.3240,M,,*52
$GPGGA,231137.00,4737.5643676,N,12220.3066504,W,1,29,0.5,1.7563,M,-17.3240,M,,*58
$GPGGA,231138.00,4737.5643660,N,12220.3066594,W,1,29,0.5,1.7550,M,-17.3240,M,,*59
$GPGGA,231139.00,4737.5643634,N,12220.3066694,W,1,30,0.5,1.7508,M,-17.3240,M,,*5F
$GPGGA,231140.00,4737.5643625,N,12220.3066821,W,1,29,0.5,1.7528,M,-17.3240,M,,*5B
$GPGGA,231141.00,4737.5643595,N,12220.3066830,W,1,28,0.5,1.7521,M,-17.3240,M,,*5A
$GPGGA,231142.00,4737.5643597,N,12220.3066889,W,1,29,0.5,1.7487,M,-17.3240,M,,*55
$GPGGA,231143.00,4737.5643566,N,12220.3066941,W,1,30,0.5,1.7512,M,-17.3240,M,,*5A
$GPGGA,231144.00,4737.5643579,N,12220.3067005,W,1,29,0.5,1.7598,M,-17.3240,M,,*51
$GPGGA,231145.00,4737.5643565,N,12220.3067004,W,1,30,0.5,1.7587,M,-17.3240,M,,*5A
$GPGGA,231146.00,4737.5643577,N,12220.3067069,W,1,30,0.5,1.7572,M,-17.3240,M,,*5B
$GPGGA,231147.00,4737.5643569,N,12220.3067138,W,1,30,0.5,1.7585,M,-17.3240,M,,*58
$GPGGA,231148.00,4737.5643564,N,12220.3067191,W,1,30,0.5,1.7582,M,-17.3240,M,,*5E
$GPGGA,231149.00,4737.5643576,N,12220.3067248,W,1,30,0.5,1.7551,M,-17.3240,M,,*55
$GPGGA,231150.00,4737.5643533,N,12220.3067176,W,1,29,0.5,1.7595,M,-17.3240,M,,*52
$GPGGA,231151.00,4737.5643537,N,12220.3067218,W,1,29,0.5,1.7551,M,-17.3240,M,,*54
$GPGGA,231152.00,4737.5643507,N,12220.3067243,W,1,30,0.5,1.7517,M,-17.3240,M,,*50
$GPGGA,231153.00,4737.5643493,N,12220.3067303,W,1,30,0.5,1.7466,M,-17.3240,M,,*5F
$GPGGA,231154.00,4737.5643478,N,12220.3067373,W,1,30,0.5,1.7362,M,-17.3240,M,,*59
$GPGGA,231155.00,4737.5643467,N,12220.3067352,W,1,29,0.5,1.7349,M,-17.3240,M,,*54
$GPGGA,231156.00,4737.5643452,N,12220.3067448,W,1,30,0.5,1.7268,M,-17.3240,M,,*57
$GPGGA,231157.00,4737.5643449,N,12220.3067537,W,1,31,0.5,1.7220,M,-17.3240,M,,*58
$GPGGA,231158.00,4737.5643446,N,12220.3067617,W,1,30,0.5,1.7268,M,-17.3240,M,,*54
$GPGGA,231159.00,4737.5643448,N,12220.3067666,W,1,29,0.5,1.7273,M,-17.3240,M,,*5F
$GPGGA,231200.00,4737.5643458,N,12220.3067740,W,1,31,0.5,1.7313,M,-17.3240,M,,*5A
$GPGGA,231201.00,4737.5643451,N,12220.3067793,W,1,31,0.5,1.7300,M,-17.3240,M,,*5E
$GPGGA,231202.00,4737.5643483,N,12220.3067862,W,1,30,0.5,1.7407,M,-17.3240,M,,*52
$GPGGA,231203.00,4737.5643481,N,12220.3067890,W,1,31,0.5,1.7376,M,-17.3240,M,,*5C
$GPGGA,231204.00,4737.5643504,N,12220.3067928,W,1,31,0.5,1.7388,M,-17.3240,M,,*54
$GPGGA,231205.00,4737.5643528,N,12220.3067962,W,1,30,0.5,1.7367,M,-17.3240,M,,*55
$GPGGA,231206.00,4737.5643570,N,12220.3067978,W,1,30,0.5,1.7406,M,-17.3240,M,,*50
$GPGGA,231207.00,4737.5643591,N,12220.3067981,W,1,29,0.5,1.7509,M,-17.3240,M,,*5E
$GPGGA,231208.00,4737.5643605,N,12220.3067981,W,1,30,0.5,1.7518,M,-17.3240,M,,*57
$GPGGA,231209.00,4737.5643596,N,12220.3067963,W,1,29,0.5,1.7489,M,-17.3240,M,,*52
$GPGGA,231210.00,4737.5643591,N,12220.3067969,W,1,29,0.5,1.7468,M,-17.3240,M,,*58
$GPGGA,231211.00,4737.5643593,N,12220.3067971,W,1,29,0.5,1.7396,M,-17.3240,M,,*54
$GPGGA,231212.00,4737.5643578,N,12220.3067989,W,1,29,0.5,1.7393,M,-17.3240,M,,*50
$GPGGA,231213.00,4737.5643554,N,12220.3068000,W,1,29,0.5,1.7387,M,-17.3240,M,,*5D
$GPGGA,231214.00,4737.5643476,N,12220.3068129,W,1,29,0.5,1.7395,M,-17.3240,M,,*52
$GPGGA,231215.00,4737.5643509,N,12220.3068521,W,1,30,0.5,1.7435,M,-17.3240,M,,*53
$GPGGA,231216.00,4737.5643477,N,12220.3068940,W,1,30,0.5,1.7445,M,-17.3240,M,,*54
$GPGGA,231217.00,4737.5643406,N,12220.3069373,W,1,30,0.5,1.7416,M,-17.3240,M,,*5E
$GPGGA,231218.00,4737.5643309,N,12220.3069808,W,1,30,0.5,1.7391,M,-17.3240,M,,*56
$GPGGA,231219.00,4737.5643157,N,12220.3069793,W,1,29,0.5,1.7350,M,-17.3240,M,,*56
$GPGGA,231220.00,4737.5643018,N,12220.3069755,W,1,29,0.5,1.7387,M,-17.3240,M,,*56
$GPGGA,231221.00,4737.5642852,N,12220.3069680,W,1,29,0.5,1.7350,M,-17.3240,M,,*53
$GPGGA,231222.00,4737.5642735,N,12220.3069587,W,1,29,0.5,1.7406,M,-17.3240,M,,*5E
$GPGGA,231223.00,4737.5642665,N,12220.3069520,W,1,29,0.5,1.7359,M,-17.3240,M,,*5B
$GPGGA,231224.00,4737.5642674,N,12220.3069418,W,1,29,0.5,1.7397,M,-17.3240,M,,*54
$GPGGA,231225.00,4737.5642674,N,12220.3069375,W,1,29,0.5,1.7365,M,-17.3240,M,,*54
$GPGGA,231226.00,4737.5642701,N,12220.3069408,W,1,29,0.5,1.7355,M,-17.3240,M,,*5A
$GPGGA,231227.00,4737.5642690,N,12220.3069484,W,1,29,0.5,1.7331,M,-17.3240,M,,*54
$GPGGA,231228.00,4737.5642691,N,12220.3069596,W,1,29,0.5,1.7310,M,-17.3240,M,,*5B
$GPGGA,231229.00,4737.5642663,N,12220.3069696,W,1,29,0.5,1.7304,M,-17.3240,M,,*51
$GPGGA,231230.00,4737.5642655,N,12220.3069785,W,1,29,0.5,1.7311,M,-17.3240,M,,*5B
$GPGGA,231231.00,4737.5642633,N,12220.3069766,W,1,29,0.5,1.7376,M,-17.3240,M,,*56
$GPGGA,231232.00,4737.5642618,N,12220.3069847,W,1,29,0.5,1.7409,M,-17.3240,M,,*5F
$GPGGA,231233.00,4737.5642575,N,12220.3069899,W,1,29,0.5,1.7501,M,-17.3240,M,,*5C
$GPGGA,231234.00,4737.5642621,N,12220.3069919,W,1,28,0.5,1.7434,M,-17.3240,M,,*56
$GPGGA,231235.00,4737.5642601,N,12220.3069945,W,1,29,0.5,1.7319,M,-17.3240,M,,*55
$GPGGA,231236.00,4737.5642432,N,12220.3070159,W,1,28,0.5,1.7142,M,-17.3240,M,,*54
$GPGGA,231237.00,4737.5642368,N,12220.3069951,W,1,29,0.5,1.6956,M,-17.3240,M,,*58
$GPGGA,231238.00,4737.5642125,N,12220.3069705,W,1,29,0.5,1.6979,M,-17.3240,M,,*5E
$GPGGA,231239.00,4737.5641846,N,12220.3069418,W,1,29,0.5,1.6912,M,-17.3240,M,,*52
$GPGGA,231240.00,4737.5641629,N,12220.3069233,W,1,30,0.5,1.6828,M,-17.3240,M,,*54
$GPGGA,231241.00,4737.5641517,N,12220.3069195,W,1,30,0.5,1.6713,M,-17.3240,M,,*53
$GPGGA,231242.00,4737.5641356,N,12220.3069072,W,1,29,0.5,1.6656,M,-17.3240,M,,*53
$GPGGA,231243.00,4737.5641371,N,12220.3069297,W,1,31,0.5,1.6597,M,-17.3240,M,,*59
$GPGGA,231244.00,4737.5641417,N,12220.3069725,W,1,31,0.5,1.6524,M,-17.3240,M,,*5D
$GPGGA,231245.00,4737.5641607,N,12220.3069615,W,1,30,0.5,1.6570,M,-17.3240,M,,*5D
$GPGGA,231246.00,4737.5642001,N,12220.3069442,W,1,30,0.5,1.6312,M,-17.3240,M,,*5F
$GPGGA,231247.00,4737.5642339,N,12220.3069333,W,1,30,0.5,1.6349,M,-17.3240,M,,*59
$GPGGA,231248.00,4737.5642598,N,12220.3069179,W,1,30,0.5,1.6307,M,-17.3240,M,,*5D
$GPGGA,231249.00,4737.5642746,N,12220.3068918,W,1,30,0.5,1.6344,M,-17.3240,M,,*54
$GPGGA,231250.00,4737.5642798,N,12220.3068699,W,1,30,0.5,1.6306,M,-17.3240,M,,*5F
$GPGGA,231251.00,4737.5642755,N,12220.3068595,W,1,29,0.5,1.6365,M,-17.3240,M,,*5D
$GPGGA,231252.00,4737.5642692,N,12220.3068625,W,1,29,0.5,1.6330,M,-17.3240,M,,*5C
$GPGGA,231253.00,4737.5642561,N,12220.3068637,W,1,29,0.5,1.6372,M,-17.3240,M,,*57
$GPGGA,231254.00,4737.5642440,N,12220.3068689,W,1,27,0.6,1.6259,M,-17.3240,M,,*52
$GPGGA,231255.00,4737.5642341,N,12220.3068655,W,1,27,0.5,1.6063,M,-17.3240,M,,*5C
$GPGGA,231256.00,4737.5642243,N,12220.3069084,W,1,29,0.5,1.5995,M,-17.3240,M,,*5A
$GPGGA,231257.00,4737.5642148,N,12220.3069395,W,1,29,0.5,1.5981,M,-17.3240,M,,*55
$GPGGA,231258.00,4737.5642043,N,12220.3069656,W,1,29,0.5,1.5832,M,-17.3240,M,,*53
$GPGGA,231259.00,4737.5641934,N,12220.3069873,W,1,29,0.5,1.5708,M,-17.3240,M,,*57
$GPGGA,231300.00,4737.5641904,N,12220.3069853,W,1,29,0.5,1.5628,M,-17.3240,M,,*58
$GPGGA,231301.00,4737.5641875,N,12220.3069739,W,1,28,0.5,1.5515,M,-17.3240,M,,*51
$GPGGA,231302.00,4737.5641769,N,12220.3069702,W,1,28,0.5,1.5337,M,-17.3240,M,,*5E
$GPGGA,231303.00,4737.5641797,N,12220.3070022,W,1,30,0.5,1.5308,M,-17.3240,M,,*56
$GPGGA,231304.00,4737.5641729,N,12220.3070154,W,1,29,0.5,1.5322,M,-17.3240,M,,*54
$GPGGA,231305.00,4737.5641719,N,12220.3070038,W,1,27,0.5,1.5333,M,-17.3240,M,,*53
$GPGGA,231306.00,4737.5641705,N,12220.3069979,W,1,27,0.6,1.5260,M,-17.3240,M,,*5D
$GPGGA,231307.00,4737.5641736,N,12220.3069882,W,1,29,0.5,1.5203,M,-17.3240,M,,*51
$GPGGA,231308.00,4737.5641760,N,12220.3069718,W,1,31,0.5,1.5065,M,-17.3240,M,,*5A
$GPGGA,231309.00,4737.5641818,N,12220.3069540,W,1,29,0.5,1.4985,M,-17.3240,M,,*5B
$GPGGA,231310.00,4737.5641864,N,12220.3069441,W,1,29,0.5,1.5138,M,-17.3240,M,,*57
$GPGGA,231311.00,4737.5641901,N,12220.3069277,W,1,30,0.5,1.5054,M,-17.3240,M,,*54
$GPGGA,231312.00,4737.5641954,N,12220.3069098,W,1,29,0.5,1.5127,M,-17.3240,M,,*59
$GPGGA,231313.00,4737.5641956,N,12220.3068969,W,1,29,0.5,1.5222,M,-17.3240,M,,*5A
$GPGGA,231314.00,4737.5641973,N,12220.3068821,W,1,29,0.5,1.5243,M,-17.3240,M,,*50
$GPGGA,231315.00,4737.5641981,N,12220.3068683,W,1,29,0.5,1.5231,M,-17.3240,M,,*5F
$GPGGA,231316.00,4737.5641968,N,12220.3068551,W,1,29,0.5,1.5165,M,-17.3240,M,,*55
$GPGGA,231317.00,4737.5641965,N,12220.3068444,W,1,29,0.5,1.5175,M,-17.3240,M,,*5D
$GPGGA,231318.00,4737.5641980,N,12220.3068336,W,1,29,0.5,1.5113,M,-17.3240,M,,*5B
$GPGGA,231319.00,4737.5642014,N,12220.3068213,W,1,29,0.5,1.5164,M,-17.3240,M,,*5B
$GPGGA,231320.00,4737.5642002,N,12220.3068112,W,1,30,0.5,1.5071,M,-17.3240,M,,*59
$GPGGA,231321.00,4737.5642023,N,12220.3068023,W,1,30,0.5,1.5133,M,-17.3240,M,,*5F
$GPGGA,231322.00,4737.5642014,N,12220.3068015,W,1,30,0.5,1.5075,M,-17.3240,M,,*5E
$GPGGA,231323.00,4737.5642017,N,12220.3067999,W,1,30,0.5,1.5079,M,-17.3240,M,,*52
$GPGGA,231324.00,4737.5642058,N,12220.3068007,W,1,28,0.6,1.5153,M,-17.3240,M,,*5C
$GPGGA,231325.00,4737.5642080,N,12220.3067992,W,1,28,0.6,1.5081,M,-17.3240,M,,*5C
$GPGGA,231326.00,4737.5642101,N,12220.3067981,W,1,28,0.6,1.5110,M,-17.3240,M,,*5C
$GPGGA,231327.00,4737.5642081,N,12220.3067971,W,1,28,0.6,1.5068,M,-17.3240,M,,*55
$GPGGA,231328.00,4737.5642089,N,12220.3068007,W,1,28,0.6,1.5013,M,-17.3240,M,,*59
$GPGGA,231329.00,4737.5642095,N,12220.3068004,W,1,29,0.5,1.5042,M,-17.3240,M,,*50
$GPGGA,231330.00,4737.5642076,N,12220.3067994,W,1,29,0.5,1.5023,M,-17.3240,M,,*5D
$GPGGA,231331.00,4737.5642085,N,12220.3068005,W,1,29,0.5,1.4967,M,-17.3240,M,,*56
$GPGGA,231332.00,4737.5642055,N,12220.3068018,W,1,28,0.5,1.4988,M,-17.3240,M,,*54
$GPGGA,231333.00,4737.5642047,N,12220.3067973,W,1,29,0.5,1.4905,M,-17.3240,M,,*59
$GPGGA,231334.00,4737.5642077,N,12220.3067943,W,1,30,0.5,1.4899,M,-17.3240,M,,*52
$GPGGA,231335.00,4737.5642074,N,12220.3067878,W,1,30,0.5,1.4945,M,-17.3240,M,,*59
$GPGGA,231336.00,4737.5642073,N,12220.3067845,W,1,31,0.5,1.4940,M,-17.3240,M,,*57
$GPGGA,231337.00,4737.5642095,N,12220.3067785,W,1,30,0.5,1.4953,M,-17.3240,M,,*5E
$GPGGA,231338.00,4737.5642114,N,12220.3067751,W,1,30,0.5,1.4949,M,-17.3240,M,,*5B
$GPGGA,231339.00,4737.5642136,N,12220.3067774,W,1,29,0.5,1.4995,M,-17.3240,M,,*54
$GPGGA,231340.00,4737.5642150,N,12220.3067783,W,1,28,0.6,1.4974,M,-17.3240,M,,*5F
$GPGGA,231341.00,4737.5642165,N,12220.3067766,W,1,29,0.5,1.5027,M,-17.3240,M,,*5F
$GPGGA,231342.00,4737.5642219,N,12220.3067772,W,1,28,0.5,1.5088,M,-17.3240,M,,*55
$GPGGA,231343.00,4737.5642230,N,12220.3067781,W,1,29,0.5,1.5166,M,-17.3240,M,,*53
$GPGGA,231344.00,4737.5642172,N,12220.3067834,W,1,31,0.5,1.5084,M,-17.3240,M,,*54
$GPGGA,231345.00,4737.5642123,N,12220.3067867,W,1,30,0.5,1.5007,M,-17.3240,M,,*5D
$GPGGA,231346.00,4737.5642065,N,12220.3067852,W,1,30,0.5,1.5009,M,-17.3240,M,,*55
$GPGGA,231347.00,4737.5641990,N,12220.3067819,W,1,30,0.5,1.4953,M,-17.3240,M,,*5C
$GPGGA,231348.00,4737.5641984,N,12220.3067768,W,1,31,0.5,1.4933,M,-17.3240,M,,*58
$GPGGA,231349.00,4737.5641960,N,12220.3067776,W,1,29,0.5,1.5000,M,-17.3240,M,,*5D
$GPGGA,231350.00,4737.5641956,N,12220.3067657,W,1,28,0.5,1.4876,M,-17.3240,M,,*5B
$GPGGA,231351.00,4737.5641951,N,12220.3067587,W,1,29,0.5,1.4871,M,-17.3240,M,,*55
$GPGGA,231352.00,4737.5641919,N,12220.3067483,W,1,29,0.5,1.5048,M,-17.3240,M,,*5C
$GPGGA,231353.00,4737.5641967,N,12220.3067408,W,1,30,0.5,1.5044,M,-17.3240,M,,*53
$GPGGA,231354.00,4737.5641984,N,12220.3067344,W,1,30,0.5,1.5071,M,-17.3240,M,,*50
$GPGGA,231355.00,4737.5642027,N,12220.3067292,W,1,30,0.5,1.5091,M,-17.3240,M,,*56
$GPGGA,231356.00,4737.5642084,N,12220.3067257,W,1,29,0.5,1.5191,M,-17.3240,M,,*5C
$GPGGA,231357.00,4737.5642090,N,12220.3067233,W,1,30,0.5,1.5213,M,-17.3240,M,,*5B
$GPGGA,231358.00,4737.5642097,N,12220.3067221,W,1,30,0.5,1.5241,M,-17.3240,M,,*57
$GPGGA,231359.00,4737.5642065,N,12220.3067260,W,1,31,0.5,1.5169,M,-17.3240,M,,*56
$GPGGA,231400.00,4737.5642056,N,12220.3067269,W,1,31,0.5,1.5170,M,-17.3240,M,,*5C
$GPGGA,231401.00,4737.5642019,N,12220.3067290,W,1,31,0.5,1.5140,M,-17.3240,M,,*53
$GPGGA,231402.00,4737.5641977,N,12220.3067305,W,1,31,0.5,1.5021,M,-17.3240,M,,*59
$GPGGA,231403.00,4737.5641999,N,12220.3067274,W,1,30,0.5,1.5034,M,-17.3240,M,,*5A
$GPGGA,231404.00,4737.5641989,N,12220.3067274,W,1,30,0.5,1.5013,M,-17.3240,M,,*59
$GPGGA,231405.00,4737.5641959,N,12220.3067284,W,1,31,0.5,1.4996,M,-17.3240,M,,*5E
$GPGGA,231406.00,4737.5641949,N,12220.3067254,W,1,30,0.5,1.4971,M,-17.3240,M,,*59
$GPGGA,231407.00,4737.5641948,N,12220.3067254,W,1,28,0.6,1.4938,M,-17.3240,M,,*5E
$GPGGA,231408.00,4737.5641986,N,12220.3067226,W,1,29,0.5,1.4913,M,-17.3240,M,,*5D
$GPGGA,231409.00,4737.5642015,N,12220.3067217,W,1,30,0.5,1.4908,M,-17.3240,M,,*5C
$GPGGA,231410.00,4737.5642033,N,12220.3067181,W,1,29,0.5,1.4896,M,-17.3240,M,,*52
$GPGGA,231411.00,4737.5642089,N,12220.3067168,W,1,28,0.6,1.4951,M,-17.3240,M,,*5D
$GPGGA,231412.00,4737.5642115,N,12220.3067167,W,1,29,0.5,1.4937,M,-17.3240,M,,*57
$GPGGA,231413.00,4737.5642142,N,12220.3067156,W,1,29,0.5,1.5054,M,-17.3240,M,,*5B
$GPGGA,231414.00,4737.5642177,N,12220.3067218,W,1,29,0.5,1.5058,M,-17.3240,M,,*5F
$GPGGA,231415.00,4737.5642204,N,12220.3067185,W,1,29,0.5,1.5061,M,-17.3240,M,,*54
$GPGGA,231416.00,4737.5642225,N,12220.3067220,W,1,29,0.5,1.5081,M,-17.3240,M,,*56
$GPGGA,231417.00,4737.5642256,N,12220.3067258,W,1,28,0.5,1.5054,M,-17.3240,M,,*55
$GPGGA,231418.00,4737.5642274,N,12220.3067296,W,1,28,0.5,1.5013,M,-17.3240,M,,*5B
$GPGGA,231419.00,4737.5642330,N,12220.3067316,W,1,27,0.6,1.5011,M,-17.3240,M,,*5C
$GPGGA,231420.00,4737.5642314,N,12220.3067292,W,1,28,0.6,1.4992,M,-17.3240,M,,*51
$GPGGA,231421.00,4737.5642338,N,12220.3067317,W,1,28,0.6,1.4935,M,-17.3240,M,,*5F
$GPGGA,231422.00,4737.5642339,N,12220.3067318,W,1,28,0.5,1.4893,M,-17.3240,M,,*5C
$GPGGA,231423.00,4737.5642346,N,12220.3067354,W,1,28,0.5,1.4887,M,-17.3240,M,,*58
$GPGGA,231424.00,4737.5642334,N,12220.3067220,W,1,28,0.5,1.4889,M,-17.3240,M,,*56
$GPGGA,231425.00,4737.5642315,N,12220.3067123,W,1,26,0.6,1.4834,M,-17.3240,M,,*5F
$GPGGA,231426.00,4737.5642283,N,12220.3066982,W,1,25,0.6,1.4779,M,-17.3240,M,,*55
$GPGGA,231427.00,4737.5642315,N,12220.3066928,W,1,30,0.5,1.4799,M,-17.3240,M,,*53
$GPGGA,231428.00,4737.5642359,N,12220.3066831,W,1,27,0.6,1.4834,M,-17.3240,M,,*50
$GPGGA,231429.00,4737.5642320,N,12220.3066873,W,1,28,0.5,1.4838,M,-17.3240,M,,*59
$GPGGA,231430.00,4737.5642385,N,12220.3066904,W,1,27,0.6,1.4678,M,-17.3240,M,,*59
$GPGGA,231431.00,4737.5642492,N,12220.3067111,W,1,27,0.5,1.4683,M,-17.3240,M,,*53
$GPGGA,231432.00,4737.5642646,N,12220.3067398,W,1,29,0.5,1.4821,M,-17.3240,M,,*50
$GPGGA,231433.00,4737.5642781,N,12220.3067908,W,1,29,0.5,1.4612,M,-17.3240,M,,*56
$GPGGA,231434.00,4737.5643102,N,12220.3068534,W,1,30,0.5,1.4455,M,-17.3240,M,,*58
$GPGGA,231435.00,4737.5643455,N,12220.3069019,W,1,30,0.5,1.4263,M,-17.3240,M,,*56
$GPGGA,231436.00,4737.5643895,N,12220.3069314,W,1,29,0.5,1.4103,M,-17.3240,M,,*56
$GPGGA,231437.00,4737.5644336,N,12220.3069468,W,1,29,0.5,1.3913,M,-17.3240,M,,*50
$GPGGA,231438.00,4737.5644673,N,12220.3069484,W,1,30,0.5,1.3766,M,-17.3240,M,,*5D
$GPGGA,231439.00,4737.5644907,N,12220.3069546,W,1,30,0.5,1.3593,M,-17.3240,M,,*57
$GPGGA,231440.00,4737.5645061,N,12220.3069532,W,1,30,0.5,1.3471,M,-17.3240,M,,*5F
$GPGGA,231441.00,4737.5645080,N,12220.3069538,W,1,31,0.5,1.3491,M,-17.3240,M,,*54
$GPGGA,231442.00,4737.5645056,N,12220.3069288,W,1,31,0.5,1.3493,M,-17.3240,M,,*52
$GPGGA,231443.00,4737.5644969,N,12220.3069351,W,1,31,0.5,1.3562,M,-17.3240,M,,*5D
$GPGGA,231444.00,4737.5644925,N,12220.3069341,W,1,31,0.5,1.3638,M,-17.3240,M,,*5F
$GPGGA,231445.00,4737.5644884,N,12220.3069289,W,1,31,0.5,1.3758,M,-17.3240,M,,*56
$GPGGA,231446.00,4737.5644841,N,12220.3069144,W,1,28,0.6,1.3774,M,-17.3240,M,,*5B
$GPGGA,231447.00,4737.5644794,N,12220.3068957,W,1,30,0.5,1.3844,M,-17.3240,M,,*50
$GPGGA,231448.00,4737.5644796,N,12220.3068836,W,1,30,0.5,1.4014,M,-17.3240,M,,*51
$GPGGA,231449.00,4737.5644738,N,12220.3068718,W,1,29,0.5,1.4073,M,-17.3240,M,,*5E
$GPGGA,231450.00,4737.5644666,N,12220.3068592,W,1,29,0.5,1.4171,M,-17.3240,M,,*5F
$GPGGA,231451.00,4737.5644593,N,12220.3068465,W,1,28,0.6,1.4246,M,-17.3240,M,,*5B
$GPGGA,231452.00,4737.5644476,N,12220.3068366,W,1,28,0.6,1.4199,M,-17.3240,M,,*57
$GPGGA,231453.00,4737.5644448,N,12220.3068332,W,1,27,0.6,1.4229,M,-17.3240,M,,*5D
$GPGGA,231454.00,4737.5644534,N,12220.3068449,W,1,27,0.6,1.4250,M,-17.3240,M,,*55
$GPGGA,231455.00,4737.5644660,N,12220.3068406,W,1,28,0.5,1.4300,M,-17.3240,M,,*55
$GPGGA,231456.00,4737.5644742,N,12220.3068415,W,1,28,0.5,1.4297,M,-17.3240,M,,*5A
$GPGGA,231457.00,4737.5644779,N,12220.3068411,W,1,28,0.5,1.4151,M,-17.3240,M,,*5E
$GPGGA,231458.00,4737.5644837,N,12220.3068385,W,1,28,0.5,1.4187,M,-17.3240,M,,*55
$GPGGA,231459.00,4737.5644869,N,12220.3068349,W,1,29,0.5,1.4166,M,-17.3240,M,,*51
$GPGGA,231500.00,4737.5644955,N,12220.3068273,W,1,28,0.5,1.4321,M,-17.3240,M,,*5A
$GPGGA,231501.00,4737.5644996,N,12220.3068330,W,1,28,0.5,1.4386,M,-17.3240,M,,*5F
$GPGGA,231502.00,4737.5644993,N,12220.3068302,W,1,28,0.5,1.4370,M,-17.3240,M,,*51
$GPGGA,231503.00,4737.5645036,N,12220.3068076,W,1,30,0.5,1.4340,M,-17.3240,M,,*5D
$GPGGA,231504.00,4737.5645087,N,12220.3067896,W,1,30,0.5,1.4205,M,-17.3240,M,,*59
$GPGGA,231505.00,4737.5645101,N,12220.3067805,W,1,31,0.5,1.4166,M,-17.3240,M,,*5A
$GPGGA,231506.00,4737.5645111,N,12220.3067774,W,1,29,0.5,1.3995,M,-17.3240,M,,*5B
$GPGGA,231507.00,4737.5645103,N,12220.3067755,W,1,28,0.5,1.3928,M,-17.3240,M,,*5D
$GPGGA,231508.00,4737.5645104,N,12220.3067754,W,1,28,0.5,1.3981,M,-17.3240,M,,*57
$GPGGA,231509.00,4737.5645115,N,12220.3067784,W,1,27,0.5,1.3918,M,-17.3240,M,,*54
$GPGGA,231510.00,4737.5645129,N,12220.3067763,W,1,29,0.5,1.3921,M,-17.3240,M,,*5E
$GPGGA,231511.00,4737.5645176,N,12220.3067740,W,1,27,0.5,1.3934,M,-17.3240,M,,*5E
$GPGGA,231512.00,4737.5645239,N,12220.3067719,W,1,29,0.5,1.3948,M,-17.3240,M,,*5C
$GPGGA,231513.00,4737.5645287,N,12220.3067701,W,1,29,0.5,1.3982,M,-17.3240,M,,*57
$GPGGA,231514.00,4737.5645323,N,12220.3067715,W,1,29,0.5,1.3939,M,-17.3240,M,,*5A
$GPGGA,231515.00,4737.5645339,N,12220.3067741,W,1,29,0.5,1.4056,M,-17.3240,M,,*56
$GPGGA,231516.00,4737.5645359,N,12220.3067730,W,1,29,0.5,1.4113,M,-17.3240,M,,*55
$GPGGA,231517.00,4737.5645376,N,12220.3067711,W,1,29,0.5,1.4213,M,-17.3240,M,,*59
$GPGGA,231518.00,4737.5645331,N,12220.3067727,W,1,30,0.5,1.4315,M,-17.3240,M,,*5F
$GPGGA,231519.00,4737.5645304,N,12220.3067741,W,1,29,0.5,1.4414,M,-17.3240,M,,*56
$GPGGA,231520.00,4737.5645321,N,12220.3067757,W,1,29,0.5,1.4412,M,-17.3240,M,,*5A
$GPGGA,231521.00,4737.5645338,N,12220.3067761,W,1,29,0.5,1.4535,M,-17.3240,M,,*52
$GPGGA,231522.00,4737.5645339,N,12220.3067821,W,1,29,0.5,1.4634,M,-17.3240,M,,*59
$GPGGA,231523.00,4737.5645402,N,12220.3067860,W,1,29,0.5,1.4700,M,-17.3240,M,,*54
$GPGGA,231524.00,4737.5645469,N,12220.3067901,W,1,29,0.5,1.4796,M,-17.3240,M,,*57
$GPGGA,231525.00,4737.5645513,N,12220.3067884,W,1,30,0.5,1.4858,M,-17.3240,M,,*53
$GPGGA,231526.00,4737.5645576,N,12220.3067904,W,1,31,0.5,1.4873,M,-17.3240,M,,*52
$GPGGA,231527.00,4737.5645646,N,12220.3067921,W,1,31,0.5,1.4896,M,-17.3240,M,,*5F
$GPGGA,231528.00,4737.5645710,N,12220.3067930,W,1,29,0.5,1.4931,M,-17.3240,M,,*57
$GPGGA,231529.00,4737.5645733,N,12220.3067968,W,1,28,0.5,1.4880,M,-17.3240,M,,*50
$GPGGA,231530.00,4737.5645757,N,12220.3067992,W,1,30,0.5,1.4892,M,-17.3240,M,,*55
$GPGGA,231531.00,4737.5645791,N,12220.3068013,W,1,28,0.5,1.4852,M,-17.3240,M,,*54
$GPGGA,231532.00,4737.5645782,N,12220.3068049,W,1,27,0.6,1.4831,M,-17.3240,M,,*53
$GPGGA,231533.00,4737.5645787,N,12220.3068147,W,1,27,0.6,1.4763,M,-17.3240,M,,*50
$GPGGA,231534.00,4737.5645808,N,12220.3068199,W,1,29,0.5,1.4730,M,-17.3240,M,,*57
$GPGGA,231535.00,4737.5645793,N,12220.3068239,W,1,29,0.5,1.4701,M,-17.3240,M,,*50
$GPGGA,231536.00,4737.5645824,N,12220.3068300,W,1,27,0.6,1.4741,M,-17.3240,M,,*52
$GPGGA,231537.00,4737.5645846,N,12220.3068335,W,1,30,0.5,1.4812,M,-17.3240,M,,*5D
$GPGGA,231538.00,4737.5645851,N,12220.3068378,W,1,28,0.6,1.4825,M,-17.3240,M,,*53
$GPGGA,231539.00,4737.5645867,N,12220.3068435,W,1,28,0.6,1.4728,M,-17.3240,M,,*5B
$GPGGA,231540.00,4737.5645872,N,12220.3068460,W,1,29,0.5,1.4724,M,-17.3240,M,,*5F
$GPGGA,231541.00,4737.5645873,N,12220.3068454,W,1,29,0.5,1.4704,M,-17.3240,M,,*5A
$GPGGA,231542.00,4737.5645834,N,12220.3068473,W,1,27,0.6,1.4684,M,-17.3240,M,,*5B
$GPGGA,231543.00,4737.5645826,N,12220.3068478,W,1,27,0.6,1.4697,M,-17.3240,M,,*50
$GPGGA,231544.00,4737.5645790,N,12220.3068531,W,1,27,0.6,1.4628,M,-17.3240,M,,*5D
$GPGGA,231545.00,4737.5645781,N,12220.3068494,W,1,28,0.5,1.4577,M,-17.3240,M,,*57
$GPGGA,231546.00,4737.5645794,N,12220.3068510,W,1,27,0.6,1.4610,M,-17.3240,M,,*53
$GPGGA,231547.00,4737.5645817,N,12220.3068510,W,1,26,0.6,1.4595,M,-17.3240,M,,*59
$GPGGA,231548.00,4737.5645847,N,12220.3068491,W,1,25,0.6,1.4592,M,-17.3240,M,,*5F
$GPGGA,231549.00,4737.5645884,N,12220.3068483,W,1,29,0.5,1.4672,M,-17.3240,M,,*50
$GPGGA,231550.00,4737.5645899,N,12220.3068458,W,1,26,0.6,1.4635,M,-17.3240,M,,*5D
$GPGGA,231551.00,4737.5645908,N,12220.3068408,W,1,26,0.6,1.4633,M,-17.3240,M,,*56
$GPGGA,231552.00,4737.5645911,N,12220.3068449,W,1,26,0.7,1.4443,M,-17.3240,M,,*5C
$GPGGA,231553.00,4737.5645884,N,12220.3068443,W,1,27,0.6,1.4567,M,-17.3240,M,,*5D
$GPGGA,231554.00,4737.5645880,N,12220.3068417,W,1,25,0.6,1.4555,M,-17.3240,M,,*5C
$GPGGA,231555.00,4737.5645887,N,12220.3068421,W,1,27,0.5,1.4531,M,-17.3240,M,,*5C
$GPGGA,231556.00,4737.5645910,N,12220.3068422,W,1,26,0.6,1.4485,M,-17.3240,M,,*5F
$GPGGA,231557.00,4737.5645936,N,12220.3068407,W,1,25,0.6,1.4528,M,-17.3240,M,,*58
$GPGGA,231558.00,4737.5645982,N,12220.3068426,W,1,26,0.6,1.4542,M,-17.3240,M,,*54
$GPGGA,231559.00,4737.5645968,N,12220.3068375,W,1,25,0.6,1.4483,M,-17.3240,M,,*5F
$GPGGA,231600.00,4737.5645989,N,12220.3068420,W,1,26,0.6,1.4446,M,-17.3240,M,,*52
$GPGGA,231601.00,4737.5646045,N,12220.3068398,W,1,25,0.6,1.4412,M,-17.3240,M,,*5F
$GPGGA,231602.00,4737.5646069,N,12220.3068405,W,1,25,0.6,1.4391,M,-17.3240,M,,*5D
$GPGGA,231603.00,4737.5646119,N,12220.3068420,W,1,26,0.6,1.4479,M,-17.3240,M,,*5F
$GPGGA,231604.00,4737.5646112,N,12220.3068456,W,1,25,0.6,1.4403,M,-17.3240,M,,*5C
$GPGGA,231605.00,4737.5646173,N,12220.3068461,W,1,24,0.7,1.4502,M,-17.3240,M,,*5E
$GPGGA,231606.00,4737.5646143,N,12220.3068550,W,1,27,0.6,1.4325,M,-17.3240,M,,*5C
$GPGGA,231607.00,4737.5646122,N,12220.3068552,W,1,27,0.6,1.4244,M,-17.3240,M,,*5E
$GPGGA,231608.00,4737.5646138,N,12220.3068559,W,1,26,0.6,1.4204,M,-17.3240,M,,*54
$GPGGA,231609.00,4737.5646167,N,12220.3068549,W,1,25,0.7,1.4192,M,-17.3240,M,,*50
$GPGGA,231610.00,4737.5646200,N,12220.3068550,W,1,25,0.7,1.4213,M,-17.3240,M,,*58
$GPGGA,231611.00,4737.5646263,N,12220.3068510,W,1,25,0.7,1.4219,M,-17.3240,M,,*52
$GPGGA,231612.00,4737.5646320,N,12220.3068515,W,1,25,0.7,1.4127,M,-17.3240,M,,*5C
$GPGGA,231613.00,4737.5646347,N,12220.3068487,W,1,26,0.6,1.4070,M,-17.3240,M,,*57
$GPGGA,231614.00,4737.5646407,N,12220.3068468,W,1,25,0.7,1.4017,M,-17.3240,M,,*51
$GPGGA,231615.00,4737.5646446,N,12220.3068475,W,1,26,0.6,1.3929,M,-17.3240,M,,*58
$GPGGA,231616.00,4737.5646472,N,12220.3068358,W,1,26,0.6,1.3974,M,-17.3240,M,,*5C
$GPGGA,231617.00,4737.5646503,N,12220.3068369,W,1,25,0.6,1.3705,M,-17.3240,M,,*53
$GPGGA,231618.00,4737.5646541,N,12220.3068503,W,1,27,0.6,1.3632,M,-17.3240,M,,*57
$GPGGA,231619.00,4737.5646757,N,12220.3068491,W,1,27,0.6,1.3752,M,-17.3240,M,,*5E
$GPGGA,231620.00,4737.5647136,N,12220.3068304,W,1,26,0.6,1.3663,M,-17.3240,M,,*5D
$GPGGA,231621.00,4737.5647568,N,12220.3067777,W,1,28,0.6,1.3637,M,-17.3240,M,,*53
$GPGGA,231622.00,4737.5648050,N,12220.3067622,W,1,27,0.6,1.3651,M,-17.3240,M,,*5F
$GPGGA,231623.00,4737.5648512,N,12220.3067259,W,1,29,0.5,1.3656,M,-17.3240,M,,*5F
$GPGGA,231624.00,4737.5648953,N,12220.3066711,W,1,27,0.5,1.3640,M,-17.3240,M,,*50
$GPGGA,231625.00,4737.5649158,N,12220.3066625,W,1,26,0.6,1.3692,M,-17.3240,M,,*58
$GPGGA,231626.00,4737.5649120,N,12220.3067041,W,1,28,0.5,1.3595,M,-17.3240,M,,*58
$GPGGA,231627.00,4737.5648961,N,12220.3067477,W,1,27,0.6,1.3424,M,-17.3240,M,,*53
$GPGGA,231628.00,4737.5648840,N,12220.3067646,W,1,27,0.6,1.3243,M,-17.3240,M,,*59
$GPGGA,231629.00,4737.5648755,N,12220.3067791,W,1,25,0.6,1.3058,M,-17.3240,M,,*52
$GPGGA,231630.00,4737.5648715,N,12220.3067815,W,1,26,0.6,1.2973,M,-17.3240,M,,*5F
$GPGGA,231631.00,4737.5648617,N,12220.3067799,W,1,25,0.6,1.2868,M,-17.3240,M,,*5E
$GPGGA,231632.00,4737.5648563,N,12220.3067798,W,1,26,0.6,1.2777,M,-17.3240,M,,*5E
$GPGGA,231633.00,4737.5648435,N,12220.3067829,W,1,26,0.6,1.2651,M,-17.3240,M,,*5D
$GPGGA,231634.00,4737.5648285,N,12220.3067872,W,1,26,0.6,1.2431,M,-17.3240,M,,*5D
$GPGGA,231635.00,4737.5648159,N,12220.3068001,W,1,27,0.5,1.2239,M,-17.3240,M,,*51
$GPGGA,231636.00,4737.5648038,N,12220.3068098,W,1,26,0.6,1.2041,M,-17.3240,M,,*5B
$GPGGA,231637.00,4737.5648033,N,12220.3068275,W,1,25,0.6,1.1840,M,-17.3240,M,,*59
$GPGGA,231638.00,4737.5648110,N,12220.3068396,W,1,26,0.6,1.1592,M,-17.3240,M,,*5B
$GPGGA,231639.00,4737.5648275,N,12220.3068366,W,1,27,0.6,1.1407,M,-17.3240,M,,*59
$GPGGA,231640.00,4737.5648566,N,12220.3068220,W,1,26,0.6,1.1295,M,-17.3240,M,,*5D
$GPGGA,231641.00,4737.5648602,N,12220.3068245,W,1,26,0.6,1.1078,M,-17.3240,M,,*5F
$GPGGA,231642.00,4737.5648626,N,12220.3068266,W,1,26,0.6,1.0873,M,-17.3240,M,,*59
$GPGGA,231643.00,4737.5648694,N,12220.3068330,W,1,25,0.7,1.0801,M,-17.3240,M,,*54
$GPGGA,231644.00,4737.5648716,N,12220.3068324,W,1,25,0.6,1.0626,M,-17.3240,M,,*57
$GPGGA,231645.00,4737.5648737,N,12220.3068329,W,1,26,0.6,1.0538,M,-17.3240,M,,*57
$GPGGA,231646.00,4737.5648740,N,12220.3068348,W,1,25,0.6,1.0447,M,-17.3240,M,,*59
$GPGGA,231647.00,4737.5648707,N,12220.3068409,W,1,26,0.6,1.0302,M,-17.3240,M,,*5C
$GPGGA,231648.00,4737.5648698,N,12220.3068466,W,1,26,0.6,1.0232,M,-17.3240,M,,*5F
$GPGGA,231649.00,4737.5648725,N,12220.3068540,W,1,24,0.7,1.0194,M,-17.3240,M,,*50
$GPGGA,231650.00,4737.5648688,N,12220.3068680,W,1,25,0.6,1.0083,M,-17.3240,M,,*56
$GPGGA,231651.00,4737.5648578,N,12220.3068839,W,1,24,0.6,1.0031,M,-17.3240,M,,*5F
$GPGGA,231652.00,4737.5648570,N,12220.3068902,W,1,25,0.6,0.9900,M,-17.3240,M,,*5F
$GPGGA,231653.00,4737.5648552,N,12220.3068964,W,1,27,0.6,0.9830,M,-17.3240,M,,*5E
$GPGGA,231654.00,4737.5648486,N,12220.3069130,W,1,27,0.6,0.9683,M,-17.3240,M,,*5F
$GPGGA,231655.00,4737.5648481,N,12220.3069181,W,1,26,0.6,0.9696,M,-17.3240,M,,*56
$GPGGA,231656.00,4737.5648520,N,12220.3069220,W,1,24,0.7,0.9632,M,-17.3240,M,,*5A
$GPGGA,231657.00,4737.5648580,N,12220.3069304,W,1,24,0.7,0.9585,M,-17.3240,M,,*59
$GPGGA,231658.00,4737.5648520,N,12220.3069405,W,1,24,0.7,0.9470,M,-17.3240,M,,*51
$GPGGA,231659.00,4737.5648488,N,12220.3069517,W,1,25,0.7,0.9412,M,-17.3240,M,,*54
$GPGGA,231700.00,4737.5648426,N,12220.3069702,W,1,26,0.6,0.9329,M,-17.3240,M,,*56
$GPGGA,231701.00,4737.5648414,N,12220.3069798,W,1,26,0.6,0.9268,M,-17.3240,M,,*51
$GPGGA,231702.00,4737.5648303,N,12220.3069938,W,1,27,0.6,0.9155,M,-17.3240,M,,*5B
$GPGGA,231703.00,4737.5648204,N,12220.3070110,W,1,27,0.6,0.9159,M,-17.3240,M,,*5A
$GPGGA,231704.00,4737.5648142,N,12220.3070135,W,1,27,0.6,0.9088,M,-17.3240,M,,*56
$GPGGA,231705.00,4737.5648120,N,12220.3070217,W,1,26,0.6,0.9249,M,-17.3240,M,,*5E
$GPGGA,231706.00,4737.5648042,N,12220.3070336,W,1,26,0.6,0.9154,M,-17.3240,M,,*55
$GPGGA,231707.00,4737.5647963,N,12220.3070430,W,1,27,0.6,0.9219,M,-17.3240,M,,*5B
$GPGGA,231708.00,4737.5647891,N,12220.3070465,W,1,24,0.7,0.9155,M,-17.3240,M,,*51
$GPGGA,231709.00,4737.5647829,N,12220.3070562,W,1,26,0.6,0.9132,M,-17.3240,M,,*57
$GPGGA,231710.00,4737.5647830,N,12220.3070591,W,1,24,0.7,0.9183,M,-17.3240,M,,*52
$GPGGA,231711.00,4737.5647798,N,12220.3070590,W,1,25,0.7,0.9193,M,-17.3240,M,,*5F
$GPGGA,231712.00,4737.5647789,N,12220.3070614,W,1,25,0.6,0.9101,M,-17.3240,M,,*59
$GPGGA,231713.00,4737.5647724,N,12220.3070643,W,1,26,0.6,0.9037,M,-17.3240,M,,*5A
$GPGGA,231714.00,4737.5647703,N,12220.3070629,W,1,26,0.6,0.8961,M,-17.3240,M,,*5F
$GPGGA,231715.00,4737.5647673,N,12220.3070672,W,1,27,0.6,0.8848,M,-17.3240,M,,*5D
$GPGGA,231716.00,4737.5647628,N,12220.3070675,W,1,27,0.6,0.8786,M,-17.3240,M,,*5A
$GPGGA,231717.00,4737.5647583,N,12220.3070626,W,1,26,0.6,0.8719,M,-17.3240,M,,*58
$GPGGA,231718.00,4737.5647534,N,12220.3070622,W,1,28,0.6,0.8476,M,-17.3240,M,,*5B
$GPGGA,231719.00,4737.5647494,N,12220.3070639,W,1,27,0.6,0.8307,M,-17.3240,M,,*55
$GPGGA,231720.00,4737.5647471,N,12220.3070648,W,1,26,0.6,0.8255,M,-17.3240,M,,*55
$GPGGA,231721.00,4737.5647391,N,12220.3070704,W,1,28,0.5,0.8131,M,-17.3240,M,,*58
$GPGGA,231722.00,4737.5647345,N,12220.3070757,W,1,27,0.6,0.8074,M,-17.3240,M,,*58
$GPGGA,231723.00,4737.5647321,N,12220.3070726,W,1,25,0.6,0.8136,M,-17.3240,M,,*58
$GPGGA,231724.00,4737.5646943,N,12220.3071196,W,1,24,0.6,0.8105,M,-17.3240,M,,*5D
$GPGGA,231725.00,4737.5646534,N,12220.3071292,W,1,26,0.6,0.8110,M,-17.3240,M,,*51
$GPGGA,231726.00,4737.5646110,N,12220.3071025,W,1,27,0.6,0.8205,M,-17.3240,M,,*58
$GPGGA,231727.00,4737.5645459,N,12220.3070653,W,1,26,0.6,0.8401,M,-17.3240,M,,*57
$GPGGA,231728.00,4737.5644491,N,12220.3069836,W,1,25,0.6,0.8766,M,-17.3240,M,,*59
$GPGGA,231729.00,4737.5643721,N,12220.3068902,W,1,25,0.6,0.9063,M,-17.3240,M,,*53
$GPGGA,231730.00,4737.5643120,N,12220.3068093,W,1,28,0.6,0.9315,M,-17.3240,M,,*52
$GPGGA,231731.00,4737.5642765,N,12220.3067454,W,1,28,0.6,0.9472,M,-17.3240,M,,*53
$GPGGA,231732.00,4737.5642537,N,12220.3066948,W,1,26,0.6,0.9663,M,-17.3240,M,,*58
$GPGGA,231733.00,4737.5642628,N,12220.3066441,W,1,27,0.6,0.9929,M,-17.3240,M,,*50
$GPGGA,231734.00,4737.5642636,N,12220.3066114,W,1,26,0.6,1.0217,M,-17.3240,M,,*52
$GPGGA,231735.00,4737.5642596,N,12220.3065998,W,1,26,0.6,1.0364,M,-17.3240,M,,*50
$GPGGA,231736.00,4737.5642519,N,12220.3065948,W,1,26,0.6,1.0477,M,-17.3240,M,,*5C
$GPGGA,231737.00,4737.5642540,N,12220.3065920,W,1,28,0.6,1.0488,M,-17.3240,M,,*51
$GPGGA,231738.00,4737.5642565,N,12220.3065979,W,1,27,0.6,1.0459,M,-17.3240,M,,*56
$GPGGA,231739.00,4737.5642650,N,12220.3066038,W,1,25,0.6,1.0484,M,-17.3240,M,,*5F
$GPGGA,231740.00,4737.5642654,N,12220.3066054,W,1,26,0.6,1.0443,M,-17.3240,M,,*57
$GPGGA,231741.00,4737.5642612,N,12220.3066075,W,1,28,0.5,1.0441,M,-17.3240,M,,*58
$GPGGA,231742.00,4737.5642546,N,12220.3066158,W,1,28,0.5,1.0456,M,-17.3240,M,,*51
$GPGGA,231743.00,4737.5642548,N,12220.3066227,W,1,28,0.5,1.0425,M,-17.3240,M,,*51
$GPGGA,231744.00,4737.5642678,N,12220.3066352,W,1,23,0.7,1.0091,M,-17.3240,M,,*57
$GPGGA,231745.00,4737.5642682,N,12220.3066426,W,1,25,0.6,1.0022,M,-17.3240,M,,*58
$GPGGA,231746.00,4737.5642608,N,12220.3066387,W,1,24,0.6,0.9967,M,-17.3240,M,,*54
$GPGGA,231747.00,4737.5642544,N,12220.3066235,W,1,27,0.5,0.9815,M,-17.3240,M,,*52
$GPGGA,231748.00,4737.5642645,N,12220.3065554,W,1,27,0.5,0.9908,M,-17.3240,M,,*51
$GPGGA,231749.00,4737.5642698,N,12220.3065088,W,1,24,0.6,0.9970,M,-17.3240,M,,*5B
$GPGGA,231750.00,4737.5642580,N,12220.3064824,W,1,25,0.6,1.0005,M,-17.3240,M,,*54
$GPGGA,231751.00,4737.5642516,N,12220.3064649,W,1,25,0.6,1.0069,M,-17.3240,M,,*55
$GPGGA,231752.00,4737.5642544,N,12220.3064547,W,1,26,0.6,1.0055,M,-17.3240,M,,*50
$GPGGA,231753.00,4737.5642572,N,12220.3064553,W,1,27,0.5,1.0044,M,-17.3240,M,,*53
$GPGGA,231754.00,4737.5642574,N,12220.3064462,W,1,25,0.6,1.0111,M,-17.3240,M,,*51
$GPGGA,231755.00,4737.5642560,N,12220.3064293,W,1,26,0.6,1.0195,M,-17.3240,M,,*52
$GPGGA,231756.00,4737.5642510,N,12220.3064263,W,1,25,0.6,1.0200,M,-17.3240,M,,*55
$GPGGA,231757.00,4737.5642423,N,12220.3064240,W,1,24,0.6,1.0257,M,-17.3240,M,,*57
$GPGGA,231758.00,4737.5642272,N,12220.3064169,W,1,24,0.6,1.0166,M,-17.3240,M,,*53
$GPGGA,231759.00,4737.5642137,N,12220.3064147,W,1,25,0.6,1.0040,M,-17.3240,M,,*58
$GPGGA,231800.00,4737.5642030,N,12220.3064143,W,1,24,0.6,0.9846,M,-17.3240,M,,*5E
$GPGGA,231801.00,4737.5642002,N,12220.3064135,W,1,25,0.6,0.9704,M,-17.3240,M,,*57
$GPGGA,231802.00,4737.5641957,N,12220.3064180,W,1,24,0.7,0.9609,M,-17.3240,M,,*5C
$GPGGA,231803.00,4737.5641992,N,12220.3064296,W,1,22,0.7,0.9388,M,-17.3240,M,,*5A
$GPGGA,231804.00,4737.5641991,N,12220.3064320,W,1,23,0.7,0.9255,M,-17.3240,M,,*52
$GPGGA,231805.00,4737.5642098,N,12220.3064328,W,1,26,0.6,0.9331,M,-17.3240,M,,*5F
$GPGGA,231806.00,4737.5642153,N,12220.3064296,W,1,25,0.6,0.9417,M,-17.3240,M,,*5E
$GPGGA,231807.00,4737.5642271,N,12220.3064335,W,1,25,0.6,0.9535,M,-17.3240,M,,*55
$GPGGA,231808.00,4737.5642440,N,12220.3064470,W,1,25,0.6,0.9532,M,-17.3240,M,,*5F
$GPGGA,231809.00,4737.5642602,N,12220.3064653,W,1,25,0.6,0.9405,M,-17.3240,M,,*5C
$GPGGA,231810.00,4737.5642651,N,12220.3064714,W,1,25,0.6,0.9541,M,-17.3240,M,,*51
$GPGGA,231811.00,4737.5642690,N,12220.3064756,W,1,26,0.6,0.9534,M,-17.3240,M,,*5A
$GPGGA,231812.00,4737.5642681,N,12220.3064754,W,1,25,0.6,0.9599,M,-17.3240,M,,*5F
$GPGGA,231813.00,4737.5644864,N,12220.3050005,W,4,18,0.7,2.4443,M,-17.3240,M,2.0,0000*76
$GPGGA,231814.00,4737.5644855,N,12220.3049981,W,4,18,0.7,2.4535,M,-17.3240,M,2.0,0000*7E
$GPGGA,231815.00,4737.5644828,N,12220.3049958,W,4,18,0.7,2.4469,M,-17.3240,M,2.0,0000*79
$GPGGA,231816.00,4737.5644830,N,12220.3049916,W,4,18,0.7,2.4477,M,-17.3240,M,2.0,0000*76
$GPGGA,231817.00,4737.5644789,N,12220.3049909,W,4,18,0.7,2.4431,M,-17.3240,M,2.0,0000*76
$GPGGA,231818.00,4737.5644777,N,12220.3049900,W,4,18,0.7,2.4436,M,-17.3240,M,2.0,0000*76
$GPGGA,231819.00,4737.5644762,N,12220.3049894,W,4,18,0.7,2.4469,M,-17.3240,M,2.0,0000*75
$GPGGA,231820.00,4737.5644761,N,12220.3049894,W,4,18,0.7,2.4477,M,-17.3240,M,2.0,0000*73
$GPGGA,231821.00,4737.5644765,N,12220.3049877,W,4,18,0.7,2.4560,M,-17.3240,M,2.0,0000*7C
$GPGGA,231822.00,4737.5644764,N,12220.3049870,W,4,18,0.7,2.4568,M,-17.3240,M,2.0,0000*71
$GPGGA,231823.00,4737.5644748,N,12220.3049885,W,4,18,0.7,2.4510,M,-17.3240,M,2.0,0000*7B
$GPGGA,231824.00,4737.5644734,N,12220.3049890,W,4,17,0.7,2.4510,M,-17.3240,M,2.0,0000*7C
$GPGGA,231825.00,4737.5644734,N,12220.3049879,W,4,18,0.7,2.4497,M,-17.3240,M,2.0,0000*7B
$GPGGA,231826.00,4737.5644725,N,12220.3049872,W,4,18,0.7,2.4560,M,-17.3240,M,2.0,0000*7A
$GPGGA,231827.00,4737.5644725,N,12220.3049880,W,4,18,0.7,2.4510,M,-17.3240,M,2.0,0000*71
$GPGGA,231828.00,4737.5644735,N,12220.3049882,W,4,18,0.7,2.4586,M,-17.3240,M,2.0,0000*72
$GPGGA,231829.00,4737.5644745,N,12220.3049867,W,4,18,0.7,2.4556,M,-17.3240,M,2.0,0000*72
$GPGGA,231830.00,4737.5644745,N,12220.3049848,W,4,18,0.7,2.4581,M,-17.3240,M,2.0,0000*7D
$GPGGA,231831.00,4737.5644736,N,12220.3049861,W,4,18,0.7,2.4533,M,-17.3240,M,2.0,0000*7A
$GPGGA,231832.00,4737.5644727,N,12220.3049871,W,4,18,0.7,2.4484,M,-17.3240,M,2.0,0000*75
$GPGGA,231833.00,4737.5644733,N,12220.3049879,W,4,18,0.7,2.4401,M,-17.3240,M,2.0,0000*74
$GPGGA,231834.00,4737.5644746,N,12220.3049882,W,4,18,0.7,2.4440,M,-17.3240,M,2.0,0000*70
$GPGGA,231835.00,4737.5644751,N,12220.3049857,W,4,15,0.9,2.4476,M,-17.3240,M,2.0,0000*79
$GPGGA,231836.00,4737.5644750,N,12220.3049877,W,4,17,0.7,2.4526,M,-17.3240,M,2.0,0000*71
$GPGGA,231837.00,4737.5644763,N,12220.3049869,W,4,17,0.7,2.4544,M,-17.3240,M,2.0,0000*7B
$GPGGA,231838.00,4737.5644753,N,12220.3049888,W,4,18,0.7,2.4519,M,-17.3240,M,2.0,0000*7F
$GPGGA,231839.00,4737.5644729,N,12220.3049881,W,4,18,0.7,2.4488,M,-17.3240,M,2.0,0000*73
$GPGGA,231840.00,4737.5644723,N,12220.3049880,W,4,18,0.7,2.4418,M,-17.3240,M,2.0,0000*7F
$GPGGA,231841.00,4737.5644721,N,12220.3049876,W,4,18,0.7,2.4436,M,-17.3240,M,2.0,0000*79
$GPGGA,231842.00,4737.5644715,N,12220.3049892,W,4,18,0.7,2.4410,M,-17.3240,M,2.0,0000*73
$GPGGA,231843.00,4737.5644707,N,12220.3049926,W,4,18,0.7,2.4393,M,-17.3240,M,2.0,0000*73
$GPGGA,231844.00,4737.5644722,N,12220.3049914,W,4,18,0.7,2.4477,M,-17.3240,M,1.0,0000*7C
$GPGGA,231845.00,4737.5644721,N,12220.3049920,W,4,18,0.7,2.4465,M,-17.3240,M,2.0,0000*79
$GPGGA,231846.00,4737.5644738,N,12220.3049918,W,4,18,0.7,2.4496,M,-17.3240,M,2.0,0000*75
$GPGGA,231847.00,4737.5644747,N,12220.3049893,W,4,18,0.7,2.4520,M,-17.3240,M,2.0,0000*72
$GPGGA,231848.00,4737.5644752,N,12220.3049879,W,4,18,0.7,2.4553,M,-17.3240,M,2.0,0000*79
$GPGGA,231849.00,4737.5644737,N,12220.3049869,W,4,18,0.7,2.4471,M,-17.3240,M,2.0,0000*7B
$GPGGA,231850.00,4737.5644730,N,12220.3049871,W,4,18,0.7,2.4458,M,-17.3240,M,2.0,0000*76
$GPGGA,231851.00,4737.5644728,N,12220.3049872,W,4,18,0.7,2.4407,M,-17.3240,M,3.0,0000*76
$GPGGA,231852.00,4737.5644713,N,12220.3049897,W,4,18,0.7,2.4408,M,-17.3240,M,2.0,0000*78
$GPGGA,231853.00,4737.5644713,N,12220.3049915,W,4,18,0.7,2.4483,M,-17.3240,M,2.0,0000*71
$GPGGA,231854.00,4737.5644728,N,12220.3049884,W,4,18,0.7,2.4567,M,-17.3240,M,1.0,0000*7F
$GPGGA,231855.00,4737.5644723,N,12220.3049855,W,4,18,0.7,2.4620,M,-17.3240,M,2.0,0000*7A
$GPGGA,231856.00,4737.5644718,N,12220.3049880,W,4,18,0.7,2.4586,M,-17.3240,M,1.0,0000*75
$GPGGA,231857.00,4737.5644721,N,12220.3049871,W,4,18,0.7,2.4611,M,-17.3240,M,2.0,0000*7E
$GPGGA,231858.00,4737.5644719,N,12220.3049872,W,4,18,0.7,2.4578,M,-17.3240,M,2.0,0000*75
$GPGGA,231859.00,4737.5644708,N,12220.3049874,W,4,18,0.7,2.4577,M,-17.3240,M,2.0,0000*7D
$GPGGA,231900.00,4737.5644706,N,12220.3049868,W,4,18,0.7,2.4527,M,-17.3240,M,2.0,0000*76
$GPGGA,231901.00,4737.5644709,N,12220.3049836,W,4,18,0.7,2.4562,M,-17.3240,M,2.0,0000*72
$GPGGA,231902.00,4737.5644728,N,12220.3049847,W,4,18,0.7,2.4624,M,-17.3240,M,2.0,0000*75
$GPGGA,231903.00,4737.5644745,N,12220.3049873,W,4,18,0.7,2.4674,M,-17.3240,M,2.0,0000*7D
$GPGGA,231904.00,4737.5644737,N,12220.3049883,W,4,18,0.7,2.4692,M,-17.3240,M,1.0,0000*7B
$GPGGA,231905.00,4737.5644725,N,12220.3049876,W,4,18,0.7,2.4637,M,-17.3240,M,2.0,0000*7F
$GPGGA,231906.00,4737.5644706,N,12220.3049895,W,4,17,0.7,2.4550,M,-17.3240,M,2.0,0000*7D
$GPGGA,231907.00,4737.5644706,N,12220.3049891,W,4,18,0.7,2.4580,M,-17.3240,M,2.0,0000*7A
$GPGGA,231908.00,4737.5644716,N,12220.3049890,W,4,17,0.7,2.4595,M,-17.3240,M,2.0,0000*7E
$GPGGA,231909.00,4737.5644723,N,12220.3049885,W,4,18,0.7,2.4596,M,-17.3240,M,2.0,0000*71
$GPGGA,231910.00,4737.5644738,N,12220.3049863,W,4,17,0.7,2.4679,M,-17.3240,M,2.0,0000*76
$GPGGA,231911.00,4737.5644726,N,12220.3049871,W,4,18,0.7,2.4670,M,-17.3240,M,2.0,0000*7D
$GPGGA,231912.00,4737.5644701,N,12220.3049894,W,4,18,0.7,2.4602,M,-17.3240,M,2.0,0000*75
$GPGGA,231913.00,4737.5644693,N,12220.3049911,W,4,18,0.7,2.4604,M,-17.3240,M,2.0,0000*74
$GPGGA,231914.00,4737.5644686,N,12220.3049913,W,4,18,0.7,2.4563,M,-17.3240,M,2.0,0000*77
$GPGGA,231915.00,4737.5644679,N,12220.3049881,W,4,18,0.7,2.4595,M,-17.3240,M,2.0,0000*75
$GPGGA,231916.00,4737.5644703,N,12220.3049881,W,4,18,0.7,2.4611,M,-17.3240,M,2.0,0000*75
$GPGGA,231917.00,4737.5644715,N,12220.3049868,W,4,18,0.7,2.4631,M,-17.3240,M,2.0,0000*76
$GPGGA,231918.00,4737.5644712,N,12220.3049868,W,4,18,0.7,2.4644,M,-17.3240,M,2.0,0000*7C
$GPGGA,231919.00,4737.5644706,N,12220.3049891,W,4,18,0.7,2.4671,M,-17.3240,M,2.0,0000*78
$GPGGA,231920.00,4737.5644696,N,12220.3049898,W,4,18,0.7,2.4657,M,-17.3240,M,2.0,0000*77
$GPGGA,231921.00,4737.5644696,N,12220.3049897,W,4,18,0.7,2.4657,M,-17.3240,M,2.0,0000*79
$GPGGA,231922.00,4737.5644707,N,12220.3049898,W,4,18,0.7,2.4673,M,-17.3240,M,2.0,0000*7A
$GPGGA,231923.00,4737.5644718,N,12220.3049889,W,4,18,0.7,2.4645,M,-17.3240,M,2.0,0000*70
$GPGGA,231924.00,4737.5644728,N,12220.3049910,W,4,18,0.7,2.4581,M,-17.3240,M,2.0,0000*7E
$GPGGA,231925.00,4737.5644727,N,12220.3049881,W,4,18,0.7,2.4682,M,-17.3240,M,1.0,0000*7A
$GPGGA,231926.00,4737.5644703,N,12220.3049894,W,4,18,0.7,2.4652,M,-17.3240,M,1.0,0000*76
$GPGGA,231927.00,4737.5644709,N,12220.3049893,W,4,18,0.7,2.4682,M,-17.3240,M,1.0,0000*77
$GPGGA,231928.00,4737.5644699,N,12220.3049879,W,4,19,0.7,2.4654,M,-17.3240,M,2.0,0000*7D
$GPGGA,231929.00,4737.5644694,N,12220.3049880,W,4,19,0.7,2.4718,M,-17.3240,M,2.0,0000*7E
$GPGGA,231930.00,4737.5644696,N,12220.3049869,W,4,19,0.7,2.4729,M,-17.3240,M,2.0,0000*71
$GPGGA,231931.00,4737.5644697,N,12220.3049870,W,4,19,0.7,2.4760,M,-17.3240,M,2.0,0000*74
$GPGGA,231932.00,4737.5644702,N,12220.3049900,W,4,19,0.7,2.4713,M,-17.3240,M,1.0,0000*7B
$GPGGA,231933.00,4737.5644700,N,12220.3049910,W,4,19,0.7,2.4681,M,-17.3240,M,2.0,0000*70
$GPGGA,231934.00,4737.5644718,N,12220.3049907,W,4,19,0.7,2.4692,M,-17.3240,M,2.0,0000*7A
$GPGGA,231935.00,4737.5644705,N,12220.3049903,W,4,19,0.7,2.4703,M,-17.3240,M,2.0,0000*7A
$GPGGA,231936.00,4737.5644716,N,12220.3049900,W,4,19,0.7,2.4705,M,-17.3240,M,1.0,0000*7D
$GPGGA,231937.00,4737.5644692,N,12220.3049889,W,4,19,0.7,2.4662,M,-17.3240,M,2.0,0000*72
$GPGGA,231938.00,4737.5644687,N,12220.3049883,W,4,19,0.7,2.4740,M,-17.3240,M,2.0,0000*72
$GPGGA,231939.00,4737.5644688,N,12220.3049893,W,4,19,0.7,2.4706,M,-17.3240,M,2.0,0000*7F
$GPGGA,231940.00,4737.5644690,N,12220.3049870,W,4,19,0.7,2.4762,M,-17.3240,M,2.0,0000*77
$GPGGA,231941.00,4737.5644704,N,12220.3049869,W,4,19,0.7,2.4743,M,-17.3240,M,2.0,0000*71
$GPGGA,231942.00,4737.5644705,N,12220.3049887,W,4,19,0.7,2.4726,M,-17.3240,M,2.0,0000*70
$GPGGA,231943.00,4737.5644695,N,12220.3049897,W,4,19,0.7,2.4710,M,-17.3240,M,2.0,0000*7D
$GPGGA,231944.00,4737.5644689,N,12220.3049890,W,4,19,0.7,2.4731,M,-17.3240,M,2.0,0000*73
$GPGGA,231945.00,4737.5644697,N,12220.3049880,W,4,20,0.7,2.4737,M,-17.3240,M,2.0,0000*70
$GPGGA,231946.00,4737.5644699,N,12220.3049882,W,4,20,0.7,2.4723,M,-17.3240,M,2.0,0000*7A
$GPGGA,231947.00,4737.5644696,N,12220.3049885,W,4,15,0.9,2.4782,M,-17.3240,M,2.0,0000*70
$GPGGA,231948.00,4737.5644739,N,12220.3049905,W,4,19,0.7,2.4866,M,-17.3240,M,2.0,0000*75
$GPGGA,231949.00,4737.5644730,N,12220.3049887,W,4,19,0.7,2.4769,M,-17.3240,M,2.0,0000*76
$GPGGA,231950.00,4737.5644726,N,12220.3049913,W,4,20,0.7,2.4859,M,-17.3240,M,2.0,0000*73
$GPGGA,231951.00,4737.5644683,N,12220.3049932,W,4,19,0.7,2.4743,M,-17.3240,M,2.0,0000*71
$GPGGA,231952.00,4737.5644693,N,12220.3049910,W,4,19,0.7,2.4768,M,-17.3240,M,2.0,0000*7A
$GPGGA,231953.00,4737.5644686,N,12220.3049910,W,4,19,0.7,2.4755,M,-17.3240,M,2.0,0000*71
$GPGGA,231954.00,4737.5644711,N,12220.3049887,W,4,19,0.7,2.4808,M,-17.3240,M,2.0,0000*71
$GPGGA,231955.00,4737.5644714,N,12220.3049878,W,4,20,0.7,2.4843,M,-17.3240,M,2.0,0000*70
$GPGGA,231956.00,4737.5644724,N,12220.3049878,W,4,20,0.7,2.4864,M,-17.3240,M,2.0,0000*75
$GPGGA,231957.00,4737.5644728,N,12220.3049866,W,4,20,0.7,2.4795,M,-17.3240,M,2.0,0000*76
$GPGGA,231958.00,4737.5644718,N,12220.3049895,W,4,20,0.7,2.4780,M,-17.3240,M,2.0,0000*72
$GPGGA,231959.00,4737.5644707,N,12220.3049899,W,4,20,0.7,2.4714,M,-17.3240,M,2.0,0000*7C
$GPGGA,232000.00,4737.5644699,N,12220.3049906,W,4,20,0.7,2.4723,M,-17.3240,M,1.0,0000*7C
$GPGGA,232001.00,4737.5644700,N,12220.3049893,W,4,20,0.7,2.4700,M,-17.3240,M,2.0,0000*73
$GPGGA,232002.00,4737.5644694,N,12220.3049894,W,4,20,0.7,2.4757,M,-17.3240,M,2.0,0000*79
$GPGGA,232003.00,4737.5644699,N,12220.3049882,W,4,20,0.7,2.4771,M,-17.3240,M,2.0,0000*76
$GPGGA,232004.00,4737.5644699,N,12220.3049911,W,4,20,0.7,2.4725,M,-17.3240,M,2.0,0000*7B
$GPGGA,232005.00,4737.5644698,N,12220.3049899,W,4,20,0.7,2.4719,M,-17.3240,M,2.0,0000*75
$GPGGA,232006.00,4737.5644707,N,12220.3049882,W,4,20,0.7,2.4734,M,-17.3240,M,2.0,0000*74
$GPGGA,232007.00,4737.5644711,N,12220.3049879,W,4,20,0.7,2.4737,M,-17.3240,M,2.0,0000*75
$GPGGA,232008.00,4737.5644700,N,12220.3049877,W,4,19,0.7,2.4780,M,-17.3240,M,2.0,0000*72
$GPGGA,232009.00,4737.5644700,N,12220.3049897,W,4,19,0.7,2.4760,M,-17.3240,M,2.0,0000*73
$GPGGA,232010.00,4737.5644689,N,12220.3049919,W,4,19,0.7,2.4736,M,-17.3240,M,2.0,0000*7F
$GPGGA,232011.00,4737.5644694,N,12220.3049923,W,4,19,0.7,2.4789,M,-17.3240,M,2.0,0000*7F
$GPGGA,232012.00,4737.5644683,N,12220.3049924,W,4,19,0.7,2.4719,M,-17.3240,M,2.0,0000*74
$GPGGA,232013.00,4737.5644693,N,12220.3049905,W,4,19,0.7,2.4690,M,-17.3240,M,2.0,0000*77
$GPGGA,232014.00,4737.5644700,N,12220.3049912,W,4,19,0.7,2.4745,M,-17.3240,M,2.0,0000*74
$GPGGA,232015.00,4737.5644697,N,12220.3049919,W,4,19,0.7,2.4636,M,-17.3240,M,2.0,0000*74
$GPGGA,232016.00,4737.5644688,N,12220.3049928,W,4,19,0.7,2.4709,M,-17.3240,M,1.0,0000*75
$GPGGA,232017.00,4737.5644681,N,12220.3049932,W,4,19,0.7,2.4725,M,-17.3240,M,2.0,0000*7B
$GPGGA,232018.00,4737.5644693,N,12220.3049950,W,4,19,0.7,2.4755,M,-17.3240,M,2.0,0000*74
$GPGGA,232019.00,4737.5644698,N,12220.3049940,W,4,19,0.7,2.4758,M,-17.3240,M,2.0,0000*72
$GPGGA,232020.00,4737.5644675,N,12220.3049918,W,4,19,0.7,2.4660,M,-17.3240,M,2.0,0000*7C
$GPGGA,232021.00,4737.5644678,N,12220.3049933,W,4,19,0.7,2.4661,M,-17.3240,M,2.0,0000*78
$GPGGA,232022.00,4737.5644663,N,12220.3049953,W,4,19,0.7,2.4650,M,-17.3240,M,2.0,0000*75
$GPGGA,232023.00,4737.5644661,N,12220.3049978,W,4,19,0.7,2.4582,M,-17.3240,M,2.0,0000*73
$GPGGA,232024.00,4737.5644659,N,12220.3049967,W,4,19,0.7,2.4658,M,-17.3240,M,2.0,0000*75
$GPGGA,232025.00,4737.5644670,N,12220.3049957,W,4,19,0.7,2.4647,M,-17.3240,M,2.0,0000*72
$GPGGA,232026.00,4737.5644696,N,12220.3049938,W,4,19,0.7,2.4712,M,-17.3240,M,2.0,0000*71
$GPGGA,232027.00,4737.5644707,N,12220.3049936,W,4,19,0.7,2.4739,M,-17.3240,M,2.0,0000*7E
$GPGGA,232028.00,4737.5644712,N,12220.3049963,W,4,20,0.7,2.4703,M,-17.3240,M,2.0,0000*76
$GPGGA,232029.00,4737.5644721,N,12220.3049967,W,4,20,0.7,2.4725,M,-17.3240,M,2.0,0000*77
$GPGGA,232030.00,4737.5644719,N,12220.3049952,W,4,20,0.7,2.4724,M,-17.3240,M,2.0,0000*73
$GPGGA,232031.00,4737.5644742,N,12220.3049932,W,4,20,0.7,2.4747,M,-17.3240,M,2.0,0000*7F
$GPGGA,232032.00,4737.5644730,N,12220.3049973,W,4,20,0.7,2.4774,M,-17.3240,M,2.0,0000*7C
$GPGGA,232033.00,4737.5644716,N,12220.3049941,W,4,20,0.7,2.4820,M,-17.3240,M,2.0,0000*76
$GPGGA,232034.00,4737.5644719,N,12220.3049939,W,4,19,0.7,2.4806,M,-17.3240,M,2.0,0000*7F
$GPGGA,232035.00,4737.5644714,N,12220.3049965,W,4,19,0.7,2.4716,M,-17.3240,M,2.0,0000*74
$GPGGA,232036.00,4737.5644706,N,12220.3049993,W,4,19,0.7,2.4698,M,-17.3240,M,2.0,0000*7A
$GPGGA,232037.00,4737.5644700,N,12220.3049985,W,4,20,0.7,2.4680,M,-17.3240,M,2.0,0000*79
$GPGGA,232038.00,4737.5644726,N,12220.3049959,W,4,20,0.7,2.4741,M,-17.3240,M,2.0,0000*7F
$GPGGA,232039.00,4737.5644727,N,12220.3049969,W,4,20,0.7,2.4784,M,-17.3240,M,2.0,0000*75
$GPGGA,232040.00,4737.5644715,N,12220.3049959,W,4,20,0.7,2.4813,M,-17.3240,M,2.0,0000*78
$GPGGA,232041.00,4737.5644699,N,12220.3049969,W,4,20,0.7,2.4806,M,-17.3240,M,2.0,0000*7B
$GPGGA,232042.00,4737.5644734,N,12220.3049989,W,4,20,0.7,2.4794,M,-17.3240,M,1.0,0000*77
$GPGGA,232043.00,4737.5644724,N,12220.3049953,W,4,20,0.7,2.4818,M,-17.3240,M,2.0,0000*78
$GPGGA,232044.00,4737.5644742,N,12220.3049952,W,4,20,0.7,2.4804,M,-17.3240,M,2.0,0000*73
$GPGGA,232045.00,4737.5644744,N,12220.3049941,W,4,20,0.7,2.4763,M,-17.3240,M,2.0,0000*78
$GPGGA,232046.00,4737.5644744,N,12220.3049918,W,4,20,0.7,2.4753,M,-17.3240,M,2.0,0000*74
$GPGGA,232047.00,4737.5644741,N,12220.3049928,W,4,20,0.7,2.4827,M,-17.3240,M,2.0,0000*7F
$GPGGA,232048.00,4737.5644732,N,12220.3049940,W,4,19,0.7,2.4811,M,-17.3240,M,2.0,0000*75
$GPGGA,232049.00,4737.5644715,N,12220.3049954,W,4,19,0.7,2.4787,M,-17.3240,M,2.0,0000*74
$GPGGA,232050.00,4737.5644725,N,12220.3049951,W,4,20,0.7,2.4806,M,-17.3240,M,2.0,0000*76
$GPGGA,232051.00,4737.5644743,N,12220.3049920,W,4,19,0.7,2.4800,M,-17.3240,M,2.0,0000*7D
$GPGGA,232052.00,4737.5644731,N,12220.3049943,W,4,19,0.7,2.4741,M,-17.3240,M,2.0,0000*74
$GPGGA,232053.00,4737.5644735,N,12220.3049970,W,4,19,0.7,2.4684,M,-17.3240,M,2.0,0000*79
$GPGGA,232054.00,4737.5644718,N,12220.3049978,W,4,18,0.8,2.4727,M,-17.3240,M,1.0,0000*7C
$GPGGA,232055.00,4737.5644709,N,12220.3050010,W,4,18,0.8,2.4709,M,-17.3240,M,2.0,0000*7D
$GPGGA,232056.00,4737.5644703,N,12220.3049974,W,4,18,0.8,2.4756,M,-17.3240,M,2.0,0000*7D
$GPGGA,232057.00,4737.5644742,N,12220.3049977,W,4,18,0.8,2.4819,M,-17.3240,M,1.0,0000*7D
$GPGGA,232058.00,4737.5644727,N,12220.3049977,W,4,18,0.8,2.4782,M,-17.3240,M,2.0,0000*7F
$GPGGA,232059.00,4737.5644750,N,12220.3049956,W,4,18,0.8,2.4850,M,-17.3240,M,2.0,0000*7D
$GPGGA,232100.00,4737.5644762,N,12220.3049999,W,4,18,0.8,2.4902,M,-17.3240,M,1.0,0000*77
$GPGGA,232101.00,4737.5644767,N,12220.3049964,W,4,19,0.7,2.4931,M,-17.3240,M,2.0,0000*7C
$GPGGA,232102.00,4737.5644776,N,12220.3049986,W,4,19,0.7,2.4978,M,-17.3240,M,2.0,0000*7E
$GPGGA,232103.00,4737.5644754,N,12220.3050002,W,4,17,0.8,2.4965,M,-17.3240,M,2.0,0000*7F
$GPGGA,232104.00,4737.5644756,N,12220.3049989,W,4,19,0.7,2.4900,M,-17.3240,M,1.0,0000*79
$GPGGA,232105.00,4737.5644760,N,12220.3049989,W,4,19,0.7,2.4817,M,-17.3240,M,2.0,0000*79
$GPGGA,232106.00,4737.5644760,N,12220.3049986,W,4,19,0.7,2.4809,M,-17.3240,M,2.0,0000*7A
$GPGGA,232107.00,4737.5644745,N,12220.3049980,W,4,20,0.7,2.4842,M,-17.3240,M,2.0,0000*7F
$GPGGA,232108.00,4737.5644760,N,12220.3050006,W,4,20,0.7,2.4877,M,-17.3240,M,2.0,0000*7E
$GPGGA,232109.00,4737.5644765,N,12220.3049994,W,4,19,0.7,2.4863,M,-17.3240,M,2.0,0000*7F
$GPGGA,232110.00,4737.5644793,N,12220.3049992,W,4,19,0.7,2.4846,M,-17.3240,M,2.0,0000*7F
$GPGGA,232111.00,4737.5644808,N,12220.3049961,W,4,19,0.7,2.4951,M,-17.3240,M,2.0,0000*78
$GPGGA,232112.00,4737.5644785,N,12220.3049977,W,4,19,0.7,2.4861,M,-17.3240,M,2.0,0000*74
$GPGGA,232113.00,4737.5644780,N,12220.3050000,W,4,20,0.7,2.4851,M,-17.3240,M,2.0,0000*78
$GPGGA,232114.00,4737.5644749,N,12220.3049991,W,4,19,0.7,2.4813,M,-17.3240,M,1.0,0000*7C
$GPGGA,232115.00,4737.5644750,N,12220.3049980,W,4,19,0.7,2.4760,M,-17.3240,M,2.0,0000*7D
$GPGGA,232116.00,4737.5644749,N,12220.3049991,W,4,20,0.7,2.4779,M,-17.3240,M,2.0,0000*74
$GPGGA,232117.00,4737.5644762,N,12220.3049977,W,4,20,0.7,2.4795,M,-17.3240,M,2.0,0000*76
$GPGGA,232118.00,4737.5644774,N,12220.3049965,W,4,19,0.7,2.4831,M,-17.3240,M,2.0,0000*76
$GPGGA,232119.00,4737.5644796,N,12220.3049994,W,4,19,0.7,2.4831,M,-17.3240,M,2.0,0000*75
$GPGGA,232120.00,4737.5644784,N,12220.3049958,W,4,19,0.7,2.4841,M,-17.3240,M,2.0,0000*7B
$GPGGA,232121.00,4737.5644788,N,12220.3049949,W,4,19,0.7,2.4762,M,-17.3240,M,2.0,0000*78
$GPGGA,232122.00,4737.5644781,N,12220.3049952,W,4,19,0.7,2.4802,M,-17.3240,M,2.0,0000*71
$GPGGA,232123.00,4737.5644770,N,12220.3049952,W,4,19,0.7,2.4810,M,-17.3240,M,2.0,0000*7D
$GPGGA,232124.00,4737.5644755,N,12220.3049945,W,4,19,0.7,2.4753,M,-17.3240,M,2.0,0000*73
$GPGGA,232125.00,4737.5644759,N,12220.3049943,W,4,19,0.7,2.4761,M,-17.3240,M,2.0,0000*79
$GPGGA,232126.00,4737.5644787,N,12220.3049968,W,4,19,0.7,2.4799,M,-17.3240,M,1.0,0000*74
$GPGGA,232127.00,4737.5644775,N,12220.3049959,W,4,19,0.7,2.4807,M,-17.3240,M,2.0,0000*71
$GPGGA,232128.00,4737.5644796,N,12220.3049981,W,4,17,0.8,2.4958,M,-17.3240,M,2.0,0000*7C
$GPGGA,232129.00,4737.5644798,N,12220.3049938,W,4,19,0.7,2.4778,M,-17.3240,M,2.0,0000*7C
$GPGGA,232130.00,4737.5644794,N,12220.3049953,W,4,19,0.7,2.4677,M,-17.3240,M,2.0,0000*7B
$GPGGA,232131.00,4737.5644766,N,12220.3049925,W,4,19,0.7,2.4692,M,-17.3240,M,2.0,0000*7D
$GPGGA,232132.00,4737.5644797,N,12220.3049927,W,4,19,0.7,2.4711,M,-17.3240,M,2.0,0000*78
$GPGGA,232133.00,4737.5644814,N,12220.3049942,W,4,20,0.7,2.4789,M,-17.3240,M,2.0,0000*75
$GPGGA,232134.00,4737.5644790,N,12220.3049924,W,4,20,0.7,2.4761,M,-17.3240,M,2.0,0000*77
$GPGGA,232135.00,4737.5644783,N,12220.3049924,W,4,20,0.7,2.4761,M,-17.3240,M,2.0,0000*74
$GPGGA,232136.00,4737.5644789,N,12220.3049933,W,4,20,0.7,2.4715,M,-17.3240,M,1.0,0000*7B
$GPGGA,232137.00,4737.5644777,N,12220.3049943,W,4,20,0.7,2.4658,M,-17.3240,M,2.0,0000*77
$GPGGA,232138.00,4737.5644793,N,12220.3049964,W,4,20,0.7,2.4681,M,-17.3240,M,2.0,0000*73
$GPGGA,232139.00,4737.5644780,N,12220.3049963,W,4,20,0.7,2.4700,M,-17.3240,M,2.0,0000*7F
$GPGGA,232140.00,4737.5644759,N,12220.3049971,W,4,17,0.8,2.4686,M,-17.3240,M,1.0,0000*71
$GPGGA,232141.00,4737.5644766,N,12220.3049975,W,4,16,0.9,2.4710,M,-17.3240,M,2.0,0000*75
$GPGGA,232142.00,4737.5644788,N,12220.3049939,W,4,19,0.7,2.4622,M,-17.3240,M,2.0,0000*7F
$GPGGA,232143.00,4737.5644791,N,12220.3049934,W,4,20,0.7,2.4565,M,-17.3240,M,2.0,0000*71
$GPGGA,232144.00,4737.5644752,N,12220.3049956,W,4,17,0.8,2.4659,M,-17.3240,M,2.0,0000*7A
$GPGGA,232145.00,4737.5644750,N,12220.3049979,W,4,19,0.7,2.4659,M,-17.3240,M,2.0,0000*75
$GPGGA,232146.00,4737.5644754,N,12220.3049971,W,4,20,0.7,2.4615,M,-17.3240,M,2.0,0000*78
$GPGGA,232147.00,4737.5644768,N,12220.3049951,W,4,20,0.7,2.4649,M,-17.3240,M,2.0,0000*7D
$GPGGA,232148.00,4737.5644774,N,12220.3049954,W,4,20,0.7,2.4638,M,-17.3240,M,2.0,0000*7C
$GPGGA,232149.00,4737.5644798,N,12220.3049944,W,4,20,0.7,2.4711,M,-17.3240,M,2.0,0000*74
$GPGGA,232150.00,4737.5644803,N,12220.3049943,W,4,20,0.7,2.4712,M,-17.3240,M,2.0,0000*75
$GPGGA,232151.00,4737.5644800,N,12220.3049934,W,4,20,0.7,2.4652,M,-17.3240,M,2.0,0000*72
$GPGGA,232152.00,4737.5644782,N,12220.3049935,W,4,20,0.7,2.4672,M,-17.3240,M,2.0,0000*77
$GPGGA,232153.00,4737.5644779,N,12220.3049951,W,4,20,0.7,2.4682,M,-17.3240,M,2.0,0000*7F
$GPGGA,232154.00,4737.5644769,N,12220.3049950,W,4,20,0.7,2.4641,M,-17.3240,M,2.0,0000*77
$GPGGA,232155.00,4737.5644771,N,12220.3049933,W,4,20,0.7,2.4612,M,-17.3240,M,2.0,0000*7C
$GPGGA,232156.00,4737.5644779,N,12220.3049921,W,4,20,0.7,2.4672,M,-17.3240,M,2.0,0000*72
$GPGGA,232157.00,4737.5644775,N,12220.3049900,W,4,20,0.7,2.4646,M,-17.3240,M,2.0,0000*7B
$GPGGA,232158.00,4737.5644770,N,12220.3049929,W,4,20,0.7,2.4678,M,-17.3240,M,2.0,0000*77
$GPGGA,232159.00,4737.5644778,N,12220.3049923,W,4,18,0.7,2.4509,M,-17.3240,M,2.0,0000*7A
$GPGGA,232200.00,4737.5644799,N,12220.3049922,W,4,18,0.7,2.4668,M,-17.3240,M,2.0,0000*7F
$GPGGA,232201.00,4737.5644772,N,12220.3049901,W,4,20,0.7,2.4600,M,-17.3240,M,2.0,0000*7F
$GPGGA,232202.00,4737.5644763,N,12220.3049929,W,4,19,0.7,2.4579,M,-17.3240,M,2.0,0000*71
$GPGGA,232203.00,4737.5644766,N,12220.3049923,W,4,19,0.7,2.4550,M,-17.3240,M,2.0,0000*74
$GPGGA,232204.00,4737.5644782,N,12220.3049919,W,4,18,0.7,2.4565,M,-17.3240,M,2.0,0000*77
$GPGGA,232205.00,4737.5644774,N,12220.3049913,W,4,19,0.7,2.4565,M,-17.3240,M,2.0,0000*74
$GPGGA,232206.00,4737.5644800,N,12220.3049892,W,4,19,0.7,2.4573,M,-17.3240,M,2.0,0000*74
$GPGGA,232207.00,4737.5644815,N,12220.3049899,W,4,19,0.7,2.4558,M,-17.3240,M,2.0,0000*73
$GPGGA,232208.00,4737.5644810,N,12220.3049894,W,4,19,0.7,2.4548,M,-17.3240,M,2.0,0000*75
$GPGGA,232209.00,4737.5644832,N,12220.3049882,W,4,19,0.7,2.4559,M,-17.3240,M,2.0,0000*73
$GPGGA,232210.00,4737.5644821,N,12220.3049883,W,4,19,0.7,2.4500,M,-17.3240,M,1.0,0000*77
$GPGGA,232211.00,4737.5644839,N,12220.3049880,W,4,19,0.7,2.4482,M,-17.3240,M,2.0,0000*74
$GPGGA,232212.00,4737.5644812,N,12220.3049877,W,4,19,0.7,2.4470,M,-17.3240,M,1.0,0000*78
$GPGGA,232213.00,4737.5644813,N,12220.3049864,W,4,19,0.7,2.4424,M,-17.3240,M,2.0,0000*78
$GPGGA,232214.00,4737.5644812,N,12220.3049889,W,4,18,0.7,2.4487,M,-17.3240,M,2.0,0000*75
$GPGGA,232215.00,4737.5644808,N,12220.3049871,W,4,18,0.7,2.4508,M,-17.3240,M,2.0,0000*7E
$GPGGA,232216.00,4737.5644818,N,12220.3049885,W,4,18,0.7,2.4525,M,-17.3240,M,2.0,0000*78
$GPGGA,232217.00,4737.5644837,N,12220.3049881,W,4,19,0.7,2.4516,M,-17.3240,M,1.0,0000*72
$GPGGA,232218.00,4737.5644820,N,12220.3049869,W,4,20,0.7,2.4456,M,-17.3240,M,2.0,0000*71
$GPGGA,232219.00,4737.5644819,N,12220.3049886,W,4,19,0.7,2.4411,M,-17.3240,M,2.0,0000*72
$GPGGA,232220.00,4737.5644793,N,12220.3049861,W,4,19,0.7,2.4315,M,-17.3240,M,2.0,0000*7F
$GPGGA,232221.00,4737.5644806,N,12220.3049881,W,4,19,0.7,2.4317,M,-17.3240,M,2.0,0000*71
$GPGGA,232222.00,4737.5644812,N,12220.3049869,W,4,19,0.7,2.4374,M,-17.3240,M,2.0,0000*74
$GPGGA,232223.00,4737.5644835,N,12220.3049853,W,4,19,0.7,2.4417,M,-17.3240,M,2.0,0000*7B
$GPGGA,232224.00,4737.5644850,N,12220.3049844,W,4,18,0.7,2.4494,M,-17.3240,M,1.0,0000*70
$GPGGA,232225.00,4737.5644856,N,12220.3049830,W,4,18,0.7,2.4464,M,-17.3240,M,2.0,0000*78
$GPGGA,232226.00,4737.5644846,N,12220.3049823,W,4,18,0.7,2.4423,M,-17.3240,M,2.0,0000*7B
$GPGGA,232227.00,4737.5644819,N,12220.3049842,W,4,18,0.7,2.4342,M,-17.3240,M,1.0,0000*74
$GPGGA,232228.00,4737.5644812,N,12220.3049848,W,4,18,0.7,2.4308,M,-17.3240,M,2.0,0000*77
$GPGGA,232229.00,4737.5644817,N,12220.3049838,W,4,18,0.7,2.4401,M,-17.3240,M,2.0,0000*7A
$GPGGA,232230.00,4737.5644842,N,12220.3049822,W,4,18,0.7,2.4410,M,-17.3240,M,2.0,0000*79
$GPGGA,232231.00,4737.5644824,N,12220.3049816,W,4,18,0.7,2.4387,M,-17.3240,M,2.0,0000*76
$GPGGA,232232.00,4737.5644844,N,12220.3049811,W,4,18,0.7,2.4389,M,-17.3240,M,2.0,0000*7A
$GPGGA,232233.00,4737.5644832,N,12220.3049794,W,4,18,0.7,2.4374,M,-17.3240,M,2.0,0000*7A
$GPGGA,232234.00,4737.5644845,N,12220.3049806,W,4,18,0.7,2.4341,M,-17.3240,M,1.0,0000*7C
$GPGGA,232235.00,4737.5644826,N,12220.3049785,W,4,19,0.7,2.4321,M,-17.3240,M,2.0,0000*78
$GPGGA,232236.00,4737.5644839,N,12220.3049790,W,4,18,0.7,2.4342,M,-17.3240,M,2.0,0000*75
$GPGGA,232237.00,4737.5644831,N,12220.3049810,W,4,18,0.7,2.4361,M,-17.3240,M,2.0,0000*7A
$GPGGA,232238.00,4737.5644834,N,12220.3049830,W,4,18,0.7,2.4384,M,-17.3240,M,2.0,0000*79
$GPGGA,232239.00,4737.5644831,N,12220.3049827,W,4,18,0.7,2.4383,M,-17.3240,M,2.0,0000*7C
$GPGGA,232240.00,4737.5644805,N,12220.3049814,W,4,18,0.7,2.4332,M,-17.3240,M,2.0,0000*7F
$GPGGA,232241.00,4737.5644822,N,12220.3049799,W,4,18,0.7,2.4326,M,-17.3240,M,2.0,0000*74
$GPGGA,232242.00,4737.5644833,N,12220.3049794,W,4,19,0.7,2.4278,M,-17.3240,M,2.0,0000*71
$GPGGA,232243.00,4737.5644825,N,12220.3049780,W,4,19,0.7,2.4294,M,-17.3240,M,2.0,0000*70
$GPGGA,232244.00,4737.5644843,N,12220.3049792,W,4,19,0.7,2.4305,M,-17.3240,M,2.0,0000*7D
$GPGGA,232245.00,4737.5644843,N,12220.3049793,W,4,19,0.7,2.4363,M,-17.3240,M,2.0,0000*7D
$GPGGA,232246.00,4737.5644860,N,12220.3049802,W,4,19,0.7,2.4351,M,-17.3240,M,2.0,0000*79
$GPGGA,232247.00,4737.5644848,N,12220.3049796,W,4,19,0.7,2.4346,M,-17.3240,M,2.0,0000*76
$GPGGA,232248.00,4737.5644843,N,12220.3049809,W,4,19,0.7,2.4355,M,-17.3240,M,2.0,0000*79
$GPGGA,232249.00,4737.5644837,N,12220.3049821,W,4,19,0.7,2.4300,M,-17.3240,M,2.0,0000*71
$GPGGA,232250.00,4737.5644835,N,12220.3049818,W,4,18,0.7,2.4315,M,-17.3240,M,2.0,0000*74
$GPGGA,232251.00,4737.5644828,N,12220.3049812,W,4,18,0.7,2.4259,M,-17.3240,M,2.0,0000*7A
$GPGGA,232252.00,4737.5644839,N,12220.3049817,W,4,18,0.7,2.4267,M,-17.3240,M,2.0,0000*71
$GPGGA,232253.00,4737.5644844,N,12220.3049795,W,4,18,0.7,2.4270,M,-17.3240,M,2.0,0000*79
$GPGGA,232254.00,4737.5644850,N,12220.3049798,W,4,18,0.7,2.4267,M,-17.3240,M,2.0,0000*70
$GPGGA,232255.00,4737.5644839,N,12220.3049781,W,4,18,0.7,2.4265,M,-17.3240,M,2.0,0000*74
$GPGGA,232256.00,4737.5644851,N,12220.3049773,W,4,18,0.7,2.4329,M,-17.3240,M,2.0,0000*7D
$GPGGA,232257.00,4737.5644851,N,12220.3049770,W,4,18,0.7,2.4347,M,-17.3240,M,2.0,0000*77
$GPGGA,232258.00,4737.5644857,N,12220.3049760,W,4,18,0.7,2.4362,M,-17.3240,M,2.0,0000*78
$GPGGA,232259.00,4737.5644857,N,12220.3049766,W,4,18,0.7,2.4363,M,-17.3240,M,2.0,0000*7E
$GPGGA,232300.00,4737.5644849,N,12220.3049770,W,4,18,0.7,2.4325,M,-17.3240,M,2.0,0000*79
$GPGGA,232301.00,4737.5644834,N,12220.3049794,W,4,18,0.7,2.4328,M,-17.3240,M,2.0,0000*75
$GPGGA,232302.00,4737.5644848,N,12220.3049786,W,4,18,0.7,2.4339,M,-17.3240,M,2.0,0000*7E
$GPGGA,232303.00,4737.5644850,N,12220.3049795,W,4,20,0.7,2.4340,M,-17.3240,M,2.0,0000*71
$GPGGA,232304.00,4737.5644867,N,12220.3049794,W,4,20,0.7,2.4415,M,-17.3240,M,1.0,0000*77
$GPGGA,232305.00,4737.5644875,N,12220.3049789,W,4,19,0.7,2.4424,M,-17.3240,M,2.0,0000*72
$GPGGA,232306.00,4737.5644883,N,12220.3049779,W,4,19,0.7,2.4411,M,-17.3240,M,2.0,0000*71
$GPGGA,232307.00,4737.5644889,N,12220.3049775,W,4,19,0.7,2.4414,M,-17.3240,M,2.0,0000*73
$GPGGA,232308.00,4737.5644877,N,12220.3049775,W,4,16,0.8,2.4480,M,-17.3240,M,2.0,0000*70
$GPGGA,232309.00,4737.5644882,N,12220.3049780,W,4,18,0.7,2.4386,M,-17.3240,M,2.0,0000*71
$GPGGA,232310.00,4737.5644885,N,12220.3049776,W,4,19,0.7,2.4434,M,-17.3240,M,2.0,0000*78
$GPGGA,232311.00,4737.5644851,N,12220.3049794,W,4,19,0.7,2.4425,M,-17.3240,M,2.0,0000*7C
$GPGGA,232312.00,4737.5644856,N,12220.3049807,W,4,16,0.8,2.4499,M,-17.3240,M,2.0,0000*7A
$GPGGA,232313.00,4737.5644854,N,12220.3049816,W,4,18,0.7,2.4407,M,-17.3240,M,2.0,0000*7F
$GPGGA,232314.00,4737.5644846,N,12220.3049786,W,4,19,0.7,2.4508,M,-17.3240,M,2.0,0000*72
$GPGGA,232315.00,4737.5644840,N,12220.3049797,W,4,19,0.7,2.4525,M,-17.3240,M,2.0,0000*7A
$GPGGA,232316.00,4737.5644859,N,12220.3049799,W,4,19,0.7,2.4486,M,-17.3240,M,2.0,0000*77
$GPGGA,232317.00,4737.5644850,N,12220.3049822,W,4,19,0.7,2.4524,M,-17.3240,M,1.0,0000*7A
$GPGGA,232318.00,4737.5644843,N,12220.3049828,W,4,19,0.7,2.4454,M,-17.3240,M,2.0,0000*78
$GPGGA,232319.00,4737.5644840,N,12220.3049822,W,4,19,0.7,2.4511,M,-17.3240,M,2.0,0000*70
$GPGGA,232320.00,4737.5644844,N,12220.3049793,W,4,19,0.7,2.4530,M,-17.3240,M,2.0,0000*78
$GPGGA,232321.00,4737.5644872,N,12220.3049793,W,4,19,0.7,2.4576,M,-17.3240,M,2.0,0000*7E
$GPGGA,232322.00,4737.5644845,N,12220.3049827,W,4,19,0.7,2.4577,M,-17.3240,M,2.0,0000*78
$GPGGA,232323.00,4737.5644836,N,12220.3049824,W,4,19,0.7,2.4502,M,-17.3240,M,2.0,0000*7C
$GPGGA,232324.00,4737.5644825,N,12220.3049857,W,4,19,0.7,2.4443,M,-17.3240,M,2.0,0000*79
$GPGGA,232325.00,4737.5644805,N,12220.3049886,W,4,19,0.7,2.4453,M,-17.3240,M,2.0,0000*77
$GPGGA,232326.00,4737.5644788,N,12220.3049878,W,4,19,0.7,2.4427,M,-17.3240,M,2.0,0000*7C
$GPGGA,232327.00,4737.5644802,N,12220.3049908,W,4,19,0.7,2.4607,M,-17.3240,M,2.0,0000*76
$GPGGA,232328.00,4737.5644834,N,12220.3049861,W,4,19,0.7,2.4564,M,-17.3240,M,2.0,0000*74
$GPGGA,232329.00,4737.5644858,N,12220.3049849,W,4,18,0.7,2.4587,M,-17.3240,M,2.0,0000*79
$GPGGA,232330.00,4737.5644879,N,12220.3049847,W,4,18,0.7,2.4670,M,-17.3240,M,2.0,0000*77
$GPGGA,232331.00,4737.5644867,N,12220.3049854,W,4,18,0.7,2.4656,M,-17.3240,M,2.0,0000*7F
$GPGGA,232332.00,4737.5644846,N,12220.3049874,W,4,18,0.7,2.4585,M,-17.3240,M,2.0,0000*70
$GPGGA,232333.00,4737.5644852,N,12220.3049872,W,4,18,0.7,2.4555,M,-17.3240,M,2.0,0000*7F
$GPGGA,232334.00,4737.5644844,N,12220.3049843,W,4,18,0.7,2.4647,M,-17.3240,M,1.0,0000*7E
$GPGGA,232335.00,4737.5644862,N,12220.3049847,W,4,18,0.7,2.4616,M,-17.3240,M,2.0,0000*78
$GPGGA,232336.00,4737.5644848,N,12220.3049823,W,4,18,0.7,2.4671,M,-17.3240,M,2.0,0000*70
$GPGGA,232337.00,4737.5644853,N,12220.3049837,W,4,18,0.7,2.4639,M,-17.3240,M,2.0,0000*72
$GPGGA,232338.00,4737.5644851,N,12220.3049852,W,4,18,0.7,2.4632,M,-17.3240,M,2.0,0000*77
$GPGGA,232339.00,4737.5644848,N,12220.3049857,W,4,18,0.7,2.4598,M,-17.3240,M,2.0,0000*78
$GPGGA,232340.00,4737.5644834,N,12220.3049840,W,4,18,0.7,2.4652,M,-17.3240,M,2.0,0000*7E
$GPGGA,232341.00,4737.5644852,N,12220.3049834,W,4,18,0.7,2.4672,M,-17.3240,M,2.0,0000*7E
$GPGGA,232342.00,4737.5644843,N,12220.3049829,W,4,18,0.7,2.4666,M,-17.3240,M,2.0,0000*74
$GPGGA,232343.00,4737.5644853,N,12220.3049852,W,4,18,0.7,2.4671,M,-17.3240,M,2.0,0000*7E
$GPGGA,232344.00,4737.5644837,N,12220.3049851,W,4,18,0.7,2.4667,M,-17.3240,M,2.0,0000*7F
$GPGGA,232345.00,4737.5644825,N,12220.3049858,W,4,18,0.7,2.4636,M,-17.3240,M,2.0,0000*70
$GPGGA,232346.00,4737.5644808,N,12220.3049865,W,4,19,0.7,2.4619,M,-17.3240,M,2.0,0000*7E
$GPGGA,232347.00,4737.5644852,N,12220.3049892,W,4,19,0.7,2.4642,M,-17.3240,M,2.0,0000*76
$GPGGA,232348.00,4737.5644877,N,12220.3049843,W,4,19,0.7,2.4729,M,-17.3240,M,1.0,0000*7D
$GPGGA,232349.00,4737.5644852,N,12220.3049842,W,4,19,0.7,2.4618,M,-17.3240,M,2.0,0000*7A
$GPGGA,232350.00,4737.5644873,N,12220.3049833,W,4,19,0.7,2.4635,M,-17.3240,M,2.0,0000*78
$GPGGA,232351.00,4737.5644850,N,12220.3049848,W,4,19,0.7,2.4622,M,-17.3240,M,1.0,0000*71
$GPGGA,232352.00,4737.5644831,N,12220.3049841,W,4,18,0.7,2.4614,M,-17.3240,M,1.0,0000*78
$GPGGA,232353.00,4737.5644826,N,12220.3049842,W,4,17,0.8,2.4545,M,-17.3240,M,2.0,0000*78
$GPGGA,232354.00,4737.5644833,N,12220.3049852,W,4,17,0.8,2.4584,M,-17.3240,M,2.0,0000*77
$GPGGA,232355.00,4737.5644831,N,12220.3049834,W,4,17,0.8,2.4574,M,-17.3240,M,2.0,0000*7B
$GPGGA,232356.00,4737.5644867,N,12220.3049810,W,4,17,0.8,2.4681,M,-17.3240,M,2.0,0000*74
$GPGGA,232357.00,4737.5644883,N,12220.3049795,W,4,17,0.8,2.4627,M,-17.3240,M,2.0,0000*71
$GPGGA,232358.00,4737.5644879,N,12220.3049773,W,4,17,0.8,2.4626,M,-17.3240,M,2.0,0000*72
$GPGGA,232359.00,4737.5644902,N,12220.3049790,W,4,17,0.8,2.4680,M,-17.3240,M,2.0,0000*7F
$GPGGA,232400.00,4737.5644866,N,12220.3049808,W,4,17,0.8,2.4636,M,-17.3240,M,2.0,0000*74
$GPGGA,232401.00,4737.5644856,N,12220.3049812,W,4,17,0.8,2.4618,M,-17.3240,M,2.0,0000*71
$GPGGA,232402.00,4737.5644867,N,12220.3049833,W,4,17,0.8,2.4607,M,-17.3240,M,1.0,0000*7E
$GPGGA,232403.00,4737.5644880,N,12220.3049812,W,4,18,0.7,2.4620,M,-17.3240,M,2.0,0000*73
$GPGGA,232404.00,4737.5644847,N,12220.3049795,W,4,18,0.7,2.4642,M,-17.3240,M,2.0,0000*7B
$GPGGA,232405.00,4737.5644843,N,12220.3049816,W,4,18,0.7,2.4556,M,-17.3240,M,2.0,0000*7C
$GPGGA,232406.00,4737.5644842,N,12220.3049813,W,4,18,0.7,2.4563,M,-17.3240,M,2.0,0000*7D
$GPGGA,232407.00,4737.5644863,N,12220.3049826,W,4,18,0.7,2.4603,M,-17.3240,M,2.0,0000*7C
$GPGGA,232408.00,4737.5644871,N,12220.3049834,W,4,18,0.7,2.4575,M,-17.3240,M,2.0,0000*71
$GPGGA,232409.00,4737.5644879,N,12220.3049864,W,4,18,0.7,2.4631,M,-17.3240,M,2.0,0000*7E
$GPGGA,232410.00,4737.5644863,N,12220.3049840,W,4,18,0.7,2.4634,M,-17.3240,M,2.0,0000*7E
$GPGGA,232411.00,4737.5644866,N,12220.3049839,W,4,18,0.7,2.4595,M,-17.3240,M,2.0,0000*7C
$GPGGA,232412.00,4737.5644852,N,12220.3049832,W,4,18,0.7,2.4522,M,-17.3240,M,2.0,0000*7F
$GPGGA,232413.00,4737.5644855,N,12220.3049844,W,4,18,0.7,2.4555,M,-17.3240,M,2.0,0000*78
$GPGGA,232414.00,4737.5644879,N,12220.3049836,W,4,18,0.7,2.4667,M,-17.3240,M,1.0,0000*75
$GPGGA,232415.00,4737.5644851,N,12220.3049839,W,4,18,0.7,2.4604,M,-17.3240,M,2.0,0000*77
$GPGGA,232416.00,4737.5644851,N,12220.3049853,W,4,18,0.7,2.4560,M,-17.3240,M,2.0,0000*79
$GPGGA,232417.00,4737.5644856,N,12220.3049861,W,4,18,0.7,2.4533,M,-17.3240,M,2.0,0000*78
$GPGGA,232418.00,4737.5644843,N,12220.3049868,W,4,18,0.7,2.4603,M,-17.3240,M,2.0,0000*7A
$GPGGA,232419.00,4737.5644857,N,12220.3049856,W,4,18,0.7,2.4596,M,-17.3240,M,2.0,0000*7C
$GPGGA,232420.00,4737.5644865,N,12220.3049849,W,4,18,0.7,2.4603,M,-17.3240,M,2.0,0000*76
$GPGGA,232421.00,4737.5644853,N,12220.3049844,W,4,18,0.7,2.4638,M,-17.3240,M,2.0,0000*77
$GPGGA,232422.00,4737.5644863,N,12220.3049873,W,4,18,0.7,2.4631,M,-17.3240,M,2.0,0000*7A
$GPGGA,232423.00,4737.5644857,N,12220.3049846,W,4,18,0.7,2.4656,M,-17.3240,M,1.0,0000*78
$GPGGA,232424.00,4737.5644852,N,12220.3049837,W,4,18,0.7,2.4627,M,-17.3240,M,2.0,0000*79
$GPGGA,232425.00,4737.5644857,N,12220.3049840,W,4,18,0.7,2.4608,M,-17.3240,M,1.0,0000*73
$GPGGA,232426.00,4737.5644862,N,12220.3049825,W,4,18,0.7,2.4669,M,-17.3240,M,2.0,0000*71
$GPGGA,232427.00,4737.5644845,N,12220.3049841,W,4,18,0.7,2.4627,M,-17.3240,M,2.0,0000*7D
$GPGGA,232428.00,4737.5644838,N,12220.3049854,W,4,18,0.7,2.4604,M,-17.3240,M,2.0,0000*7D
$GPGGA,232429.00,4737.5644810,N,12220.3049863,W,4,18,0.7,2.4550,M,-17.3240,M,2.0,0000*70
$GPGGA,232430.00,4737.5644809,N,12220.3049871,W,4,18,0.7,2.4526,M,-17.3240,M,2.0,0000*72
$GPGGA,232431.00,4737.5644809,N,12220.3049866,W,4,18,0.7,2.4555,M,-17.3240,M,2.0,0000*71
$GPGGA,232432.00,4737.5644839,N,12220.3049851,W,4,18,0.7,2.4640,M,-17.3240,M,2.0,0000*72
$GPGGA,232433.00,4737.5644850,N,12220.3049838,W,4,18,0.7,2.4673,M,-17.3240,M,2.0,0000*73
$GPGGA,232434.00,4737.5644860,N,12220.3049848,W,4,18,0.7,2.4762,M,-17.3240,M,2.0,0000*71
$GPGGA,232435.00,4737.5644843,N,12220.3049846,W,4,18,0.7,2.4673,M,-17.3240,M,2.0,0000*7E
$GPGGA,232436.00,4737.5644848,N,12220.3049852,W,4,18,0.7,2.4625,M,-17.3240,M,2.0,0000*70
$GPGGA,232437.00,4737.5644834,N,12220.3049854,W,4,18,0.7,2.4674,M,-17.3240,M,1.0,0000*7B
$GPGGA,232438.00,4737.5644840,N,12220.3049856,W,4,18,0.7,2.4648,M,-17.3240,M,2.0,0000*79
$GPGGA,232439.00,4737.5644866,N,12220.3049860,W,4,18,0.7,2.4716,M,-17.3240,M,2.0,0000*73
$GPGGA,232440.00,4737.5644862,N,12220.3049855,W,4,18,0.7,2.4724,M,-17.3240,M,2.0,0000*7E
$GPGGA,232441.00,4737.5644858,N,12220.3049849,W,4,18,0.7,2.4714,M,-17.3240,M,2.0,0000*78
$GPGGA,232442.00,4737.5644839,N,12220.3049860,W,4,18,0.7,2.4597,M,-17.3240,M,1.0,0000*7D
$GPGGA,232443.00,4737.5644844,N,12220.3049850,W,4,18,0.7,2.4575,M,-17.3240,M,2.0,0000*7A
$GPGGA,232444.00,4737.5644853,N,12220.3049872,W,4,18,0.7,2.4559,M,-17.3240,M,2.0,0000*75
$GPGGA,232445.00,4737.5644845,N,12220.3049859,W,4,18,0.7,2.4559,M,-17.3240,M,2.0,0000*7A
$GPGGA,232446.00,4737.5644836,N,12220.3049873,W,4,18,0.7,2.4565,M,-17.3240,M,2.0,0000*7A
$GPGGA,232447.00,4737.5644865,N,12220.3049855,W,4,18,0.7,2.4666,M,-17.3240,M,2.0,0000*79
$GPGGA,232448.00,4737.5644860,N,12220.3049850,W,4,18,0.7,2.4620,M,-17.3240,M,2.0,0000*74
$GPGGA,232449.00,4737.5644879,N,12220.3049857,W,4,18,0.7,2.4684,M,-17.3240,M,2.0,0000*74
$GPGGA,232450.00,4737.5644861,N,12220.3049848,W,4,18,0.7,2.4680,M,-17.3240,M,2.0,0000*7F
$GPGGA,232451.00,4737.5644836,N,12220.3049833,W,4,18,0.7,2.4674,M,-17.3240,M,2.0,0000*7B
$GPGGA,232452.00,4737.5644810,N,12220.3049884,W,4,18,0.7,2.4577,M,-17.3240,M,1.0,0000*73
$GPGGA,232453.00,4737.5644808,N,12220.3049872,W,4,18,0.7,2.4600,M,-17.3240,M,2.0,0000*72
$GPGGA,232454.00,4737.5644815,N,12220.3049889,W,4,18,0.7,2.4597,M,-17.3240,M,1.0,0000*73
$GPGGA,232455.00,4737.5644807,N,12220.3049880,W,4,18,0.7,2.4638,M,-17.3240,M,2.0,0000*7D
$GPGGA,232456.00,4737.5644817,N,12220.3049855,W,4,18,0.7,2.4669,M,-17.3240,M,2.0,0000*73
$GPGGA,232457.00,4737.5644829,N,12220.3049860,W,4,18,0.7,2.4711,M,-17.3240,M,2.0,0000*77
$GPGGA,232458.00,4737.5644847,N,12220.3049858,W,4,18,0.7,2.4764,M,-17.3240,M,2.0,0000*79
$GPGGA,232459.00,4737.5644850,N,12220.3049850,W,4,18,0.7,2.4761,M,-17.3240,M,2.0,0000*73
$GPGGA,232500.00,4737.5644837,N,12220.3049862,W,4,18,0.7,2.4635,M,-17.3240,M,2.0,0000*7E
$GPGGA,232501.00,4737.5644829,N,12220.3049870,W,4,18,0.7,2.4580,M,-17.3240,M,2.0,0000*7E
$GPGGA,232502.00,4737.5644820,N,12220.3049902,W,4,18,0.7,2.4618,M,-17.3240,M,2.0,0000*72
$GPGGA,232503.00,4737.5644824,N,12220.3049925,W,4,18,0.7,2.4642,M,-17.3240,M,2.0,0000*7D
$GPGGA,232504.00,4737.5644815,N,12220.3049902,W,4,18,0.7,2.4725,M,-17.3240,M,2.0,0000*7D
$GPGGA,232505.00,4737.5644820,N,12220.3049899,W,4,18,0.7,2.4768,M,-17.3240,M,2.0,0000*70
$GPGGA,232506.00,4737.5644817,N,12220.3049908,W,4,18,0.7,2.4619,M,-17.3240,M,2.0,0000*79
$GPGGA,232507.00,4737.5644824,N,12220.3049898,W,4,18,0.7,2.4571,M,-17.3240,M,2.0,0000*7D
$GPGGA,232508.00,4737.5644815,N,12220.3049900,W,4,18,0.7,2.4583,M,-17.3240,M,2.0,0000*7D
$GPGGA,232509.00,4737.5644834,N,12220.3049898,W,4,18,0.7,2.4632,M,-17.3240,M,2.0,0000*76
$GPGGA,232510.00,4737.5644828,N,12220.3049915,W,4,18,0.7,2.4598,M,-17.3240,M,1.0,0000*77
$GPGGA,232511.00,4737.5644817,N,12220.3049905,W,4,18,0.7,2.4593,M,-17.3240,M,2.0,0000*73
$GPGGA,232512.00,4737.5644799,N,12220.3049918,W,4,18,0.7,2.4563,M,-17.3240,M,2.0,0000*7A
$GPGGA,232513.00,4737.5644820,N,12220.3049913,W,4,18,0.7,2.4555,M,-17.3240,M,2.0,0000*78
$GPGGA,232514.00,4737.5644836,N,12220.3049910,W,4,18,0.7,2.4593,M,-17.3240,M,2.0,0000*71
$GPGGA,232515.00,4737.5644827,N,12220.3049882,W,4,18,0.7,2.4580,M,-17.3240,M,2.0,0000*78
$GPGGA,232516.00,4737.5644837,N,12220.3049904,W,4,16,0.8,2.4578,M,-17.3240,M,2.0,0000*73
$GPGGA,232517.00,4737.5644810,N,12220.3049935,W,4,16,0.8,2.4417,M,-17.3240,M,1.0,0000*7E
$GPGGA,232518.00,4737.5644801,N,12220.3049944,W,4,18,0.7,2.4488,M,-17.3240,M,2.0,0000*73
$GPGGA,232519.00,4737.5644800,N,12220.3049969,W,4,18,0.7,2.4444,M,-17.3240,M,2.0,0000*7C
$GPGGA,232520.00,4737.5644795,N,12220.3049956,W,4,18,0.7,2.4470,M,-17.3240,M,2.0,0000*7E
$GPGGA,232521.00,4737.5644802,N,12220.3049932,W,4,18,0.7,2.4501,M,-17.3240,M,2.0,0000*7B
$GPGGA,232522.00,4737.5644812,N,12220.3049912,W,4,18,0.7,2.4482,M,-17.3240,M,2.0,0000*71
$GPGGA,232523.00,4737.5644807,N,12220.3049907,W,4,18,0.7,2.4474,M,-17.3240,M,2.0,0000*79
$GPGGA,232524.00,4737.5644805,N,12220.3049936,W,4,18,0.7,2.4445,M,-17.3240,M,2.0,0000*7C
$GPGGA,232525.00,4737.5644815,N,12220.3049932,W,4,15,0.9,2.4517,M,-17.3240,M,2.0,0000*7D
$GPGGA,232526.00,4737.5644807,N,12220.3049932,W,4,17,0.8,2.4460,M,-17.3240,M,2.0,0000*7F
$GPGGA,232527.00,4737.5644791,N,12220.3049951,W,4,18,0.7,2.4385,M,-17.3240,M,2.0,0000*77
$GPGGA,232528.00,4737.5644783,N,12220.3049965,W,4,18,0.7,2.4368,M,-17.3240,M,2.0,0000*7F
$GPGGA,232529.00,4737.5644766,N,12220.3049967,W,4,18,0.7,2.4347,M,-17.3240,M,2.0,0000*7A
$GPGGA,232530.00,4737.5644762,N,12220.3049956,W,4,18,0.7,2.4285,M,-17.3240,M,2.0,0000*7B
$GPGGA,232531.00,4737.5644800,N,12220.3049973,W,4,18,0.7,2.4364,M,-17.3240,M,2.0,0000*78
$GPGGA,232532.00,4737.5644819,N,12220.3049962,W,4,18,0.7,2.4430,M,-17.3240,M,2.0,0000*75
$GPGGA,232533.00,4737.5644815,N,12220.3049943,W,4,18,0.7,2.4411,M,-17.3240,M,2.0,0000*78
$GPGGA,232534.00,4737.5644814,N,12220.3049947,W,4,18,0.7,2.4451,M,-17.3240,M,2.0,0000*7E
$GPGGA,232535.00,4737.5644781,N,12220.3049958,W,4,18,0.7,2.4404,M,-17.3240,M,2.0,0000*72
$GPGGA,232536.00,4737.5644769,N,12220.3049981,W,4,18,0.7,2.4404,M,-17.3240,M,2.0,0000*73
$GPGGA,232537.00,4737.5644760,N,12220.3049959,W,4,18,0.7,2.4462,M,-17.3240,M,2.0,0000*7E
$GPGGA,232538.00,4737.5644763,N,12220.3049971,W,4,18,0.7,2.4407,M,-17.3240,M,2.0,0000*7B
$GPGGA,232539.00,4737.5644779,N,12220.3049958,W,4,18,0.7,2.4426,M,-17.3240,M,2.0,0000*79
$GPGGA,232540.00,4737.5644763,N,12220.3049980,W,4,18,0.7,2.4400,M,-17.3240,M,1.0,0000*7E
$GPGGA,232541.00,4737.5644755,N,12220.3049992,W,4,18,0.7,2.4404,M,-17.3240,M,2.0,0000*7E
$GPGGA,232542.00,4737.5644757,N,12220.3049989,W,4,18,0.7,2.4441,M,-17.3240,M,1.0,0000*77
$GPGGA,232543.00,4737.5644761,N,12220.3049977,W,4,18,0.7,2.4449,M,-17.3240,M,2.0,0000*79
$GPGGA,232544.00,4737.5644749,N,12220.3049977,W,4,18,0.7,2.4451,M,-17.3240,M,2.0,0000*7D
$GPGGA,232545.00,4737.5644763,N,12220.3049986,W,4,18,0.7,2.4499,M,-17.3240,M,2.0,0000*7E
$GPGGA,232546.00,4737.5644760,N,12220.3049984,W,4,18,0.7,2.4450,M,-17.3240,M,2.0,0000*79
$GPGGA,232547.00,4737.5644738,N,12220.3049989,W,4,18,0.7,2.4395,M,-17.3240,M,2.0,0000*76
$GPGGA,232548.00,4737.5644758,N,12220.3049994,W,4,18,0.7,2.4442,M,-17.3240,M,2.0,0000*7E
$GPGGA,232549.00,4737.5644750,N,12220.3049978,W,4,18,0.7,2.4407,M,-17.3240,M,2.0,0000*74
$GPGGA,232550.00,4737.5644752,N,12220.3049969,W,4,18,0.7,2.4409,M,-17.3240,M,2.0,0000*70
$GPGGA,232551.00,4737.5644757,N,12220.3049989,W,4,18,0.7,2.4417,M,-17.3240,M,2.0,0000*75
$GPGGA,232552.00,4737.5644751,N,12220.3049984,W,4,18,0.7,2.4426,M,-17.3240,M,2.0,0000*7F
$GPGGA,232553.00,4737.5644760,N,12220.3049997,W,4,18,0.7,2.4390,M,-17.3240,M,2.0,0000*74
$GPGGA,232554.00,4737.5644763,N,12220.3049973,W,4,18,0.7,2.4447,M,-17.3240,M,1.0,0000*74
$GPGGA,232555.00,4737.5644768,N,12220.3049962,W,4,18,0.7,2.4432,M,-17.3240,M,2.0,0000*7F
$GPGGA,232556.00,4737.5644780,N,12220.3049954,W,4,18,0.7,2.4522,M,-17.3240,M,2.0,0000*7F
$GPGGA,232557.00,4737.5644760,N,12220.3049985,W,4,18,0.7,2.4513,M,-17.3240,M,2.0,0000*7E
$GPGGA,232558.00,4737.5644753,N,12220.3049998,W,4,18,0.7,2.4471,M,-17.3240,M,2.0,0000*78
$GPGGA,232559.00,4737.5644744,N,12220.3049997,W,4,18,0.7,2.4507,M,-17.3240,M,2.0,0000*70
$GPGGA,232600.00,4737.5644718,N,12220.3050004,W,4,18,0.7,2.4478,M,-17.3240,M,2.0,0000*74
$GPGGA,232601.00,4737.5644711,N,12220.3049984,W,4,18,0.7,2.4514,M,-17.3240,M,2.0,0000*7E
$GPGGA,232602.00,4737.5644729,N,12220.3049975,W,4,18,0.7,2.4480,M,-17.3240,M,2.0,0000*74
$GPGGA,232603.00,4737.5644771,N,12220.3049984,W,4,18,0.7,2.4530,M,-17.3240,M,2.0,0000*7C
$GPGGA,232604.00,4737.5644777,N,12220.3049978,W,4,18,0.7,2.4587,M,-17.3240,M,2.0,0000*72
$GPGGA,232605.00,4737.5644763,N,12220.3049982,W,4,18,0.7,2.4556,M,-17.3240,M,2.0,0000*7F
$GPGGA,232606.00,4737.5644749,N,12220.3049973,W,4,18,0.7,2.4597,M,-17.3240,M,1.0,0000*74
$GPGGA,232607.00,4737.5644736,N,12220.3049968,W,4,18,0.7,2.4669,M,-17.3240,M,2.0,0000*76
$GPGGA,232608.00,4737.5644759,N,12220.3049964,W,4,18,0.7,2.4579,M,-17.3240,M,2.0,0000*7E
$GPGGA,232609.00,4737.5644763,N,12220.3049995,W,4,18,0.7,2.4592,M,-17.3240,M,2.0,0000*7D
$GPGGA,232610.00,4737.5644777,N,12220.3049978,W,4,18,0.7,2.4579,M,-17.3240,M,2.0,0000*76
$GPGGA,232611.00,4737.5644762,N,12220.3049975,W,4,15,0.9,2.4557,M,-17.3240,M,2.0,0000*71
$GPGGA,232612.00,4737.5644763,N,12220.3049944,W,4,18,0.7,2.4512,M,-17.3240,M,2.0,0000*73
$GPGGA,232613.00,4737.5644767,N,12220.3050001,W,4,18,0.7,2.4438,M,-17.3240,M,2.0,0000*7F
$GPGGA,232614.00,4737.5644775,N,12220.3050014,W,4,18,0.7,2.4468,M,-17.3240,M,2.0,0000*7A
$GPGGA,232615.00,4737.5644767,N,12220.3049969,W,4,18,0.7,2.4486,M,-17.3240,M,2.0,0000*73
$GPGGA,232616.00,4737.5644787,N,12220.3049976,W,4,18,0.7,2.4489,M,-17.3240,M,2.0,0000*7F
$GPGGA,232617.00,4737.5644777,N,12220.3049994,W,4,18,0.7,2.4446,M,-17.3240,M,2.0,0000*7E
$GPGGA,232618.00,4737.5644786,N,12220.3049984,W,4,18,0.7,2.4479,M,-17.3240,M,2.0,0000*72
$GPGGA,232619.00,4737.5644795,N,12220.3049980,W,4,18,0.7,2.4466,M,-17.3240,M,2.0,0000*7B
$GPGGA,232620.00,4737.5644819,N,12220.3049965,W,4,18,0.7,2.4495,M,-17.3240,M,2.0,0000*7D
$GPGGA,232621.00,4737.5644800,N,12220.3049970,W,4,18,0.7,2.4499,M,-17.3240,M,2.0,0000*7C
$GPGGA,232622.00,4737.5644769,N,12220.3049971,W,4,18,0.7,2.4476,M,-17.3240,M,2.0,0000*7F
$GPGGA,232623.00,4737.5644761,N,12220.3049995,W,4,18,0.7,2.4434,M,-17.3240,M,2.0,0000*7A
$GPGGA,232624.00,4737.5644751,N,12220.3049979,W,4,18,0.7,2.4374,M,-17.3240,M,2.0,0000*7F
$GPGGA,232625.00,4737.5644777,N,12220.3049965,W,4,18,0.7,2.4424,M,-17.3240,M,2.0,0000*75
$GPGGA,232626.00,4737.5644808,N,12220.3049949,W,4,18,0.7,2.4499,M,-17.3240,M,1.0,0000*7A
$GPGGA,232627.00,4737.5644794,N,12220.3049949,W,4,18,0.7,2.4453,M,-17.3240,M,2.0,0000*74
$GPGGA,232628.00,4737.5644784,N,12220.3049966,W,4,18,0.7,2.4489,M,-17.3240,M,2.0,0000*70
$GPGGA,232629.00,4737.5644776,N,12220.3049978,W,4,18,0.7,2.4479,M,-17.3240,M,2.0,0000*7C
$GPGGA,232630.00,4737.5644774,N,12220.3049958,W,4,18,0.7,2.4472,M,-17.3240,M,1.0,0000*7C
$GPGGA,232631.00,4737.5644753,N,12220.3049977,W,4,16,0.8,2.4444,M,-17.3240,M,2.0,0000*72
$GPGGA,232632.00,4737.5644775,N,12220.3049973,W,4,17,0.8,2.4471,M,-17.3240,M,1.0,0000*75
$GPGGA,232633.00,4737.5644808,N,12220.3049958,W,4,18,0.7,2.4466,M,-17.3240,M,2.0,0000*7D
$GPGGA,232634.00,4737.5644810,N,12220.3049962,W,4,18,0.7,2.4484,M,-17.3240,M,2.0,0000*76
$GPGGA,232635.00,4737.5644790,N,12220.3049961,W,4,18,0.7,2.4401,M,-17.3240,M,2.0,0000*7E
$GPGGA,232636.00,4737.5644777,N,12220.3049957,W,4,18,0.7,2.4388,M,-17.3240,M,2.0,0000*77
$GPGGA,232637.00,4737.5644777,N,12220.3049976,W,4,18,0.7,2.4398,M,-17.3240,M,2.0,0000*74
$GPGGA,232638.00,4737.5644771,N,12220.3049956,W,4,18,0.7,2.4457,M,-17.3240,M,2.0,0000*7B
$GPGGA,232639.00,4737.5644780,N,12220.3049974,W,4,18,0.7,2.4424,M,-17.3240,M,2.0,0000*70
$GPGGA,232640.00,4737.5644796,N,12220.3049959,W,4,18,0.7,2.4402,M,-17.3240,M,2.0,0000*72
$GPGGA,232641.00,4737.5644791,N,12220.3049939,W,4,18,0.7,2.4455,M,-17.3240,M,2.0,0000*70
$GPGGA,232642.00,4737.5644764,N,12220.3049935,W,4,18,0.7,2.4424,M,-17.3240,M,2.0,0000*73
$GPGGA,232643.00,4737.5644753,N,12220.3049963,W,4,18,0.7,2.4383,M,-17.3240,M,2.0,0000*7F
$GPGGA,232644.00,4737.5644740,N,12220.3049978,W,4,18,0.7,2.4419,M,-17.3240,M,2.0,0000*74
$GPGGA,232645.00,4737.5644744,N,12220.3049977,W,4,18,0.7,2.4377,M,-17.3240,M,2.0,0000*71
$GPGGA,232646.00,4737.5644770,N,12220.3049977,W,4,18,0.7,2.4383,M,-17.3240,M,2.0,0000*7E
$GPGGA,232647.00,4737.5644779,N,12220.3049956,W,4,18,0.7,2.4389,M,-17.3240,M,2.0,0000*7F
$GPGGA,232648.00,4737.5644800,N,12220.3049951,W,4,18,0.7,2.4360,M,-17.3240,M,2.0,0000*71
$GPGGA,232649.00,4737.5644801,N,12220.3049945,W,4,17,0.7,2.4412,M,-17.3240,M,2.0,0000*79
$GPGGA,232650.00,4737.5644767,N,12220.3049945,W,4,14,1.0,2.4339,M,-17.3240,M,1.0,0000*76
$GPGGA,232651.00,4737.5644786,N,12220.3049997,W,4,17,0.8,2.4469,M,-17.3240,M,2.0,0000*7C
$GPGGA,232652.00,4737.5644764,N,12220.3049996,W,4,17,0.8,2.4314,M,-17.3240,M,2.0,0000*7F
$GPGGA,232653.00,4737.5644748,N,12220.3049973,W,4,17,0.8,2.4259,M,-17.3240,M,2.0,0000*73
$GPGGA,232654.00,4737.5644723,N,12220.3050006,W,4,17,0.7,2.4359,M,-17.3240,M,2.0,0000*74
$GPGGA,232655.00,4737.5644713,N,12220.3049935,W,4,17,0.8,2.4269,M,-17.3240,M,2.0,0000*7A
$GPGGA,232656.00,4737.5644741,N,12220.3049878,W,4,16,0.8,2.4428,M,-17.3240,M,2.0,0000*74
$GPGGA,232657.00,4737.5644781,N,12220.3049920,W,4,16,0.8,2.4324,M,-17.3240,M,1.0,0000*7D
$GPGGA,232658.00,4737.5644774,N,12220.3049956,W,4,18,0.7,2.4243,M,-17.3240,M,2.0,0000*7B
$GPGGA,232659.00,4737.5644791,N,12220.3049957,W,4,18,0.7,2.4340,M,-17.3240,M,2.0,0000*72
$GPGGA,232700.00,4737.5644804,N,12220.3049986,W,4,18,0.7,2.4331,M,-17.3240,M,2.0,0000*76
$GPGGA,232701.00,4737.5644784,N,12220.3049933,W,4,18,0.7,2.4331,M,-17.3240,M,3.0,0000*7F
$GPGGA,232702.00,4737.5644785,N,12220.3049922,W,4,18,0.7,2.4382,M,-17.3240,M,2.0,0000*74
$GPGGA,232703.00,4737.5644792,N,12220.3049941,W,4,18,0.7,2.4355,M,-17.3240,M,2.0,0000*7C
$GPGGA,232704.00,4737.5644791,N,12220.3049936,W,4,18,0.7,2.4293,M,-17.3240,M,2.0,0000*73
$GPGGA,232705.00,4737.5644788,N,12220.3049940,W,4,18,0.7,2.4308,M,-17.3240,M,2.0,0000*78
$GPGGA,232706.00,4737.5644801,N,12220.3049936,W,4,18,0.7,2.4316,M,-17.3240,M,2.0,0000*7B
$GPGGA,232707.00,4737.5644796,N,12220.3049930,W,4,18,0.7,2.4324,M,-17.3240,M,2.0,0000*7C
$GPGGA,232708.00,4737.5644782,N,12220.3049932,W,4,18,0.7,2.4323,M,-17.3240,M,2.0,0000*73
$GPGGA,232709.00,4737.5644768,N,12220.3049942,W,4,18,0.7,2.4291,M,-17.3240,M,2.0,0000*79
$GPGGA,232710.00,4737.5644765,N,12220.3049943,W,4,18,0.7,2.4280,M,-17.3240,M,2.0,0000*7D
$GPGGA,232711.00,4737.5644800,N,12220.3049959,W,4,18,0.7,2.4325,M,-17.3240,M,1.0,0000*76
$GPGGA,232712.00,4737.5644805,N,12220.3049956,W,4,18,0.7,2.4342,M,-17.3240,M,2.0,0000*7D
$GPGGA,232713.00,4737.5644811,N,12220.3049947,W,4,18,0.7,2.4356,M,-17.3240,M,2.0,0000*7C
$GPGGA,232714.00,4737.5644809,N,12220.3049965,W,4,18,0.7,2.4327,M,-17.3240,M,2.0,0000*74
$GPGGA,232715.00,4737.5644785,N,12220.3049979,W,4,18,0.7,2.4272,M,-17.3240,M,2.0,0000*72
$GPGGA,232716.00,4737.5644787,N,12220.3049973,W,4,18,0.7,2.4246,M,-17.3240,M,2.0,0000*7E
$GPGGA,232717.00,4737.5644795,N,12220.3049976,W,4,18,0.7,2.4268,M,-17.3240,M,2.0,0000*75
$GPGGA,232718.00,4737.5644810,N,12220.3049967,W,4,18,0.7,2.4309,M,-17.3240,M,1.0,0000*7D
$GPGGA,232719.00,4737.5644799,N,12220.3049974,W,4,18,0.7,2.4234,M,-17.3240,M,2.0,0000*7C
$GPGGA,232720.00,4737.5644794,N,12220.3049966,W,4,18,0.7,2.4238,M,-17.3240,M,2.0,0000*74
$GPGGA,232721.00,4737.5644785,N,12220.3049981,W,4,18,0.7,2.4201,M,-17.3240,M,2.0,0000*76
$GPGGA,232722.00,4737.5644755,N,12220.3049983,W,4,15,0.9,2.4143,M,-17.3240,M,2.0,0000*7C
$GPGGA,232723.00,4737.5644780,N,12220.3049985,W,4,18,0.7,2.4199,M,-17.3240,M,2.0,0000*77
$GPGGA,232724.00,4737.5644807,N,12220.3049922,W,4,18,0.7,2.4168,M,-17.3240,M,2.0,0000*73
$GPGGA,232725.00,4737.5644796,N,12220.3049935,W,4,18,0.7,2.4282,M,-17.3240,M,2.0,0000*74
$GPGGA,232726.00,4737.5644799,N,12220.3049927,W,4,18,0.7,2.4250,M,-17.3240,M,2.0,0000*74
$GPGGA,232727.00,4737.5644826,N,12220.3049932,W,4,18,0.7,2.4279,M,-17.3240,M,2.0,0000*71
$GPGGA,232728.00,4737.5644828,N,12220.3049942,W,4,18,0.7,2.4255,M,-17.3240,M,2.0,0000*79
$GPGGA,232729.00,4737.5644823,N,12220.3049973,W,4,18,0.7,2.4236,M,-17.3240,M,2.0,0000*74
$GPGGA,232730.00,4737.5644828,N,12220.3049966,W,4,18,0.7,2.4242,M,-17.3240,M,2.0,0000*70
$GPGGA,232731.00,4737.5644811,N,12220.3049962,W,4,18,0.7,2.4197,M,-17.3240,M,2.0,0000*74
$GPGGA,232732.00,4737.5644806,N,12220.3049950,W,4,18,0.7,2.4171,M,-17.3240,M,2.0,0000*78
$GPGGA,232733.00,4737.5644804,N,12220.3049959,W,4,18,0.7,2.4133,M,-17.3240,M,2.0,0000*74
$GPGGA,232734.00,4737.5644805,N,12220.3049973,W,4,18,0.7,2.4140,M,-17.3240,M,2.0,0000*7E
$GPGGA,232735.00,4737.5644804,N,12220.3049954,W,4,18,0.7,2.4208,M,-17.3240,M,2.0,0000*74
$GPGGA,232736.00,4737.5644791,N,12220.3049949,W,4,18,0.7,2.4229,M,-17.3240,M,2.0,0000*7B
$GPGGA,232737.00,4737.5644770,N,12220.3049970,W,4,18,0.7,2.4205,M,-17.3240,M,2.0,0000*71
$GPGGA,232738.00,4737.5644769,N,12220.3049972,W,4,18,0.7,2.4188,M,-17.3240,M,2.0,0000*72
$GPGGA,232739.00,4737.5644766,N,12220.3049948,W,4,18,0.7,2.4199,M,-17.3240,M,2.0,0000*75
$GPGGA,232740.00,4737.5644785,N,12220.3049937,W,4,18,0.7,2.4205,M,-17.3240,M,2.0,0000*78
$GPGGA,232741.00,4737.5644804,N,12220.3049924,W,4,18,0.7,2.4219,M,-17.3240,M,2.0,0000*70
$GPGGA,232742.00,4737.5644823,N,12220.3049930,W,4,18,0.7,2.4208,M,-17.3240,M,2.0,0000*73
$GPGGA,232743.00,4737.5644796,N,12220.3049942,W,4,18,0.7,2.4189,M,-17.3240,M,2.0,0000*7C
$GPGGA,232744.00,4737.5644791,N,12220.3049961,W,4,18,0.7,2.4228,M,-17.3240,M,2.0,0000*75
$GPGGA,232745.00,4737.5644795,N,12220.3049958,W,4,18,0.7,2.4227,M,-17.3240,M,2.0,0000*75
$GPGGA,232746.00,4737.5644782,N,12220.3049973,W,4,18,0.7,2.4197,M,-17.3240,M,2.0,0000*71
$GPGGA,232747.00,4737.5644787,N,12220.3049965,W,4,18,0.7,2.4176,M,-17.3240,M,2.0,0000*7D
$GPGGA,232748.00,4737.5644802,N,12220.3049957,W,4,18,0.7,2.4177,M,-17.3240,M,2.0,0000*70
$GPGGA,232749.00,4737.5644790,N,12220.3049938,W,4,18,0.7,2.4214,M,-17.3240,M,2.0,0000*7A
$GPGGA,232750.00,4737.5644793,N,12220.3049927,W,4,18,0.7,2.4220,M,-17.3240,M,2.0,0000*78
$GPGGA,232751.00,4737.5644811,N,12220.3049895,W,4,16,0.8,2.4036,M,-17.3240,M,2.0,0000*70
$GPGGA,232752.00,4737.5644792,N,12220.3049919,W,4,16,0.8,2.4258,M,-17.3240,M,2.0,0000*78
$GPGGA,232753.00,4737.5644771,N,12220.3049925,W,4,18,0.7,2.4266,M,-17.3240,M,2.0,0000*77
$GPGGA,232754.00,4737.5644757,N,12220.3049956,W,4,18,0.7,2.4274,M,-17.3240,M,2.0,0000*73
$GPGGA,232755.00,4737.5644737,N,12220.3049967,W,4,18,0.7,2.4261,M,-17.3240,M,2.0,0000*72
$GPGGA,232756.00,4737.5644742,N,12220.3049966,W,4,18,0.7,2.4262,M,-17.3240,M,2.0,0000*71
$GPGGA,232757.00,4737.5644769,N,12220.3049962,W,4,18,0.7,2.4244,M,-17.3240,M,2.0,0000*79
$GPGGA,232758.00,4737.5644792,N,12220.3049954,W,4,18,0.7,2.4215,M,-17.3240,M,2.0,0000*73
$GPGGA,232759.00,4737.5644792,N,12220.3049959,W,4,17,0.7,2.4277,M,-17.3240,M,2.0,0000*74
$GPGGA,232800.00,4737.5644801,N,12220.3049953,W,4,17,0.7,2.4335,M,-17.3240,M,2.0,0000*7F
$GPGGA,232801.00,4737.5644757,N,12220.3049979,W,4,17,0.7,2.4263,M,-17.3240,M,2.0,0000*78
$GPGGA,232802.00,4737.5644751,N,12220.3049974,W,4,17,0.7,2.4285,M,-17.3240,M,2.0,0000*78
$GPGGA,232803.00,4737.5644749,N,12220.3049976,W,4,17,0.7,2.4283,M,-17.3240,M,2.0,0000*74
$GPGGA,232804.00,4737.5644767,N,12220.3049997,W,4,17,0.7,2.4327,M,-17.3240,M,2.0,0000*7F
$GPGGA,232805.00,4737.5644777,N,12220.3050018,W,4,17,0.7,2.4331,M,-17.3240,M,2.0,0000*7E
$GPGGA,232806.00,4737.5644797,N,12220.3049999,W,4,17,0.7,2.4377,M,-17.3240,M,2.0,0000*79
$GPGGA,232807.00,4737.5644777,N,12220.3049995,W,4,17,0.7,2.4348,M,-17.3240,M,2.0,0000*76
$GPGGA,232808.00,4737.5644789,N,12220.3049994,W,4,17,0.7,2.4348,M,-17.3240,M,2.0,0000*79
$GPGGA,232809.00,4737.5644766,N,12220.3049996,W,4,17,0.7,2.4321,M,-17.3240,M,2.0,0000*74
$GPGGA,232810.00,4737.5644738,N,12220.3049985,W,4,17,0.7,2.4361,M,-17.3240,M,2.0,0000*71
$GPGGA,232811.00,4737.5644745,N,12220.3050003,W,4,17,0.7,2.4403,M,-17.3240,M,2.0,0000*76
$GPGGA,232812.00,4737.5644721,N,12220.3050005,W,4,17,0.7,2.4390,M,-17.3240,M,2.0,0000*7C
$GPGGA,232813.00,4737.5644733,N,12220.3049991,W,4,17,0.7,2.4401,M,-17.3240,M,2.0,0000*7D
$GPGGA,232814.00,4737.5644749,N,12220.3050016,W,4,17,0.7,2.4390,M,-17.3240,M,1.0,0000*75
$GPGGA,232815.00,4737.5644745,N,12220.3049981,W,4,17,0.7,2.4362,M,-17.3240,M,2.0,0000*79
$GPGGA,232816.00,4737.5644741,N,12220.3050003,W,4,15,0.8,2.4494,M,-17.3240,M,2.0,0000*76
$GPGGA,232817.00,4737.5644691,N,12220.3050110,W,4,14,0.9,2.4652,M,-17.3240,M,2.0,0000*70
$GPGGA,232818.00,4737.5644724,N,12220.3049980,W,4,16,0.8,2.4443,M,-17.3240,M,2.0,0000*78
$GPGGA,232819.00,4737.5644706,N,12220.3050013,W,4,16,0.8,2.4546,M,-17.3240,M,2.0,0000*76
$GPGGA,232820.00,4737.5644713,N,12220.3050036,W,4,15,0.9,2.4570,M,-17.3240,M,2.0,0000*78
$GPGGA,232821.00,4737.5644739,N,12220.3050055,W,4,17,0.7,2.4661,M,-17.3240,M,1.0,0000*78
$GPGGA,232822.00,4737.5644729,N,12220.3050023,W,4,17,0.7,2.4661,M,-17.3240,M,2.0,0000*78
$GPGGA,232823.00,4737.5644736,N,12220.3050054,W,4,17,0.7,2.4692,M,-17.3240,M,2.0,0000*7B
$GPGGA,232824.00,4737.5644759,N,12220.3050065,W,4,17,0.7,2.4718,M,-17.3240,M,1.0,0000*77
$GPGGA,232825.00,4737.5644762,N,12220.3050046,W,4,17,0.7,2.4723,M,-17.3240,M,2.0,0000*74
$GPGGA,232826.00,4737.5644719,N,12220.3050053,W,4,17,0.7,2.4646,M,-17.3240,M,2.0,0000*7D
$GPGGA,232827.00,4737.5644729,N,12220.3050059,W,4,17,0.7,2.4665,M,-17.3240,M,2.0,0000*74
$GPGGA,232828.00,4737.5644725,N,12220.3050040,W,4,17,0.7,2.4695,M,-17.3240,M,2.0,0000*70
$GPGGA,232829.00,4737.5644726,N,12220.3050065,W,4,15,0.8,2.4621,M,-17.3240,M,2.0,0000*77
$GPGGA,232830.00,4737.5644740,N,12220.3050049,W,4,16,0.8,2.4591,M,-17.3240,M,2.0,0000*7A
$GPGGA,232831.00,4737.5644735,N,12220.3050051,W,4,17,0.7,2.4524,M,-17.3240,M,2.0,0000*70
$GPGGA,232832.00,4737.5644754,N,12220.3050026,W,4,17,0.7,2.4605,M,-17.3240,M,2.0,0000*74
$GPGGA,232833.00,4737.5644749,N,12220.3050023,W,4,17,0.7,2.4615,M,-17.3240,M,2.0,0000*7D
$GPGGA,232834.00,4737.5644739,N,12220.3050003,W,4,17,0.7,2.4596,M,-17.3240,M,2.0,0000*77
$GPGGA,232835.00,4737.5644709,N,12220.3050035,W,4,17,0.7,2.4576,M,-17.3240,M,2.0,0000*7E
$GPGGA,232836.00,4737.5644712,N,12220.3050035,W,4,17,0.7,2.4604,M,-17.3240,M,2.0,0000*71
$GPGGA,232837.00,4737.5644702,N,12220.3050045,W,4,17,0.7,2.4497,M,-17.3240,M,2.0,0000*7E
$GPGGA,232838.00,4737.5644715,N,12220.3050055,W,4,17,0.7,2.4559,M,-17.3240,M,2.0,0000*75
$GPGGA,232839.00,4737.5644736,N,12220.3050052,W,4,17,0.7,2.4584,M,-17.3240,M,2.0,0000*72
$GPGGA,232840.00,4737.5644748,N,12220.3050060,W,4,17,0.7,2.4602,M,-17.3240,M,2.0,0000*79
$GPGGA,232841.00,4737.5644745,N,12220.3050048,W,4,17,0.7,2.4588,M,-17.3240,M,2.0,0000*7E
$GPGGA,232842.00,4737.5644724,N,12220.3050075,W,4,17,0.7,2.4511,M,-17.3240,M,2.0,0000*74
$GPGGA,232843.00,4737.5644732,N,12220.3050084,W,4,17,0.7,2.4486,M,-17.3240,M,2.0,0000*73
$GPGGA,232844.00,4737.5644720,N,12220.3050062,W,4,17,0.7,2.4531,M,-17.3240,M,2.0,0000*72
$GPGGA,232845.00,4737.5644713,N,12220.3050089,W,4,17,0.7,2.4482,M,-17.3240,M,2.0,0000*7F
$GPGGA,232846.00,4737.5644693,N,12220.3050081,W,4,17,0.7,2.4483,M,-17.3240,M,2.0,0000*7C
$GPGGA,232847.00,4737.5644692,N,12220.3050078,W,4,17,0.7,2.4475,M,-17.3240,M,2.0,0000*73
$GPGGA,232848.00,4737.5644706,N,12220.3050076,W,4,17,0.7,2.4520,M,-17.3240,M,2.0,0000*7F
$GPGGA,232849.00,4737.5644692,N,12220.3050074,W,4,17,0.7,2.4452,M,-17.3240,M,2.0,0000*74
$GPGGA,232850.00,4737.5644701,N,12220.3050098,W,4,16,0.8,2.4457,M,-17.3240,M,2.0,0000*7E
$GPGGA,232851.00,4737.5644710,N,12220.3050085,W,4,17,0.7,2.4488,M,-17.3240,M,2.0,0000*7F
$GPGGA,232852.00,4737.5644732,N,12220.3050063,W,4,17,0.7,2.4539,M,-17.3240,M,1.0,0000*7C
$GPGGA,232853.00,4737.5644744,N,12220.3050078,W,4,17,0.7,2.4527,M,-17.3240,M,2.0,0000*7A
$GPGGA,232854.00,4737.5644725,N,12220.3050051,W,4,17,0.7,2.4495,M,-17.3240,M,2.0,0000*79
$GPGGA,232855.00,4737.5644715,N,12220.3050070,W,4,17,0.7,2.4460,M,-17.3240,M,2.0,0000*72
$GPGGA,232856.00,4737.5644714,N,12220.3050068,W,4,17,0.7,2.4483,M,-17.3240,M,2.0,0000*74
$GPGGA,232857.00,4737.5644720,N,12220.3050060,W,4,17,0.7,2.4502,M,-17.3240,M,2.0,0000*72
$GPGGA,232858.00,4737.5644746,N,12220.3050061,W,4,17,0.7,2.4528,M,-17.3240,M,2.0,0000*74
$GPGGA,232859.00,4737.5644747,N,12220.3050055,W,4,17,0.7,2.4502,M,-17.3240,M,2.0,0000*7B
$GPGGA,232900.00,4737.5644734,N,12220.3050049,W,4,17,0.7,2.4555,M,-17.3240,M,2.0,0000*7D
$GPGGA,232901.00,4737.5644722,N,12220.3050065,W,4,17,0.7,2.4517,M,-17.3240,M,2.0,0000*73
$GPGGA,232902.00,4737.5644719,N,12220.3050065,W,4,17,0.7,2.4484,M,-17.3240,M,2.0,0000*73
$GPGGA,232903.00,4737.5644716,N,12220.3050047,W,4,17,0.7,2.4477,M,-17.3240,M,2.0,0000*71
$GPGGA,232904.00,4737.5644716,N,12220.3050062,W,4,17,0.7,2.4457,M,-17.3240,M,2.0,0000*73
$GPGGA,232905.00,4737.5644702,N,12220.3050055,W,4,17,0.7,2.4446,M,-17.3240,M,2.0,0000*73
$GPGGA,232906.00,4737.5644729,N,12220.3050056,W,4,17,0.7,2.4579,M,-17.3240,M,1.0,0000*74
$GPGGA,232907.00,4737.5644735,N,12220.3050050,W,4,17,0.7,2.4608,M,-17.3240,M,2.0,0000*78
$GPGGA,232908.00,4737.5644737,N,12220.3050056,W,4,17,0.7,2.4551,M,-17.3240,M,1.0,0000*7F
$GPGGA,232909.00,4737.5644748,N,12220.3050047,W,4,17,0.7,2.4551,M,-17.3240,M,2.0,0000*75
$GPGGA,232910.00,4737.5644754,N,12220.3050040,W,4,17,0.7,2.4511,M,-17.3240,M,2.0,0000*73
$GPGGA,232911.00,4737.5644759,N,12220.3050050,W,4,17,0.7,2.4494,M,-17.3240,M,2.0,0000*72
$GPGGA,232912.00,4737.5644752,N,12220.3050060,W,4,17,0.7,2.4541,M,-17.3240,M,2.0,0000*70
$GPGGA,232913.00,4737.5644751,N,12220.3050072,W,4,17,0.7,2.4593,M,-17.3240,M,2.0,0000*7E
$GPGGA,232914.00,4737.5644735,N,12220.3050056,W,4,17,0.7,2.4550,M,-17.3240,M,2.0,0000*72
$GPGGA,232915.00,4737.5644712,N,12220.3050043,W,4,17,0.7,2.4453,M,-17.3240,M,2.0,0000*70
$GPGGA,232916.00,4737.5644702,N,12220.3050043,W,4,17,0.7,2.4435,M,-17.3240,M,2.0,0000*72
$GPGGA,232917.00,4737.5644705,N,12220.3050027,W,4,17,0.7,2.4443,M,-17.3240,M,2.0,0000*77
$GPGGA,232918.00,4737.5644732,N,12220.3050024,W,4,17,0.7,2.4506,M,-17.3240,M,2.0,0000*7F
$GPGGA,232919.00,4737.5644762,N,12220.3050004,W,4,17,0.7,2.4523,M,-17.3240,M,2.0,0000*7E
$GPGGA,232920.00,4737.5644746,N,12220.3050021,W,4,17,0.7,2.4467,M,-17.3240,M,1.0,0000*77
$GPGGA,232921.00,4737.5644771,N,12220.3050026,W,4,17,0.7,2.4448,M,-17.3240,M,2.0,0000*7B
$GPGGA,232922.00,4737.5644777,N,12220.3050040,W,4,17,0.7,2.4493,M,-17.3240,M,2.0,0000*78
$GPGGA,232923.00,4737.5644783,N,12220.3050014,W,4,17,0.7,2.4517,M,-17.3240,M,2.0,0000*7E
$GPGGA,232924.00,4737.5644761,N,12220.3050019,W,4,17,0.7,2.4483,M,-17.3240,M,2.0,0000*74
$GPGGA,232925.00,4737.5644749,N,12220.3050009,W,4,17,0.7,2.4479,M,-17.3240,M,2.0,0000*7B
$GPGGA,232926.00,4737.5644734,N,12220.3050007,W,4,17,0.7,2.4448,M,-17.3240,M,2.0,0000*7E
$GPGGA,232927.00,4737.5644732,N,12220.3050022,W,4,17,0.7,2.4477,M,-17.3240,M,2.0,0000*72
$GPGGA,232928.00,4737.5644718,N,12220.3050029,W,4,17,0.7,2.4430,M,-17.3240,M,2.0,0000*7D
$GPGGA,232929.00,4737.5644718,N,12220.3050023,W,4,17,0.7,2.4442,M,-17.3240,M,2.0,0000*73
$GPGGA,232930.00,4737.5644722,N,12220.3050023,W,4,17,0.7,2.4447,M,-17.3240,M,2.0,0000*77
$GPGGA,232931.00,4737.5644724,N,12220.3050009,W,4,17,0.7,2.4446,M,-17.3240,M,2.0,0000*79
$GPGGA,232932.00,4737.5644727,N,12220.3050009,W,4,17,0.7,2.4486,M,-17.3240,M,2.0,0000*75
$GPGGA,232933.00,4737.5644724,N,12220.3050049,W,4,17,0.7,2.4497,M,-17.3240,M,2.0,0000*73
$GPGGA,232934.00,4737.5644737,N,12220.3050048,W,4,17,0.7,2.4469,M,-17.3240,M,2.0,0000*76
$GPGGA,232935.00,4737.5644730,N,12220.3050014,W,4,17,0.7,2.4487,M,-17.3240,M,2.0,0000*79
$GPGGA,232936.00,4737.5644734,N,12220.3050024,W,4,17,0.7,2.4410,M,-17.3240,M,2.0,0000*73
$GPGGA,232937.00,4737.5644733,N,12220.3050012,W,4,17,0.7,2.4481,M,-17.3240,M,2.0,0000*78
$GPGGA,232938.00,4737.5644725,N,12220.3050017,W,4,17,0.7,2.4414,M,-17.3240,M,2.0,0000*79
$GPGGA,232939.00,4737.5644738,N,12220.3050019,W,4,17,0.7,2.4440,M,-17.3240,M,2.0,0000*7B
$GPGGA,232940.00,4737.5644734,N,12220.3050032,W,4,17,0.7,2.4433,M,-17.3240,M,2.0,0000*74
$GPGGA,232941.00,4737.5644723,N,12220.3050028,W,4,17,0.7,2.4432,M,-17.3240,M,2.0,0000*79
$GPGGA,232942.00,4737.5644709,N,12220.3050031,W,4,17,0.7,2.4482,M,-17.3240,M,2.0,0000*71
$GPGGA,232943.00,4737.5644724,N,12220.3050046,W,4,17,0.7,2.4606,M,-17.3240,M,2.0,0000*71
$GPGGA,232944.00,4737.5644729,N,12220.3049989,W,4,17,0.7,2.4683,M,-17.3240,M,2.0,0000*74
$GPGGA,232945.00,4737.5644735,N,12220.3049987,W,4,17,0.7,2.4630,M,-17.3240,M,1.0,0000*7D
$GPGGA,232946.00,4737.5644733,N,12220.3049993,W,4,17,0.7,2.4574,M,-17.3240,M,2.0,0000*7D
$GPGGA,232947.00,4737.5644720,N,12220.3049999,W,4,17,0.7,2.4528,M,-17.3240,M,2.0,0000*7D
$GPGGA,232948.00,4737.5644710,N,12220.3050020,W,4,17,0.7,2.4485,M,-17.3240,M,2.0,0000*74
$GPGGA,232949.00,4737.5644733,N,12220.3050050,W,4,17,0.7,2.4518,M,-17.3240,M,2.0,0000*76
$GPGGA,232950.00,4737.5644747,N,12220.3050046,W,4,16,0.8,2.4539,M,-17.3240,M,2.0,0000*77
$GPGGA,232951.00,4737.5644718,N,12220.3050041,W,4,14,0.9,2.4526,M,-17.3240,M,2.0,0000*76
$GPGGA,232952.00,4737.5644741,N,12220.3050015,W,4,17,0.7,2.4580,M,-17.3240,M,2.0,0000*79
$GPGGA,232953.00,4737.5644741,N,12220.3050020,W,4,17,0.7,2.4618,M,-17.3240,M,2.0,0000*7C
$GPGGA,232954.00,4737.5644738,N,12220.3050020,W,4,17,0.7,2.4579,M,-17.3240,M,1.0,0000*72
$GPGGA,232955.00,4737.5644719,N,12220.3050027,W,4,17,0.7,2.4522,M,-17.3240,M,2.0,0000*7A
$GPGGA,232956.00,4737.5644725,N,12220.3050003,W,4,17,0.7,2.4537,M,-17.3240,M,1.0,0000*77
$GPGGA,232957.00,4737.5644717,N,12220.3050011,W,4,17,0.7,2.4505,M,-17.3240,M,2.0,0000*76
$GPGGA,232958.00,4737.5644717,N,12220.3050014,W,4,17,0.7,2.4498,M,-17.3240,M,2.0,0000*79
$GPGGA,232959.00,4737.5644719,N,12220.3050026,W,4,17,0.7,2.4510,M,-17.3240,M,2.0,0000*76
$GPGGA,233000.00,4737.5644728,N,12220.3050058,W,4,17,0.7,2.4482,M,-17.3240,M,2.0,0000*73
$GPGGA,233001.00,4737.5644715,N,12220.3050047,W,4,17,0.7,2.4499,M,-17.3240,M,2.0,0000*78
$GPGGA,233002.00,4737.5644707,N,12220.3050045,W,4,17,0.7,2.4508,M,-17.3240,M,2.0,0000*73
$GPGGA,233003.00,4737.5644728,N,12220.3050066,W,4,17,0.7,2.4531,M,-17.3240,M,2.0,0000*74
$GPGGA,233004.00,4737.5644727,N,12220.3050058,W,4,17,0.7,2.4505,M,-17.3240,M,2.0,0000*76
$GPGGA,233005.00,4737.5644743,N,12220.3050080,W,4,17,0.7,2.4525,M,-17.3240,M,2.0,0000*72
$GPGGA,233006.00,4737.5644746,N,12220.3050065,W,4,17,0.7,2.4497,M,-17.3240,M,2.0,0000*77
$GPGGA,233007.00,4737.5644753,N,12220.3050074,W,4,17,0.7,2.4526,M,-17.3240,M,2.0,0000*79
$GPGGA,233008.00,4737.5644760,N,12220.3050063,W,4,17,0.7,2.4575,M,-17.3240,M,2.0,0000*76
$GPGGA,233009.00,4737.5644751,N,12220.3050050,W,4,17,0.7,2.4527,M,-17.3240,M,2.0,0000*72
$GPGGA,233010.00,4737.5644743,N,12220.3050062,W,4,17,0.7,2.4540,M,-17.3240,M,2.0,0000*79
$GPGGA,233011.00,4737.5644729,N,12220.3050051,W,4,17,0.7,2.4519,M,-17.3240,M,2.0,0000*78
$GPGGA,233012.00,4737.5644715,N,12220.3050031,W,4,17,0.7,2.4472,M,-17.3240,M,2.0,0000*7E
$GPGGA,233013.00,4737.5644729,N,12220.3050039,W,4,17,0.7,2.4504,M,-17.3240,M,2.0,0000*78
$GPGGA,233014.00,4737.5644752,N,12220.3050071,W,4,17,0.7,2.4563,M,-17.3240,M,1.0,0000*7D
$GPGGA,233015.00,4737.5644751,N,12220.3050050,W,4,17,0.7,2.4551,M,-17.3240,M,2.0,0000*7E
$GPGGA,233016.00,4737.5644741,N,12220.3050059,W,4,17,0.7,2.4560,M,-17.3240,M,2.0,0000*77
$GPGGA,233017.00,4737.5644729,N,12220.3050071,W,4,17,0.7,2.4522,M,-17.3240,M,2.0,0000*74
$GPGGA,233018.00,4737.5644737,N,12220.3050088,W,4,17,0.7,2.4502,M,-17.3240,M,2.0,0000*70
$GPGGA,233019.00,4737.5644728,N,12220.3050100,W,4,17,0.7,2.4477,M,-17.3240,M,2.0,0000*7D
$GPGGA,233020.00,4737.5644758,N,12220.3050066,W,4,17,0.7,2.4475,M,-17.3240,M,1.0,0000*70
$GPGGA,233021.00,4737.5644721,N,12220.3050084,W,4,14,0.9,2.4495,M,-17.3240,M,2.0,0000*73
$GPGGA,233022.00,4737.5644745,N,12220.3050070,W,4,15,0.8,2.4477,M,-17.3240,M,2.0,0000*75
$GPGGA,233023.00,4737.5644767,N,12220.3050110,W,4,17,0.7,2.4466,M,-17.3240,M,2.0,0000*7E
$GPGGA,233024.00,4737.5644737,N,12220.3050088,W,4,17,0.7,2.4516,M,-17.3240,M,2.0,0000*7A
$GPGGA,233025.00,4737.5644765,N,12220.3050089,W,4,17,0.7,2.4509,M,-17.3240,M,2.0,0000*73
$GPGGA,233026.00,4737.5644764,N,12220.3050096,W,4,17,0.7,2.4475,M,-17.3240,M,2.0,0000*75
$GPGGA,233027.00,4737.5644749,N,12220.3050085,W,4,17,0.7,2.4380,M,-17.3240,M,2.0,0000*74
$GPGGA,233028.00,4737.5644760,N,12220.3050079,W,4,17,0.7,2.4419,M,-17.3240,M,2.0,0000*74
$GPGGA,233029.00,4737.5644759,N,12220.3050088,W,4,17,0.7,2.4406,M,-17.3240,M,2.0,0000*7F
$GPGGA,233030.00,4737.5644760,N,12220.3050080,W,4,17,0.7,2.4446,M,-17.3240,M,2.0,0000*71
$GPGGA,233031.00,4737.5644761,N,12220.3050088,W,4,18,0.7,2.4490,M,-17.3240,M,2.0,0000*7D
$GPGGA,233032.00,4737.5644778,N,12220.3050082,W,4,18,0.7,2.4555,M,-17.3240,M,2.0,0000*74
$GPGGA,233033.00,4737.5644793,N,12220.3050090,W,4,17,0.7,2.4499,M,-17.3240,M,2.0,0000*7D
$GPGGA,233034.00,4737.5644782,N,12220.3050116,W,4,18,0.7,2.4497,M,-17.3240,M,1.0,0000*77
$GPGGA,233035.00,4737.5644790,N,12220.3050107,W,4,18,0.7,2.4478,M,-17.3240,M,2.0,0000*77
$GPGGA,233036.00,4737.5644763,N,12220.3050119,W,4,18,0.7,2.4508,M,-17.3240,M,1.0,0000*72
$GPGGA,233037.00,4737.5644742,N,12220.3050117,W,4,17,0.8,2.4478,M,-17.3240,M,2.0,0000*7B
$GPGGA,233038.00,4737.5644745,N,12220.3050121,W,4,17,0.8,2.4455,M,-17.3240,M,2.0,0000*79
$GPGGA,233039.00,4737.5644749,N,12220.3050109,W,4,17,0.8,2.4488,M,-17.3240,M,2.0,0000*7E
$GPGGA,233040.00,4737.5644753,N,12220.3050119,W,4,17,0.8,2.4452,M,-17.3240,M,2.0,0000*7D
$GPGGA,233041.00,4737.5644753,N,12220.3050102,W,4,17,0.8,2.4467,M,-17.3240,M,2.0,0000*70
$GPGGA,233042.00,4737.5644774,N,12220.3050127,W,4,18,0.7,2.4496,M,-17.3240,M,2.0,0000*7F
$GPGGA,233043.00,4737.5644783,N,12220.3050128,W,4,18,0.7,2.4544,M,-17.3240,M,2.0,0000*77
$GPGGA,233044.00,4737.5644782,N,12220.3050128,W,4,18,0.7,2.4569,M,-17.3240,M,2.0,0000*7E
$GPGGA,233045.00,4737.5644784,N,12220.3050123,W,4,18,0.7,2.4543,M,-17.3240,M,2.0,0000*7A
$GPGGA,233046.00,4737.5644772,N,12220.3050114,W,4,15,0.8,2.4487,M,-17.3240,M,2.0,0000*7F
$GPGGA,233047.00,4737.5644787,N,12220.3050100,W,4,17,0.7,2.4525,M,-17.3240,M,2.0,0000*75
$GPGGA,233048.00,4737.5644778,N,12220.3050092,W,4,18,0.7,2.4554,M,-17.3240,M,2.0,0000*79
$GPGGA,233049.00,4737.5644766,N,12220.3050103,W,4,18,0.7,2.4566,M,-17.3240,M,2.0,0000*7F
$GPGGA,233050.00,4737.5644788,N,12220.3050092,W,4,18,0.7,2.4654,M,-17.3240,M,2.0,0000*7C
$GPGGA,233051.00,4737.5644779,N,12220.3050116,W,4,18,0.7,2.4539,M,-17.3240,M,2.0,0000*76
$GPGGA,233052.00,4737.5644781,N,12220.3050112,W,4,18,0.7,2.4514,M,-17.3240,M,2.0,0000*79
$GPGGA,233053.00,4737.5644790,N,12220.3050117,W,4,18,0.7,2.4556,M,-17.3240,M,2.0,0000*7B
$GPGGA,233054.00,4737.5644782,N,12220.3050126,W,4,18,0.7,2.4525,M,-17.3240,M,2.0,0000*79
$GPGGA,233055.00,4737.5644781,N,12220.3050113,W,4,18,0.7,2.4519,M,-17.3240,M,2.0,0000*72
$GPGGA,233056.00,4737.5644776,N,12220.3050121,W,4,18,0.7,2.4595,M,-17.3240,M,2.0,0000*7C
$GPGGA,233057.00,4737.5644748,N,12220.3050077,W,4,18,0.7,2.4597,M,-17.3240,M,2.0,0000*70
$GPGGA,233058.00,4737.5644772,N,12220.3050080,W,4,18,0.7,2.4598,M,-17.3240,M,2.0,0000*71
$GPGGA,233059.00,4737.5644769,N,12220.3050052,W,4,18,0.7,2.4568,M,-17.3240,M,2.0,0000*7A
$GPGGA,233100.00,4737.5644771,N,12220.3050070,W,4,18,0.7,2.4537,M,-17.3240,M,2.0,0000*74
$GPGGA,233101.00,4737.5644775,N,12220.3050107,W,4,18,0.7,2.4502,M,-17.3240,M,2.0,0000*76
$GPGGA,233102.00,4737.5644775,N,12220.3050092,W,4,18,0.7,2.4548,M,-17.3240,M,2.0,0000*76
$GPGGA,233103.00,4737.5644785,N,12220.3050083,W,4,18,0.7,2.4570,M,-17.3240,M,2.0,0000*73
$GPGGA,233104.00,4737.5644785,N,12220.3050075,W,4,18,0.7,2.4568,M,-17.3240,M,2.0,0000*74
$GPGGA,233105.00,4737.5644790,N,12220.3050049,W,4,18,0.7,2.4588,M,-17.3240,M,3.0,0000*71
$GPGGA,233106.00,4737.5644766,N,12220.3050062,W,4,18,0.7,2.4603,M,-17.3240,M,2.0,0000*73
$GPGGA,233107.00,4737.5644752,N,12220.3050076,W,4,18,0.7,2.4563,M,-17.3240,M,2.0,0000*75
$GPGGA,233108.00,4737.5644738,N,12220.3050084,W,4,18,0.7,2.4553,M,-17.3240,M,2.0,0000*78
$GPGGA,233109.00,4737.5644720,N,12220.3050072,W,4,18,0.7,2.4512,M,-17.3240,M,2.0,0000*7C
$GPGGA,233110.00,4737.5644742,N,12220.3050035,W,4,15,0.8,2.4509,M,-17.3240,M,2.0,0000*7B
$GPGGA,233111.00,4737.5644759,N,12220.3050085,W,4,18,0.7,2.4615,M,-17.3240,M,2.0,0000*77
$GPGGA,233112.00,4737.5644744,N,12220.3050066,W,4,18,0.7,2.4617,M,-17.3240,M,2.0,0000*77
$GPGGA,233113.00,4737.5644756,N,12220.3050068,W,4,18,0.7,2.4667,M,-17.3240,M,2.0,0000*7C
$GPGGA,233114.00,4737.5644753,N,12220.3050068,W,4,18,0.7,2.4655,M,-17.3240,M,2.0,0000*7F
$GPGGA,233115.00,4737.5644755,N,12220.3050067,W,4,18,0.7,2.4654,M,-17.3240,M,2.0,0000*76
$GPGGA,233116.00,4737.5644739,N,12220.3050084,W,4,18,0.7,2.4601,M,-17.3240,M,2.0,0000*72
$GPGGA,233117.00,4737.5644737,N,12220.3050073,W,4,18,0.7,2.4603,M,-17.3240,M,2.0,0000*77
$GPGGA,233118.00,4737.5644723,N,12220.3050081,W,4,18,0.7,2.4602,M,-17.3240,M,2.0,0000*71
$GPGGA,233119.00,4737.5644743,N,12220.3050099,W,4,18,0.7,2.4618,M,-17.3240,M,2.0,0000*74
$GPGGA,233120.00,4737.5644756,N,12220.3050086,W,4,18,0.7,2.4640,M,-17.3240,M,2.0,0000*79
$GPGGA,233121.00,4737.5644755,N,12220.3050106,W,4,18,0.7,2.4668,M,-17.3240,M,2.0,0000*78
$GPGGA,233122.00,4737.5644736,N,12220.3050109,W,4,18,0.7,2.4621,M,-17.3240,M,2.0,0000*7C
$GPGGA,233123.00,4737.5644703,N,12220.3050109,W,4,18,0.7,2.4660,M,-17.3240,M,2.0,0000*7E
$GPGGA,233124.00,4737.5644734,N,12220.3050125,W,4,17,0.7,2.4513,M,-17.3240,M,2.0,0000*7B
$GPGGA,233125.00,4737.5644720,N,12220.3050106,W,4,18,0.7,2.4601,M,-17.3240,M,2.0,0000*71
$GPGGA,233126.00,4737.5644734,N,12220.3050079,W,4,18,0.7,2.4628,M,-17.3240,M,2.0,0000*75
$GPGGA,233127.00,4737.5644758,N,12220.3050064,W,4,18,0.7,2.4667,M,-17.3240,M,2.0,0000*79
$GPGGA,233128.00,4737.5644742,N,12220.3050086,W,4,18,0.7,2.4581,M,-17.3240,M,2.0,0000*7A
$GPGGA,233129.00,4737.5644743,N,12220.3050087,W,4,18,0.7,2.4581,M,-17.3240,M,2.0,0000*7B
$GPGGA,233130.00,4737.5644745,N,12220.3050076,W,4,18,0.7,2.4636,M,-17.3240,M,1.0,0000*77
$GPGGA,233131.00,4737.5644742,N,12220.3050088,W,4,18,0.7,2.4620,M,-17.3240,M,2.0,0000*74
$GPGGA,233132.00,4737.5644755,N,12220.3050083,W,4,18,0.7,2.4654,M,-17.3240,M,2.0,0000*79
$GPGGA,233133.00,4737.5644770,N,12220.3050068,W,4,18,0.7,2.4686,M,-17.3240,M,2.0,0000*75
$GPGGA,233134.00,4737.5644745,N,12220.3050082,W,4,18,0.7,2.4645,M,-17.3240,M,1.0,0000*7C
$GPGGA,233135.00,4737.5644737,N,12220.3050090,W,4,18,0.7,2.4617,M,-17.3240,M,2.0,0000*7F
$GPGGA,233136.00,4737.5644732,N,12220.3050090,W,4,18,0.7,2.4595,M,-17.3240,M,2.0,0000*70
$GPGGA,233137.00,4737.5644750,N,12220.3050094,W,4,18,0.7,2.4603,M,-17.3240,M,2.0,0000*7D
$GPGGA,233138.00,4737.5644785,N,12220.3050079,W,4,18,0.7,2.4688,M,-17.3240,M,2.0,0000*7A
$GPGGA,233139.00,4737.5644789,N,12220.3050062,W,4,18,0.7,2.4632,M,-17.3240,M,2.0,0000*7C
