dataset,time_utc,fix_quality,satellites,hdop,altitude_m,latitude,longitude,easting_m,northing_m
open_standalone,230620.00,1,26.0,0.6,1.1651,47.62607805333334,-122.33845407666668,549703.7927431215,5274953.700834542
open_standalone,230620.10,1,26.0,0.6,1.151,47.62607796166667,-122.33845406333333,549703.7938317918,5274953.690655445
open_standalone,230621.00,1,26.0,0.6,1.0403,47.626077288333335,-122.33845395833332,549703.8023590465,5274953.615889885
open_standalone,230622.00,1,26.0,0.6,0.9396,47.62607649333333,-122.33845390500001,549703.8071197986,5274953.527569431
open_standalone,230623.00,1,26.0,0.6,0.8516,47.626075783333334,-122.33845382666665,549703.8136782822,5274953.448711725
open_standalone,230624.00,1,27.0,0.6,0.7522,47.62607543833333,-122.33845399166667,549703.801608492,5274953.4102634005
open_standalone,230625.00,1,27.0,0.6,0.6504,47.626074986666666,-122.338454425,549703.7694792709,5274953.359788392
open_standalone,230626.00,1,27.0,0.6,0.5582,47.626074530000004,-122.33845468666665,549703.7502525371,5274953.308867713
open_standalone,230627.00,1,27.0,0.6,0.4752,47.62607406,-122.33845473499998,549703.7470667079,5274953.256601922
open_standalone,230628.00,1,27.0,0.6,0.4353,47.62607395666667,-122.33845461833334,549703.7559301272,5274953.245192444
open_standalone,230629.00,1,26.0,0.6,0.373,47.62607382166666,-122.33845455333334,549703.7609417262,5274953.230230485
open_standalone,230630.00,1,27.0,0.6,0.305,47.62607375833333,-122.33845447333333,549703.7670123687,5274953.223243022
open_standalone,230631.00,1,26.0,0.6,0.2339,47.62607362000001,-122.33845442666667,549703.7706496952,5274953.207898857
open_standalone,230632.00,1,28.0,0.5,0.162,47.62607332666666,-122.33845426833335,549703.7828237616,5274953.175399879
open_standalone,230633.00,1,27.0,0.6,0.0984,47.62607312,-122.33845419166667,549703.788779848,5274953.152480516
open_standalone,230634.00,1,27.0,0.6,0.043,47.62607289999999,-122.33845400666665,549703.8028879289,5274953.128148743
open_standalone,230635.00,1,27.0,0.6,-0.0025,47.6260727,-122.33845379,549703.8193562434,5274953.106060023
open_standalone,230636.00,1,27.0,0.6,-0.0521,47.626072414999996,-122.33845348000001,549703.8429175069,5274953.074584399
open_standalone,230637.00,1,27.0,0.6,-0.0866,47.626072175000004,-122.33845315666667,549703.8674378766,5274953.048118527
open_standalone,230638.00,1,28.0,0.6,-0.1148,47.62607200666666,-122.33845284166667,549703.8912642018,5274953.029612197
open_standalone,230639.00,1,27.0,0.6,-0.1588,47.62607187333333,-122.33845258499998,549703.910674615,5274953.014958307
open_standalone,230640.00,1,27.0,0.6,-0.183,47.62607176833333,-122.33845242166666,549703.9230458009,5274953.003393507
open_standalone,230641.00,1,27.0,0.6,-0.2128,47.62607170333334,-122.33845241833333,549703.9233578641,5274952.996171681
open_standalone,230642.00,1,26.0,0.6,-0.2441,47.626071625,-122.33845236999998,549703.9270635314,5274952.987496855
open_standalone,230643.00,1,26.0,0.6,-0.2807,47.62607158166667,-122.33845218333333,549703.9411293454,5274952.9828005135
open_standalone,230644.00,1,26.0,0.6,-0.3152,47.62607141833334,-122.33845215499998,549703.9434129465,5274952.964666149
open_standalone,230645.00,1,27.0,0.6,-0.3533,47.626071295,-122.33845224166667,549703.9370183866,5274952.950903595
open_standalone,230646.00,1,25.0,0.7,-0.3861,47.62607121833333,-122.33845219166666,549703.9408476943,5274952.942415067
open_standalone,230647.00,1,25.0,0.7,-0.398,47.62607125833333,-122.33845185999999,549703.9657287209,5274952.9470731495
open_standalone,230648.00,1,25.0,0.7,-0.4066,47.62607124833333,-122.33845149833333,549703.9929111212,5274952.946193562
open_standalone,230649.00,1,26.0,0.7,-0.4237,47.62607131833333,-122.33845116833332,549704.0176384842,5274952.954184712
open_standalone,230650.00,1,25.0,0.7,-0.4329,47.626071393333326,-122.33845082333333,549704.0434880949,5274952.962741166
open_standalone,230651.00,1,26.0,0.7,-0.447,47.62607140833334,-122.33845070500001,549704.0523645512,5274952.964484076
open_standalone,230652.00,1,26.0,0.7,-0.4657,47.62607153333333,-122.338450575,549704.0620132741,5274952.978459631
open_standalone,230653.00,1,26.0,0.6,-0.4775,47.62607145166667,-122.33845058,549704.061715034,5274952.969380164
open_standalone,230654.00,1,26.0,0.6,-0.4872,47.62607140333333,-122.33845047000001,549704.0700254303,5274952.964078998
open_standalone,230655.00,1,25.0,0.6,-0.5006,47.62607138833334,-122.33845048666666,549704.0687874425,5274952.962401248
open_standalone,230656.00,1,26.0,0.6,-0.5005,47.62607134333333,-122.33845041166666,549704.0744650437,5274952.957448109
open_standalone,230657.00,1,26.0,0.6,-0.5018,47.62607136166666,-122.338450405,549704.0749485448,5274952.95948991
open_standalone,230658.00,1,26.0,0.6,-0.508,47.62607137,-122.33845041833335,549704.0739388771,5274952.960407513
open_standalone,230659.00,1,26.0,0.6,-0.5218,47.62607149166667,-122.33845036166667,549704.078081041,5274952.973965611
open_standalone,230700.00,1,25.0,0.6,-0.532,47.62607157166667,-122.33845035833335,549704.0782556388,5274952.982858779
open_standalone,230701.00,1,25.0,0.6,-0.5472,47.626071659999994,-122.33845038666665,549704.076043144,5274952.9926578
open_standalone,230702.00,1,25.0,0.6,-0.5501,47.62607173,-122.33845037333334,549704.0769785449,5274953.000445999
open_standalone,230703.00,1,26.0,0.6,-0.56,47.62607186666667,-122.33845045833331,549704.0704627195,5274953.015580371
open_standalone,230704.00,1,25.0,0.6,-0.5668,47.626071888333335,-122.33845058333333,549704.0610506163,5274953.017908245
open_standalone,230705.00,1,26.0,0.6,-0.5695,47.62607192833334,-122.33845066166666,549704.0551273145,5274953.022303559
open_standalone,230706.00,1,25.0,0.6,-0.5701,47.626071956666664,-122.33845086333334,549704.0399487333,5274953.025323216
open_standalone,230707.00,1,26.0,0.6,-0.5751,47.626071923333335,-122.33845106333335,549704.0249538328,5274953.021490439
open_standalone,230708.00,1,27.0,0.6,-0.5735,47.626071803333325,-122.33845129333334,549704.0077871238,5274953.008006481
open_standalone,230709.00,1,27.0,0.6,-0.567,47.62607178333333,-122.33845133166666,549704.0049260047,5274953.005759157
open_standalone,230710.00,1,27.0,0.6,-0.5747,47.62607172166666,-122.33845143833332,549703.9969703353,5274952.998837289
open_standalone,230711.00,1,28.0,0.6,-0.5808,47.62607169166666,-122.33845146,549703.9953709028,5274952.995489267
open_standalone,230712.00,1,29.0,0.5,-0.5835,47.626071626666665,-122.33845148333333,549703.9936794351,5274952.988250349
open_standalone,230713.00,1,27.0,0.6,-0.5899,47.62607156666666,-122.33845154333333,549703.9892283658,5274952.98154362
open_standalone,230714.00,1,27.0,0.6,-0.5954,47.626071493333335,-122.338451515,549703.9914266438,5274952.973411668
open_standalone,230715.00,1,27.0,0.6,-0.5965,47.626071416666676,-122.338451475,549703.9945046271,5274952.964916732
open_standalone,230716.00,1,27.0,0.6,-0.6025,47.62607138833334,-122.3384515,549703.9926531756,5274952.961751802
open_standalone,230717.00,1,27.0,0.6,-0.6035,47.626071383333326,-122.33845150999998,549703.9919065912,5274952.961189702
open_standalone,230718.00,1,27.0,0.6,-0.5976,47.62607141333333,-122.33845144,549703.9971374243,5274952.9645687025
open_standalone,230719.00,1,27.0,0.6,-0.5875,47.626071458333335,-122.33845145333335,549703.9960929952,5274952.969561364
open_standalone,230720.00,1,28.0,0.5,-0.5752,47.626071544999995,-122.33845147333335,549703.9945081809,5274952.979180496
open_standalone,230721.00,1,28.0,0.5,-0.5698,47.62607160333334,-122.33845146,549703.9954546461,5274952.985672086
open_standalone,230722.00,1,27.0,0.6,-0.576,47.626071621666675,-122.33845146666665,549703.9949363837,5274952.987705343
open_standalone,230723.00,1,27.0,0.6,-0.5707,47.62607169166666,-122.33845152166666,549703.9907377347,5274952.995449744
open_standalone,230724.00,1,27.0,0.6,-0.5709,47.62607178333333,-122.33845165833333,549703.980382722,5274953.005549796
open_standalone,230725.00,1,26.0,0.6,-0.5685,47.626071808333336,-122.33845170333333,549703.9769780575,5274953.008299403
open_standalone,230726.00,1,27.0,0.6,-0.5654,47.62607180666667,-122.33845175333333,549703.9732230126,5274953.00808213
open_standalone,230727.00,1,27.0,0.6,-0.558,47.62607173666667,-122.33845175666666,549703.9730389343,5274953.0003003385
open_standalone,230728.00,1,27.0,0.6,-0.5548,47.62607169666667,-122.33845177166668,549703.9719498659,5274952.99584521
open_standalone,230729.00,1,27.0,0.6,-0.549,47.62607163333334,-122.33845177833334,549703.9715090265,5274952.988802205
open_standalone,230730.00,1,27.0,0.6,-0.5489,47.62607154333333,-122.33845178000001,549703.9714691273,5274952.978798723
open_standalone,230731.00,1,27.0,0.6,-0.5496,47.62607148833334,-122.33845177166668,549703.9721473736,5274952.97269148
open_standalone,230732.00,1,27.0,0.6,-0.5439,47.62607147166667,-122.33845183333332,549703.9675300061,5274952.970799659
open_standalone,230733.00,1,27.0,0.6,-0.5471,47.626071460000006,-122.33845185166668,549703.9661636358,5274952.9694913
open_standalone,230734.00,1,27.0,0.6,-0.5454,47.626071474999996,-122.33845188,549703.9640206619,5274952.97114021
open_standalone,230735.00,1,28.0,0.6,-0.5429,47.62607148,-122.33845195,549703.9587566456,5274952.971651036
open_standalone,230736.00,1,28.0,0.6,-0.5415,47.62607147666666,-122.33845195166666,549703.9586345871,5274952.9712795075
open_standalone,230737.00,1,27.0,0.6,-0.5344,47.62607152,-122.33845201999999,549703.9534594499,5274952.97605169
open_standalone,230738.00,1,27.0,0.6,-0.5377,47.62607154333333,-122.33845205333334,549703.9509329124,5274952.978623544
open_standalone,230739.00,1,27.0,0.6,-0.5422,47.62607151833334,-122.33845205499999,549703.9508313929,5274952.97584403
open_standalone,230740.00,1,26.0,0.6,-0.5444,47.626071444999994,-122.33845206166667,549703.9504000319,5274952.967689643
open_standalone,230741.00,1,27.0,0.6,-0.5419,47.626071454999995,-122.33845206833332,549703.9498896678,5274952.968796749
open_standalone,230742.00,1,27.0,0.6,-0.5472,47.62607143666667,-122.338452095,549703.9479035155,5274952.96674213
open_standalone,230743.00,1,28.0,0.6,-0.5465,47.626071368333335,-122.33845209,549703.9483439593,5274952.959150911
open_standalone,230744.00,1,27.0,0.6,-0.5489,47.62607137500001,-122.33845206166667,549703.9504663943,5274952.95990999
open_standalone,230745.00,1,27.0,0.6,-0.5502,47.626071331666665,-122.33845209333334,549703.9481282798,5274952.955073718
open_standalone,230746.00,1,28.0,0.6,-0.5459,47.62607130333334,-122.33845210166668,549703.9475290366,5274952.951919471
open_standalone,230747.00,1,28.0,0.6,-0.5326,47.62607129333334,-122.338452085,549703.9487907252,5274952.950818773
open_standalone,230748.00,1,28.0,0.6,-0.5278,47.62607127166666,-122.338452105,549703.9473086168,5274952.948397967
open_standalone,230749.00,1,28.0,0.6,-0.5157,47.62607126333334,-122.33845213333333,549703.9451877618,5274952.94745366
open_standalone,230750.00,1,29.0,0.5,-0.5,47.62607130166666,-122.33845210833333,549703.9470297329,5274952.951729968
open_standalone,230751.00,1,28.0,0.6,-0.4991,47.626071315000004,-122.33845212,549703.9461405474,5274952.95320433
open_standalone,230752.00,1,29.0,0.6,-0.499,47.626071285,-122.33845219666667,549703.9404088305,5274952.949821057
open_standalone,230753.00,1,29.0,0.6,-0.4984,47.62607128,-122.33845219000001,549703.9409144525,5274952.949269639
open_standalone,230754.00,1,29.0,0.6,-0.4944,47.626071278333335,-122.33845216833333,549703.9425439042,5274952.949098296
open_standalone,230755.00,1,29.0,0.6,-0.4895,47.626071295,-122.33845217000001,549703.9424028812,5274952.950949526
open_standalone,230756.00,1,29.0,0.6,-0.487,47.62607126333334,-122.33845216833333,549703.9425581247,5274952.947431229
open_standalone,230757.00,1,29.0,0.6,-0.4901,47.626071216666666,-122.33845224500001,549703.9368422065,5274952.942195657
open_standalone,230758.00,1,29.0,0.6,-0.4783,47.626071201666676,-122.33845222333333,549703.9384842986,5274952.940542475
open_standalone,230759.00,1,28.0,0.6,-0.4731,47.62607116666666,-122.33845222666666,549703.938267039,5274952.936650511
open_standalone,230800.00,1,30.0,0.5,-0.459,47.62607114833333,-122.33845222333333,549703.9385348606,5274952.934615118
open_standalone,230801.00,1,28.0,0.6,-0.4439,47.626071120000006,-122.33845223000002,549703.9380608379,5274952.93146194
open_standalone,230802.00,1,30.0,0.5,-0.4317,47.62607107,-122.33845223833332,549703.9374821375,5274952.925899704
open_standalone,230803.00,1,30.0,0.5,-0.4163,47.62607106,-122.33845225666667,549703.9361141871,5274952.924776574
open_standalone,230804.00,1,29.0,0.5,-0.3997,47.626071100000004,-122.33845226500002,549703.9354501615,5274952.92921675
open_standalone,230805.00,1,29.0,0.5,-0.3844,47.626071083333336,-122.33845221333334,549703.9393478076,5274952.927397564
open_standalone,230806.00,1,29.0,0.5,-0.3621,47.62607114000001,-122.33845219166666,549703.9409219571,5274952.933709267
open_standalone,230807.00,1,29.0,0.5,-0.3494,47.626071195,-122.33845217833331,549703.9418715845,5274952.939830395
open_standalone,230808.00,1,29.0,0.5,-0.3321,47.62607127,-122.33845212666665,549703.9456823273,5274952.94819885
open_standalone,230809.00,1,29.0,0.5,-0.3246,47.626071329999995,-122.33845212,549703.9461263268,5274952.9548713965
open_standalone,230810.00,1,29.0,0.5,-0.3123,47.62607138666667,-122.33845210833333,549703.9469491498,5274952.961176691
open_standalone,230811.00,1,30.0,0.5,-0.2966,47.626071444999994,-122.33845205833335,549703.9506504728,5274952.967691778
open_standalone,230812.00,1,29.0,0.5,-0.2806,47.62607152,-122.33845205833335,549703.95057937,5274952.976027123
open_standalone,230813.00,1,29.0,0.5,-0.2688,47.62607157833333,-122.33845201500002,549703.9537798092,5274952.982537937
open_standalone,230814.00,1,29.0,0.5,-0.2604,47.62607162999999,-122.33845204833332,549703.9512264126,5274952.988258699
open_standalone,230815.00,1,29.0,0.5,-0.2506,47.62607170333334,-122.33845201999999,549703.9532856432,5274952.996426973
open_standalone,230816.00,1,29.0,0.5,-0.2471,47.626071769999996,-122.338452065,549703.9498414773,5274953.003807324
open_standalone,230817.00,1,29.0,0.5,-0.242,47.62607181833334,-122.33845207166665,549703.9492947737,5274953.0091747185
open_standalone,230818.00,1,29.0,0.5,-0.2369,47.626071898333336,-122.33845207499999,549703.9489684899,5274953.018063614
open_standalone,230819.00,1,29.0,0.5,-0.2306,47.62607195833333,-122.33845207166665,549703.9491620488,5274953.024734024
open_standalone,230820.00,1,29.0,0.5,-0.2212,47.62607199833333,-122.33845203333334,549703.9520042052,5274953.029204108
open_standalone,230821.00,1,29.0,0.5,-0.2117,47.626072041666674,-122.33845199166666,549703.9550936463,5274953.034046789
open_standalone,230822.00,1,29.0,0.5,-0.2012,47.62607210833333,-122.33845195833334,549703.9575348586,5274953.041477345
open_standalone,230823.00,1,30.0,0.5,-0.1922,47.626072125,-122.33845194333335,549703.958646044,5274953.043339256
open_standalone,230824.00,1,31.0,0.5,-0.185,47.62607218333333,-122.33845195999999,549703.9573385374,5274953.049811619
open_standalone,230825.00,1,31.0,0.5,-0.1739,47.62607227,-122.33845193500001,549703.9591346848,5274953.059459593
open_standalone,230826.00,1,31.0,0.5,-0.1691,47.62607230833334,-122.33845193833334,549703.9588479025,5274953.063717745
open_standalone,230827.00,1,31.0,0.5,-0.1588,47.626072363333336,-122.33845191833333,549703.9602984097,5274953.069843146
open_standalone,230828.00,1,29.0,0.5,-0.1548,47.62607241166667,-122.33845186833332,549703.9640092148,5274953.075246857
open_standalone,230829.00,1,29.0,0.5,-0.1451,47.62607247333334,-122.33845190666668,549703.9610706707,5274953.082075792
open_standalone,230830.00,1,30.0,0.5,-0.1408,47.62607247999999,-122.33845190333335,549703.9613147915,5274953.082818848
open_standalone,230831.00,1,29.0,0.5,-0.1249,47.626072525000005,-122.33845188166667,549703.9629000013,5274953.087833941
open_standalone,230832.00,1,29.0,0.5,-0.1156,47.626072576666665,-122.338451875,549703.9633519031,5274953.093580337
open_standalone,230833.00,1,29.0,0.5,-0.1037,47.62607264166666,-122.33845183333332,549703.9664208035,5274953.100831006
open_standalone,230834.00,1,29.0,0.5,-0.0933,47.62607267833334,-122.33845182166667,549703.9672625872,5274953.104913541
open_standalone,230835.00,1,30.0,0.5,-0.0856,47.62607272499999,-122.33845181333332,549703.9678444496,5274953.110105315
open_standalone,230836.00,1,29.0,0.5,-0.078,47.626072750000006,-122.33845178333334,549703.9700747224,5274953.112902992
open_standalone,230837.00,1,29.0,0.5,-0.0742,47.626072810000004,-122.33845177166668,549703.9708943852,5274953.119578742
open_standalone,230838.00,1,30.0,0.5,-0.0671,47.626072875,-122.33845176666667,549703.9712084281,5274953.12680591
open_standalone,230839.00,1,29.0,0.6,-0.0572,47.62607292833333,-122.33845174666666,549703.9726605153,5274953.132746084
open_standalone,230840.00,1,30.0,0.5,-0.0558,47.62607300333334,-122.33845171833333,549703.9747181659,5274953.141099585
open_standalone,230841.00,1,31.0,0.5,-0.0594,47.626073116666674,-122.338451675,549703.9778664629,5274953.153722986
open_standalone,230842.00,1,30.0,0.5,-0.0434,47.626073136666676,-122.33845169,549703.9767205162,5274953.155936131
open_standalone,230843.00,1,28.0,0.5,-0.039,47.62607323666666,-122.338450595,549704.0588957978,5274953.167751707
open_standalone,230844.00,1,27.0,0.5,-0.0052,47.62607329666666,-122.33844949333334,549704.1416098844,5274953.175126041
open_standalone,230845.00,1,27.0,0.6,-0.0034,47.62607365833334,-122.33844742000001,549704.2970417213,5274953.216649725
open_standalone,230846.00,1,28.0,0.6,0.0143,47.626073723333334,-122.338444755,549704.4972082069,5274953.225581704
open_standalone,230847.00,1,27.0,0.6,0.0371,47.62607336666667,-122.33844222333333,549704.6877567853,5274953.187565085
open_standalone,230848.00,1,30.0,0.5,0.0501,47.62607319833334,-122.33844033166666,549704.8300420176,5274953.170069261
open_standalone,230849.00,1,30.0,0.5,0.0662,47.626073264999995,-122.33843893833334,549704.9346634259,5274953.178371459
open_standalone,230850.00,1,29.0,0.6,0.0838,47.62607330666666,-122.33843810166667,549704.9974847824,5274953.183538435
open_standalone,230851.00,1,28.0,0.6,0.0918,47.626073246666664,-122.33843750333332,549705.0424959434,5274953.177253641
open_standalone,230852.00,1,28.0,0.6,0.1031,47.62607319333333,-122.33843713,549705.0705959724,5274953.171565562
open_standalone,230853.00,1,28.0,0.6,0.1172,47.626073238333326,-122.33843690333333,549705.0875833438,5274953.176712041
open_standalone,230854.00,1,29.0,0.6,0.1245,47.626073238333326,-122.33843677833332,549705.096974906,5274953.176792155
open_standalone,230855.00,1,29.0,0.6,0.1436,47.62607332666666,-122.33843680833334,549705.0946371852,5274953.18659011
open_standalone,230856.00,1,29.0,0.6,0.1627,47.62607351166666,-122.33843679166667,549705.0957140027,5274953.207161304
open_standalone,230857.00,1,27.0,0.6,0.1737,47.626073643333335,-122.33843681666667,549705.0937108627,5274953.221778439
open_standalone,230858.00,1,26.0,0.6,0.1901,47.626073868333336,-122.33843690166665,549705.0871112879,5274953.246729989
open_standalone,230859.00,1,28.0,0.6,0.1912,47.626074215,-122.33843720333334,549705.0641176568,5274953.285064453
open_standalone,230900.00,1,28.0,0.6,0.2104,47.62607471333334,-122.33843761333334,549705.0328408857,5274953.340185401
open_standalone,230901.00,1,29.0,0.6,0.2304,47.626074980000006,-122.33843784166666,549705.0154328166,5274953.369675832
open_standalone,230902.00,1,29.0,0.6,0.2608,47.62607495833333,-122.33843801333333,549705.0025556141,5274953.36715782
open_standalone,230903.00,1,29.0,0.5,0.2973,47.62607496833333,-122.33843809166667,549704.9966607536,5274953.368218993
open_standalone,230904.00,1,28.0,0.6,0.309,47.62607521166667,-122.33843790666667,549705.010329571,5274953.39538112
open_standalone,230905.00,1,27.0,0.6,0.3348,47.626075320000005,-122.33843827833334,549704.9823026205,5274953.407182854
open_standalone,230906.00,1,29.0,0.6,0.3557,47.626075286666676,-122.33843861666668,549704.9569143945,5274953.403261416
open_standalone,230907.00,1,28.0,0.6,0.3751,47.62607490333333,-122.33843889666666,549704.9362407185,5274953.360479096
open_standalone,230908.00,1,29.0,0.6,0.4147,47.62607473333334,-122.33843879,549704.9444160209,5274953.341654017
open_standalone,230909.00,1,28.0,0.5,0.4352,47.62607483333333,-122.33843906166666,549704.9239102203,5274953.352593691
open_standalone,230910.00,1,27.0,0.6,0.461,47.62607491166667,-122.33843945333335,549704.8944090604,5274953.361048469
open_standalone,230911.00,1,25.0,0.6,0.4774,47.62607486833334,-122.33843979666666,549704.8686546533,5274953.356012448
open_standalone,230912.00,1,27.0,0.6,0.4831,47.62607494666666,-122.33843997333334,549704.8553069822,5274953.364605022
open_standalone,230913.00,1,30.0,0.5,0.4855,47.62607518333333,-122.33844068333335,549704.8017385353,5274953.390452609
open_standalone,230914.00,1,29.0,0.6,0.4848,47.62607563833333,-122.33844150166667,549704.739823748,5274953.440495879
open_standalone,230915.00,1,29.0,0.6,0.4941,47.626075835,-122.338442915,549704.6334500383,5274953.46144718
open_standalone,230916.00,1,28.0,0.6,0.4887,47.626075915,-122.33844387333332,549704.5613722218,5274953.469724009
open_standalone,230917.00,1,28.0,0.6,0.4833,47.626076018333336,-122.33844454333332,549704.5109354855,5274953.480778851
open_standalone,230918.00,1,29.0,0.6,0.4819,47.626076018333336,-122.33844488166666,549704.4855156579,5274953.48056201
open_standalone,230919.00,1,29.0,0.6,0.4821,47.626075906666664,-122.33844515166666,549704.4653357489,5274953.467978566
open_standalone,230920.00,1,29.0,0.6,0.4954,47.62607574666666,-122.33844524666665,549704.4583498501,5274953.450135614
open_standalone,230921.00,1,29.0,0.6,0.5118,47.62607541333333,-122.338445475,549704.4415106116,5274953.412943306
open_standalone,230922.00,1,30.0,0.5,0.5195,47.62607495,-122.33844566166665,549704.4279251411,5274953.361329775
open_standalone,230923.00,1,30.0,0.5,0.5285,47.62607452,-122.33844571,549704.4247013944,5274953.313509501
open_standalone,230924.00,1,30.0,0.5,0.5656,47.62607402666666,-122.33844559666667,549704.4336841137,5274953.258754103
open_standalone,230925.00,1,28.0,0.6,0.5642,47.62607394333333,-122.33844585166668,549704.4146043302,5274953.249329181
open_standalone,230926.00,1,29.0,0.6,0.5672,47.626073751666674,-122.33844594166666,549704.4080241157,5274953.227970069
open_standalone,230927.00,1,29.0,0.6,0.5964,47.62607350333333,-122.338445925,549704.4095117532,5274953.200381503
open_standalone,230928.00,1,29.0,0.6,0.6023,47.62607329000001,-122.33844603000001,549704.4018250899,5274953.17660479
open_standalone,230929.00,1,30.0,0.5,0.6244,47.62607307666667,-122.33844598166667,549704.4056587458,5274953.152926347
open_standalone,230930.00,1,29.0,0.6,0.6304,47.62607299666667,-122.33844596833333,549704.4067363548,5274953.144043861
open_standalone,230931.00,1,29.0,0.6,0.6483,47.62607283166667,-122.33844593333333,549704.4095224192,5274953.125728538
open_standalone,230932.00,1,29.0,0.6,0.6685,47.62607267833334,-122.33844585166668,549704.4158036072,5274953.108739734
open_standalone,230933.00,1,29.0,0.6,0.6966,47.62607258166666,-122.33844575666666,549704.4230328399,5274953.098057289
open_standalone,230934.00,1,29.0,0.5,0.7211,47.62607251666667,-122.33844570333333,549704.4271015286,5274953.090867507
open_standalone,230935.00,1,29.0,0.5,0.7463,47.626072535000006,-122.33844563833333,549704.4319677606,5274953.092946695
open_standalone,230936.00,1,29.0,0.5,0.7803,47.626072586666666,-122.33844570499998,549704.426909947,5274953.098646093
open_standalone,230937.00,1,29.0,0.5,0.8071,47.62607263500001,-122.33844576166666,549704.4226066143,5274953.10398144
open_standalone,230938.00,1,29.0,0.6,0.8375,47.626072701666665,-122.33844580666667,549704.4191624497,5274953.111361791
open_standalone,230939.00,1,28.0,0.6,0.8654,47.626072754999996,-122.33844582333334,549704.4178596771,5274953.117278464
open_standalone,230940.00,1,28.0,0.6,0.9022,47.62607279666666,-122.33844578000001,549704.4210759164,5274953.121936983
open_standalone,230941.00,1,29.0,0.6,0.9418,47.626072889999996,-122.33844575833334,549704.4226153037,5274953.132323741
open_standalone,230942.00,1,29.0,0.6,0.979,47.626072959999995,-122.33844581500001,549704.418291432,5274953.140067075
open_standalone,230943.00,1,29.0,0.6,1.0147,47.62607296833333,-122.33844585166668,549704.4155286741,5274953.140969726
open_standalone,230944.00,1,29.0,0.6,1.0476,47.626072969999996,-122.33844586,549704.4149009918,5274953.141149614
open_standalone,230945.00,1,31.0,0.5,1.0806,47.62607295833333,-122.338445905,549704.4115310888,5274953.139824164
open_standalone,230946.00,1,31.0,0.5,1.112,47.626072879999995,-122.33844597500001,549704.4063460764,5274953.131073497
open_standalone,230947.00,1,31.0,0.5,1.1442,47.62607283333333,-122.33844602333332,549704.4027589159,5274953.125856086
open_standalone,230948.00,1,31.0,0.5,1.1678,47.626072773333334,-122.338446045,549704.4011879271,5274953.119173926
open_standalone,230949.00,1,30.0,0.5,1.1917,47.626072748333335,-122.33844586666667,549704.4146102562,5274953.116509774
open_standalone,230950.00,1,29.0,0.5,1.208,47.626072711666666,-122.33844568833335,549704.4280436458,5274953.112549011
open_standalone,230951.00,1,29.0,0.5,1.2258,47.62607271333333,-122.33844549166666,549704.4428181263,5274953.112860285
open_standalone,230952.00,1,30.0,0.5,1.2421,47.62607274333333,-122.33844529333334,549704.457690964,5274953.116321537
open_standalone,230953.00,1,30.0,0.5,1.257,47.626072748333335,-122.33844518666668,549704.4657003552,5274953.116945591
open_standalone,230954.00,1,30.0,0.5,1.2776,47.62607276833334,-122.33844505166665,549704.4758242831,5274953.11925487
open_standalone,230955.00,1,29.0,0.5,1.2834,47.62607276666666,-122.33844490999999,549704.4864696336,5274953.119160434
open_standalone,230956.00,1,29.0,0.5,1.3035,47.626072795,-122.33844482499998,549704.4928290361,5274953.122363821
open_standalone,230957.00,1,29.0,0.5,1.316,47.626072834999995,-122.33844467333331,549704.5041862093,5274953.126906539
open_standalone,230958.00,1,30.0,0.5,1.3215,47.62607287666666,-122.33844458999998,549704.5104077507,5274953.131590693
open_standalone,230959.00,1,30.0,0.5,1.3272,47.62607297500001,-122.33844444166668,549704.5214591764,5274953.142614324
open_standalone,231000.00,1,30.0,0.5,1.3322,47.62607303833333,-122.33844431166666,549704.5311663608,5274953.149736376
open_standalone,231001.00,1,30.0,0.5,1.3396,47.626073078333334,-122.33844417999998,549704.5410208848,5274953.154266278
open_standalone,231002.00,1,30.0,0.5,1.3462,47.626073116666674,-122.338444105,549704.5466194802,5274953.158574631
open_standalone,231003.00,1,29.0,0.5,1.3619,47.626073184999996,-122.33844395,549704.5582002328,5274953.166268397
open_standalone,231004.00,1,30.0,0.5,1.372,47.626073221666665,-122.33844386999999,549704.5641760717,5274953.170394726
open_standalone,231005.00,1,31.0,0.5,1.3856,47.626073255,-122.33844390666667,549704.5613896106,5274953.174075823
open_standalone,231006.00,1,30.0,0.5,1.3891,47.62607331166667,-122.33844381166666,549704.5684734763,5274953.180434524
open_standalone,231007.00,1,30.0,0.5,1.4003,47.626073445,-122.33844372333333,549704.5749837746,5274953.1953095235
open_standalone,231008.00,1,30.0,0.5,1.4095,47.62607353166666,-122.33844362833334,549704.5820391967,5274953.205002362
open_standalone,231009.00,1,30.0,0.5,1.4226,47.62607368166667,-122.33844351,549704.5907876679,5274953.2217488885
open_standalone,231010.00,1,30.0,0.5,1.4327,47.62607381166666,-122.33844336833333,549704.6013081938,5274953.23628761
open_standalone,231011.00,1,31.0,0.5,1.4476,47.62607397833334,-122.33844329166668,549704.6069103414,5274953.254859731
open_standalone,231012.00,1,31.0,0.5,1.4553,47.62607409666666,-122.338443305,549704.6057963902,5274953.268002504
open_standalone,231013.00,1,31.0,0.5,1.4744,47.62607419833333,-122.33844322333334,549704.6118358261,5274953.2793538645
open_standalone,231014.00,1,32.0,0.5,1.4807,47.6260743,-122.33844325666665,549704.6092350265,5274953.2906315215
open_standalone,231015.00,1,31.0,0.5,1.4961,47.62607444166667,-122.33844318833331,549704.614234773,5274953.306419853
open_standalone,231016.00,1,31.0,0.5,1.5066,47.6260745,-122.33844306166665,549704.6236962525,5274953.31298408
open_standalone,231017.00,1,31.0,0.5,1.5138,47.626074470000006,-122.33844301666667,549704.6271056555,5274953.309678784
open_standalone,231018.00,1,31.0,0.5,1.5287,47.62607446166667,-122.33844292500001,549704.6340007014,5274953.308811384
open_standalone,231019.00,1,28.0,0.6,1.5434,47.62607446333333,-122.338442895,549704.6362530969,5274953.309015841
open_standalone,231020.00,1,30.0,0.5,1.5503,47.62607440166666,-122.33844275166666,549704.6470805504,5274953.302254199
open_standalone,231021.00,1,30.0,0.5,1.5579,47.62607432833333,-122.33844271000001,549704.6502805947,5274953.294130792
open_standalone,231022.00,1,29.0,0.6,1.5647,47.62607431666667,-122.33844261166665,549704.6576796845,5274953.292897206
open_standalone,231023.00,1,31.0,0.5,1.5716,47.62607423666667,-122.33844251000001,549704.6653939984,5274953.284071334
open_standalone,231024.00,1,30.0,0.5,1.5796,47.62607419999999,-122.338442415,549704.6725663465,5274953.280057162
open_standalone,231025.00,1,30.0,0.5,1.5928,47.62607420999999,-122.33844234833332,549704.677565701,5274953.281211268
open_standalone,231026.00,1,30.0,0.5,1.5969,47.62607418666666,-122.33844231833334,549704.6798417958,5274953.278637279
open_standalone,231027.00,1,30.0,0.5,1.5985,47.626074185,-122.33844233166668,549704.6788416086,5274953.278443503
open_standalone,231028.00,1,30.0,0.5,1.6084,47.62607411333333,-122.33844238000002,549704.6752781478,5274953.2704476435
open_standalone,231029.00,1,27.0,0.6,1.6061,47.62607414000001,-122.33844229833333,549704.6813886892,5274953.273463662
open_standalone,231030.00,1,27.0,0.6,1.6094,47.62607415166667,-122.33844225333333,549704.6847585902,5274953.274789113
open_standalone,231031.00,1,27.0,0.6,1.6101,47.62607413666667,-122.338442175,549704.6906581909,5274953.273172247
open_standalone,231032.00,1,27.0,0.6,1.6019,47.62607404166667,-122.33844214500002,549704.6930022294,5274953.262633376
open_standalone,231033.00,1,28.0,0.5,1.6115,47.626074063333334,-122.33844211166667,549704.6954861048,5274953.265062726
open_standalone,231034.00,1,28.0,0.5,1.6154,47.62607405833334,-122.33844209333334,549704.6968682738,5274953.264518787
open_standalone,231035.00,1,28.0,0.5,1.623,47.62607402833334,-122.33844202833333,549704.701780328,5274953.261226309
open_standalone,231036.00,1,27.0,0.6,1.6264,47.62607402833334,-122.33844192166667,549704.7097944611,5274953.261294672
open_standalone,231037.00,1,27.0,0.6,1.6373,47.62607400333333,-122.33844184166668,549704.715828761,5274953.258567496
open_standalone,231038.00,1,27.0,0.6,1.6472,47.62607397499999,-122.33844175333334,549704.722492327,5274953.2554752035
open_standalone,231039.00,1,27.0,0.6,1.6526,47.62607395,-122.33844161333333,549704.73303458,5274953.252786484
open_standalone,231040.00,1,29.0,0.5,1.6589,47.62607390666667,-122.33844155333333,549704.7375836115,5274953.248008963
open_standalone,231041.00,1,28.0,0.6,1.6698,47.62607394666667,-122.33844146000001,549704.7445580534,5274953.252514297
open_standalone,231042.00,1,28.0,0.6,1.6804,47.626073986666675,-122.33844137666668,549704.7507811746,5274953.257013222
open_standalone,231043.00,1,29.0,0.5,1.6867,47.626073991666665,-122.33844126833334,549704.7589157881,5274953.257638344
open_standalone,231044.00,1,28.0,0.6,1.6983,47.62607404166667,-122.33844128833334,549704.7573657344,5274953.263182422
open_standalone,231045.00,1,29.0,0.5,1.7172,47.62607425666667,-122.33844116666666,549704.7663030264,5274953.287155048
open_standalone,231046.00,1,27.0,0.6,1.729,47.626074335000006,-122.338441155,549704.7671053073,5274953.295868329
open_standalone,231047.00,1,28.0,0.5,1.7376,47.62607436,-122.33844113666667,549704.7684590347,5274953.298658525
open_standalone,231048.00,1,28.0,0.5,1.7445,47.62607431166666,-122.33844112333333,549704.7695066246,5274953.293295405
open_standalone,231049.00,1,29.0,0.5,1.7528,47.626074296666665,-122.33844114666665,549704.7677677535,5274953.291613381
open_standalone,231050.00,1,28.0,0.6,1.7588,47.62607428,-122.33844108,549704.7727923873,5274953.2898038095
open_standalone,231051.00,1,28.0,0.6,1.7594,47.62607420999999,-122.33844102500001,549704.7769910371,5274953.282059406
open_standalone,231052.00,1,29.0,0.5,1.7675,47.62607416000001,-122.33844097000001,549704.7811707277,5274953.276537764
open_standalone,231053.00,1,28.0,0.5,1.7627,47.62607407833334,-122.33844092166667,549704.7848795563,5274953.26749248
open_standalone,231054.00,1,28.0,0.5,1.7647,47.62607402333333,-122.33844090166667,549704.7864343482,5274953.261392712
open_standalone,231055.00,1,29.0,0.5,1.7647,47.626073948333335,-122.33844084166667,549704.7910134034,5274953.253095824
open_standalone,231056.00,1,29.0,0.5,1.7642,47.626073954999995,-122.33844083333334,549704.7916331872,5274953.253842084
open_standalone,231057.00,1,29.0,0.5,1.7606,47.62607390833333,-122.33844082166667,549704.7925539747,5274953.248663126
open_standalone,231058.00,1,29.0,0.5,1.7616,47.62607388833333,-122.33844081999999,549704.7926981581,5274953.246441435
open_standalone,231059.00,1,30.0,0.5,1.7687,47.626073921666666,-122.33844077666666,549704.7959222974,5274953.250173805
open_standalone,231100.00,1,27.0,0.6,1.7602,47.626073981666664,-122.33844072666668,549704.7996220372,5274953.256874125
open_standalone,231101.00,1,29.0,0.5,1.7576,47.62607403666666,-122.33844083999999,549704.7910548793,5274953.262914072
open_standalone,231102.00,1,30.0,0.5,1.7721,47.626074055,-122.33844083000001,549704.7917888229,5274953.26495801
open_standalone,231103.00,1,29.0,0.5,1.7742,47.62607405833334,-122.33844082166667,549704.7924117668,5274953.265333812
open_standalone,231104.00,1,29.0,0.5,1.7755,47.62607402333333,-122.33844083833334,549704.7911927404,5274953.261433302
open_standalone,231105.00,1,29.0,0.5,1.7758,47.62607399833334,-122.33844085999999,549704.7895885721,5274953.258640969
open_standalone,231106.00,1,29.0,0.5,1.7831,47.626073958333336,-122.33844085666667,549704.7898769351,5274953.254197589
open_standalone,231107.00,1,29.0,0.5,1.783,47.62607392333333,-122.33844086166667,549704.7895344537,5274953.250304557
open_standalone,231108.00,1,29.0,0.5,1.7787,47.62607385,-122.33844093666667,549704.7839690404,5274953.242106376
open_standalone,231109.00,1,29.0,0.5,1.7731,47.62607377833333,-122.33844096666665,549704.7817830103,5274953.234122265
open_standalone,231110.00,1,29.0,0.5,1.7751,47.62607371000001,-122.338441005,549704.778967714,5274953.226503275
open_standalone,231111.00,1,29.0,0.5,1.7726,47.626073668333326,-122.33844103499999,549704.7767532425,5274953.2218533
open_standalone,231112.00,1,29.0,0.5,1.7752,47.62607365666666,-122.33844103833331,549704.7765138622,5274953.220554556
open_standalone,231113.00,1,29.0,0.5,1.7773,47.62607360333333,-122.33844105166666,549704.7755626556,5274953.214618656
open_standalone,231114.00,1,29.0,0.5,1.7751,47.62607357,-122.33844106833334,549704.7743420491,5274953.210903378
open_standalone,231115.00,1,27.0,0.5,1.765,47.62607349500001,-122.33844112,549704.7705313078,5274953.202534921
open_standalone,231116.00,1,29.0,0.5,1.7616,47.626073425,-122.33844108666666,549704.7731020879,5274953.194776632
open_standalone,231117.00,1,29.0,0.5,1.7609,47.626073321666674,-122.33844108500001,549704.7733252738,5274953.18329345
open_standalone,231118.00,1,30.0,0.5,1.7604,47.62607325166667,-122.33844128833334,549704.7581146952,5274953.1753834775
open_standalone,231119.00,1,30.0,0.5,1.7584,47.62607319166667,-122.33844155166668,549704.7383866885,5274953.168546431
open_standalone,231120.00,1,30.0,0.5,1.7628,47.62607318333333,-122.33844177499999,549704.7216149976,5274953.167477144
open_standalone,231121.00,1,29.0,0.5,1.7577,47.62607307500001,-122.33844181333333,549704.7188376234,5274953.155412638
open_standalone,231122.00,1,29.0,0.5,1.7601,47.62607303333333,-122.33844185333334,549704.7158718252,5274953.150756254
open_standalone,231123.00,1,29.0,0.5,1.7525,47.626072926666666,-122.33844189166666,549704.7130928726,5274953.1388769755
open_standalone,231124.00,1,31.0,0.5,1.7585,47.626072926666666,-122.33844202999998,549704.7026995451,5274953.138788317
open_standalone,231125.00,1,30.0,0.5,1.7562,47.62607286000001,-122.33844208333333,549704.6987556807,5274953.131344942
open_standalone,231126.00,1,30.0,0.5,1.7531,47.62607281333333,-122.33844221833333,549704.6886570363,5274953.126071982
open_standalone,231127.00,1,30.0,0.5,1.7489,47.62607279,-122.33844227666665,549704.6842964285,5274953.123441379
open_standalone,231128.00,1,31.0,0.5,1.7522,47.626072801666666,-122.338442455,549704.670886738,5274953.124623693
open_standalone,231129.00,1,31.0,0.5,1.7531,47.62607276333333,-122.33844273833334,549704.6496355371,5274953.120181814
open_standalone,231130.00,1,31.0,0.5,1.7538,47.62607278,-122.33844296666666,549704.6324644834,5274953.121887772
open_standalone,231131.00,1,30.0,0.5,1.7568,47.62607278666666,-122.33844322166667,549704.6132993754,5274953.122465259
open_standalone,231132.00,1,28.0,0.5,1.7713,47.626072830000005,-122.33844343666667,549704.597104806,5274953.127143442
open_standalone,231133.00,1,30.0,0.5,1.7553,47.62607277833334,-122.33844357499999,549704.5867604607,5274953.121312656
open_standalone,231134.00,1,30.0,0.5,1.7562,47.626072795,-122.338443725,549704.5754747834,5274953.12306882
open_standalone,231135.00,1,29.0,0.5,1.7611,47.626072793333336,-122.33844391833333,549704.5609507477,5274953.122759679
open_standalone,231136.00,1,30.0,0.5,1.7576,47.626072825,-122.33844413,549704.5450176797,5274953.126143387
open_standalone,231137.00,1,29.0,0.5,1.7563,47.626072793333336,-122.33844417333333,549704.54179196,5274953.122596248
open_standalone,231138.00,1,29.0,0.5,1.755,47.62607276666666,-122.33844432333332,549704.5305473667,5274953.119536434
open_standalone,231139.00,1,30.0,0.5,1.7508,47.62607272333333,-122.33844449000001,549704.5180663639,5274953.114613641
open_standalone,231140.00,1,29.0,0.5,1.7528,47.62607270833334,-122.33844470166666,549704.502177542,5274953.112810914
open_standalone,231141.00,1,28.0,0.5,1.7521,47.626072658333335,-122.33844471666667,549704.5010979545,5274953.107244405
open_standalone,231142.00,1,29.0,0.5,1.7487,47.62607266166666,-122.338444815,549704.493706765,5274953.107551842
open_standalone,231143.00,1,30.0,0.5,1.7512,47.62607261,-122.33844490166666,549704.487244265,5274953.101754173
open_standalone,231144.00,1,29.0,0.5,1.7598,47.626072631666666,-122.33844500833332,549704.4792095924,5274953.104093797
open_standalone,231145.00,1,30.0,0.5,1.7587,47.62607260833333,-122.33844500666667,549704.4793569321,5274953.1015016455
open_standalone,231146.00,1,30.0,0.5,1.7572,47.62607262833333,-122.33844511500001,549704.4711986172,5274953.103654972
open_standalone,231147.00,1,30.0,0.5,1.7585,47.626072615000005,-122.33844523,549704.4625710202,5274953.102099431
open_standalone,231148.00,1,30.0,0.5,1.7582,47.62607260666667,-122.33844531833331,549704.4559422197,5274953.1011166675
open_standalone,231149.00,1,30.0,0.5,1.7551,47.62607262666667,-122.33844541333335,549704.4487856685,5274953.10327854
open_standalone,231150.00,1,29.0,0.5,1.7595,47.626072555,-122.33844529333334,549704.4578695126,5274953.095390564
open_standalone,231151.00,1,29.0,0.5,1.7551,47.62607256166666,-122.33844536333332,549704.4526039183,5274953.096086619
open_standalone,231152.00,1,30.0,0.5,1.7517,47.62607251166667,-122.338445405,549704.4495207978,5274953.090503021
open_standalone,231153.00,1,30.0,0.5,1.7466,47.62607248833333,-122.33844550500001,549704.4420296691,5274953.087845712
open_standalone,231154.00,1,30.0,0.5,1.7362,47.62607246333334,-122.33844562166665,549704.433287914,5274953.084992493
open_standalone,231155.00,1,29.0,0.5,1.7349,47.626072445,-122.33844558666667,549704.43593493,5274953.0829773955
open_standalone,231156.00,1,30.0,0.5,1.7268,47.62607242000001,-122.33844574666666,549704.4239374319,5274953.080096405
open_standalone,231157.00,1,31.0,0.5,1.722,47.626072414999996,-122.338445895,549704.4127975178,5274953.079445645
open_standalone,231158.00,1,30.0,0.5,1.7268,47.626072410000006,-122.33844602833332,549704.4027845917,5274953.078804503
open_standalone,231159.00,1,29.0,0.5,1.7273,47.62607241333333,-122.33844611,549704.3966456105,5274953.079122622
open_standalone,231200.00,1,31.0,0.5,1.7313,47.62607243000001,-122.33844623333334,549704.3873634678,5274953.0808958765
open_standalone,231201.00,1,31.0,0.5,1.73,47.62607241833333,-122.33844632166665,549704.3807378255,5274953.079542652
open_standalone,231202.00,1,30.0,0.5,1.7407,47.626072471666674,-122.33844643666667,549704.3720470236,5274953.085396305
open_standalone,231203.00,1,31.0,0.5,1.7376,47.62607246833333,-122.33844648333334,549704.3685440017,5274953.084995935
open_standalone,231204.00,1,31.0,0.5,1.7388,47.62607250666667,-122.33844654666667,549704.3637492676,5274953.08921563
open_standalone,231205.00,1,30.0,0.5,1.7367,47.62607254666667,-122.33844660333334,549704.3594538374,5274953.093624829
open_standalone,231206.00,1,30.0,0.5,1.7406,47.62607261666667,-122.33844662999999,549704.3573839433,5274953.101387392
open_standalone,231207.00,1,29.0,0.5,1.7509,47.62607265166666,-122.33844663500001,549704.3569750966,5274953.105274012
open_standalone,231208.00,1,30.0,0.5,1.7518,47.626072674999996,-122.33844663500001,549704.3569529755,5274953.10786723
open_standalone,231209.00,1,29.0,0.5,1.7489,47.62607266,-122.33844660499999,549704.3592211738,5274953.1062193895
open_standalone,231210.00,1,29.0,0.5,1.7468,47.62607265166666,-122.33844661500001,549704.3584777476,5274953.10528683
open_standalone,231211.00,1,29.0,0.5,1.7396,47.62607265500001,-122.33844661833334,549704.3582241467,5274953.105655155
open_standalone,231212.00,1,29.0,0.5,1.7393,47.626072629999996,-122.33844664833332,549704.3559938739,5274953.102857479
open_standalone,231213.00,1,29.0,0.5,1.7387,47.62607259,-122.33844666666667,549704.354654365,5274953.098400214
open_standalone,231214.00,1,29.0,0.5,1.7395,47.626072459999996,-122.33844688166667,549704.3386241233,5274953.083814491
open_standalone,231215.00,1,30.0,0.5,1.7435,47.626072515000004,-122.33844753500001,549704.2894854125,5274953.089508351
open_standalone,231216.00,1,30.0,0.5,1.7445,47.62607246166667,-122.33844823333332,549704.2370684486,5274953.083133432
open_standalone,231217.00,1,30.0,0.5,1.7416,47.626072343333334,-122.338448955,549704.1829600113,5274953.069519595
open_standalone,231218.00,1,30.0,0.5,1.7391,47.626072181666665,-122.33844968,549704.1286422164,5274953.051087646
open_standalone,231219.00,1,29.0,0.5,1.735,47.62607192833334,-122.33844965499999,549704.1307606989,5274953.022948733
open_standalone,231220.00,1,29.0,0.5,1.7387,47.62607169666667,-122.33844959166666,549704.1357387205,5274952.997242376
open_standalone,231221.00,1,29.0,0.5,1.735,47.62607142,-122.33844946666667,549704.145392572,5274952.9665743355
open_standalone,231222.00,1,29.0,0.5,1.7406,47.626071225000004,-122.33844931166668,549704.157222978,5274952.945001784
open_standalone,231223.00,1,29.0,0.5,1.7359,47.62607110833333,-122.33844920000001,549704.1657233777,5274952.932107262
open_standalone,231224.00,1,29.0,0.5,1.7397,47.62607112333333,-122.33844902999999,549704.1784816833,5274952.933883286
open_standalone,231225.00,1,29.0,0.5,1.7365,47.62607112333333,-122.33844895833333,549704.1838661798,5274952.933929218
open_standalone,231226.00,1,29.0,0.5,1.7355,47.626071168333326,-122.33844901333332,549704.1796912317,5274952.938895171
open_standalone,231227.00,1,29.0,0.5,1.7331,47.62607115000001,-122.33844914000001,549704.1701918276,5274952.936776464
open_standalone,231228.00,1,29.0,0.5,1.731,47.62607115166667,-122.33844932666668,549704.1561655131,5274952.936842059
open_standalone,231229.00,1,29.0,0.5,1.7304,47.626071105,-122.33844949333334,549704.1436876716,5274952.931548806
open_standalone,231230.00,1,29.0,0.5,1.7311,47.62607109166667,-122.33844964166668,549704.1325556575,5274952.929971898
open_standalone,231231.00,1,29.0,0.5,1.7376,47.626071055,-122.33844961000001,549704.1349696153,5274952.925917137
open_standalone,231232.00,1,29.0,0.5,1.7409,47.626071030000006,-122.338449745,549704.1248504291,5274952.9230521675
open_standalone,231233.00,1,29.0,0.5,1.7501,47.62607095833334,-122.33844983166667,549704.1184068874,5274952.9150317395
open_standalone,231234.00,1,28.0,0.5,1.7434,47.626071034999995,-122.33844986500002,549704.1158297878,5274952.923530948
open_standalone,231235.00,1,29.0,0.5,1.7319,47.626071001666666,-122.33844990833335,549704.1126056478,5274952.919798581
open_standalone,231236.00,1,28.0,0.5,1.7142,47.62607072000001,-122.33845026499999,549704.0860754199,5274952.888266151
open_standalone,231237.00,1,29.0,0.5,1.6956,47.62607061333333,-122.33844991833332,549704.1122224784,5274952.876633619
open_standalone,231238.00,1,29.0,0.5,1.6979,47.62607020833334,-122.33844950833333,549704.1434107613,5274952.83188554
open_standalone,231239.00,1,29.0,0.5,1.6912,47.62606974333333,-122.33844902999999,549704.179789979,5274952.780512978
open_standalone,231240.00,1,30.0,0.5,1.6828,47.62606938166667,-122.33844872166668,549704.2032987085,5274952.740515715
open_standalone,231241.00,1,30.0,0.5,1.6713,47.62606919500001,-122.33844865833335,549704.2082340688,5274952.719810564
open_standalone,231242.00,1,29.0,0.5,1.6656,47.62606892666666,-122.33844845333333,549704.2238906237,5274952.690119944
open_standalone,231243.00,1,31.0,0.5,1.6597,47.62606895166667,-122.33844882833334,549704.1956922321,5274952.692658055
open_standalone,231244.00,1,31.0,0.5,1.6524,47.626069028333326,-122.33844954166668,549704.1420250294,5274952.700721448
open_standalone,231245.00,1,30.0,0.5,1.657,47.626069345,-122.33844935833334,549704.155499109,5274952.736032617
open_standalone,231246.00,1,30.0,0.5,1.6312,47.62607000166666,-122.33844907,549704.1765397701,5274952.809197967
open_standalone,231247.00,1,30.0,0.5,1.6349,47.62607056499999,-122.33844888833333,549704.1896547767,5274952.871922082
open_standalone,231248.00,1,30.0,0.5,1.6307,47.62607099666668,-122.33844863166665,549704.2085295499,5274952.920061111
open_standalone,231249.00,1,30.0,0.5,1.6344,47.626071243333335,-122.33844819666668,549704.2409783368,5274952.94775392
open_standalone,231250.00,1,30.0,0.5,1.6306,47.626071329999995,-122.33844783166666,549704.2683195359,5274952.957619799
open_standalone,231251.00,1,29.0,0.5,1.6365,47.62607125833333,-122.33844765833334,549704.2814104459,5274952.949766009
open_standalone,231252.00,1,29.0,0.5,1.633,47.626071153333335,-122.33844770833333,549704.2777533653,5274952.938064484
open_standalone,231253.00,1,29.0,0.5,1.6372,47.62607093500001,-122.33844772833332,549704.2764577054,5274952.913786557
open_standalone,231254.00,1,27.0,0.6,1.6259,47.626070733333336,-122.33844781499998,549704.2701374113,5274952.891318202
open_standalone,231255.00,1,27.0,0.5,1.6063,47.62607056833334,-122.33844775833334,549704.2745513432,5274952.873016765
open_standalone,231256.00,1,29.0,0.5,1.5995,47.626070405,-122.33844847333333,549704.2209864535,5274952.854405994
open_standalone,231257.00,1,29.0,0.5,1.5981,47.626070246666664,-122.33844899166667,549704.1821928787,5274952.8364769565
open_standalone,231258.00,1,29.0,0.5,1.5832,47.62607007166666,-122.33844942666668,549704.1496761461,5274952.816749031
open_standalone,231259.00,1,29.0,0.5,1.5708,47.62606988999999,-122.33844978833334,549704.1226754508,5274952.796327184
open_standalone,231300.00,1,29.0,0.5,1.5628,47.62606984000001,-122.338449755,549704.1252272713,5274952.790791655
open_standalone,231301.00,1,28.0,0.5,1.5515,47.626069791666666,-122.338449565,549704.139548267,5274952.785541761
open_standalone,231302.00,1,28.0,0.5,1.5337,47.626069615000006,-122.33844950333332,549704.1443489261,5274952.76594692
open_standalone,231303.00,1,30.0,0.5,1.5308,47.62606966166666,-122.33845003666666,549704.1042340166,5274952.770791539
open_standalone,231304.00,1,29.0,0.5,1.5322,47.626069548333334,-122.33845025666666,549704.0878123094,5274952.758054913
open_standalone,231305.00,1,27.0,0.5,1.5333,47.62606953166666,-122.33845006333334,549704.1023537267,5274952.756326522
open_standalone,231306.00,1,27.0,0.6,1.526,47.62606950833333,-122.33844996499998,549704.1097638793,5274952.753796328
open_standalone,231307.00,1,29.0,0.5,1.5203,47.62606956,-122.33844980333333,549704.1218613177,5274952.7596420655
open_standalone,231308.00,1,31.0,0.5,1.5065,47.6260696,-122.33844953,549704.1423596138,5274952.764262761
open_standalone,231309.00,1,29.0,0.5,1.4985,47.626069696666676,-122.33844923333332,549704.1645572796,5274952.775196227
open_standalone,231310.00,1,29.0,0.5,1.5138,47.626069773333334,-122.33844906833335,549704.1768814578,5274952.783822547
open_standalone,231311.00,1,30.0,0.5,1.5054,47.626069834999996,-122.33844879499999,549704.1973592148,5274952.790851232
open_standalone,231312.00,1,29.0,0.5,1.5127,47.62606992333334,-122.33844849666666,549704.2196900012,5274952.800859617
open_standalone,231313.00,1,29.0,0.5,1.5222,47.626069926666666,-122.33844828166666,549704.2358403293,5274952.80136787
open_standalone,231314.00,1,29.0,0.5,1.5243,47.626069955000006,-122.338448035,549704.2543461507,5274952.804674868
open_standalone,231315.00,1,29.0,0.5,1.5231,47.62606996833333,-122.338447805,549704.2716139862,5274952.806304114
open_standalone,231316.00,1,29.0,0.5,1.5165,47.62606994666667,-122.338447585,549704.2881636787,5274952.804037126
open_standalone,231317.00,1,29.0,0.5,1.5175,47.62606994166667,-122.33844740666667,549704.3015670476,5274952.80359573
open_standalone,231318.00,1,29.0,0.5,1.5113,47.62606996666667,-122.33844722666666,549704.3150671975,5274952.806489541
open_standalone,231319.00,1,29.0,0.5,1.5164,47.62607002333333,-122.33844702166668,549704.3304156368,5274952.81291874
open_standalone,231320.00,1,30.0,0.5,1.5071,47.62607000333334,-122.33844685333334,549704.3430819036,5274952.810803869
open_standalone,231321.00,1,30.0,0.5,1.5133,47.62607003833333,-122.338446705,549704.3541933768,5274952.814788763
open_standalone,231322.00,1,30.0,0.5,1.5075,47.62607002333333,-122.33844669166668,549704.355209363,5274952.813130239
open_standalone,231323.00,1,30.0,0.5,1.5079,47.62607002833333,-122.33844666499999,549704.3572081578,5274952.81370302
open_standalone,231324.00,1,28.0,0.6,1.5153,47.62607009666667,-122.33844667833334,549704.3561416073,5274952.821288899
open_standalone,231325.00,1,28.0,0.6,1.5081,47.62607013333333,-122.33844665333332,549704.3579851602,5274952.825379975
open_standalone,231326.00,1,28.0,0.6,1.511,47.626070168333335,-122.33844663500001,549704.3593294055,5274952.829281554
open_standalone,231327.00,1,28.0,0.6,1.5068,47.62607013499999,-122.33844661833334,549704.3606132172,5274952.825587638
open_standalone,231328.00,1,28.0,0.6,1.5013,47.62607014833334,-122.33844667833334,549704.3560926251,5274952.827031025
open_standalone,231329.00,1,29.0,0.5,1.5042,47.62607015833334,-122.33844667333332,549704.3564588078,5274952.828145608
open_standalone,231330.00,1,29.0,0.5,1.5023,47.626070126666676,-122.33844665666666,549704.3577410376,5274952.824636921
open_standalone,231331.00,1,29.0,0.5,1.4967,47.626070141666666,-122.33844667500001,549704.3563493863,5274952.82629224
open_standalone,231332.00,1,28.0,0.5,1.4988,47.62607009166666,-122.33844669666665,549704.3547689207,5274952.820721459
open_standalone,231333.00,1,29.0,0.5,1.4905,47.626070078333335,-122.33844662166666,549704.3604164969,5274952.8192876885
open_standalone,231334.00,1,30.0,0.5,1.4899,47.62607012833334,-122.33844657166668,549704.3641257198,5274952.824876629
open_standalone,231335.00,1,30.0,0.5,1.4945,47.62607012333333,-122.33844646333334,549704.3722698144,5274952.8243903695
open_standalone,231336.00,1,31.0,0.5,1.494,47.626070121666665,-122.33844640833334,549704.3764036827,5274952.824240389
open_standalone,231337.00,1,30.0,0.5,1.4953,47.62607015833334,-122.33844630833333,549704.3838821712,5274952.828379538
open_standalone,231338.00,1,30.0,0.5,1.4949,47.62607019,-122.33844625166667,549704.3881096586,5274952.831935222
open_standalone,231339.00,1,29.0,0.5,1.4995,47.62607022666666,-122.33844629,549704.385194819,5274952.83598571
open_standalone,231340.00,1,28.0,0.6,1.4974,47.626070250000005,-122.338446305,549704.3840457081,5274952.838569315
open_standalone,231341.00,1,29.0,0.5,1.5027,47.626070275,-122.33844627666667,549704.3861507623,5274952.84136592
open_standalone,231342.00,1,28.0,0.5,1.5088,47.626070365000004,-122.33844628666665,549704.3853141137,5274952.851361924
open_standalone,231343.00,1,29.0,0.5,1.5166,47.626070383333335,-122.33844630166668,549704.384169743,5274952.853389837
open_standalone,231344.00,1,31.0,0.5,1.5084,47.62607028666666,-122.33844638999999,549704.3776246861,5274952.842589893
open_standalone,231345.00,1,30.0,0.5,1.5007,47.626070205,-122.33844644500002,549704.3735698195,5274952.833478381
open_standalone,231346.00,1,30.0,0.5,1.5009,47.62607010833334,-122.33844642000001,549704.3755397763,5274952.822751075
open_standalone,231347.00,1,30.0,0.5,1.4953,47.62606998333334,-122.33844636500001,549704.3797905701,5274952.808894086
open_standalone,231348.00,1,31.0,0.5,1.4933,47.62606997333334,-122.33844628,549704.3861863147,5274952.8078371845
open_standalone,231349.00,1,29.0,0.5,1.5,47.62606993333334,-122.33844629333335,549704.3852224671,5274952.803383124
open_standalone,231350.00,1,28.0,0.5,1.4876,47.626069926666666,-122.33844609499998,549704.4001300712,5274952.802769316
open_standalone,231351.00,1,29.0,0.5,1.4871,47.62606991833333,-122.33844597833334,549704.4089034281,5274952.801917939
open_standalone,231352.00,1,29.0,0.5,1.5048,47.626069865,-122.33844580499999,549704.4219769579,5274952.7961016735
open_standalone,231353.00,1,30.0,0.5,1.5044,47.626069945000005,-122.33844568,549704.431292677,5274952.805072822
open_standalone,231354.00,1,30.0,0.5,1.5071,47.62606997333334,-122.33844557333332,549704.4392799515,5274952.808290092
open_standalone,231355.00,1,30.0,0.5,1.5091,47.626070045000006,-122.33844548666666,549704.445723491,5274952.816310519
open_standalone,231356.00,1,29.0,0.5,1.5191,47.62607014,-122.33844542833334,549704.450016154,5274952.826906007
open_standalone,231357.00,1,30.0,0.5,1.5213,47.626070150000004,-122.33844538833334,549704.453011974,5274952.828043022
open_standalone,231358.00,1,30.0,0.5,1.5241,47.62607016166667,-122.33844536833334,549704.4545035627,5274952.82935245
open_standalone,231359.00,1,31.0,0.5,1.5169,47.62607010833334,-122.33844543333335,549704.4496705121,5274952.823383436
open_standalone,231400.00,1,31.0,0.5,1.517,47.626070093333325,-122.33844544833333,549704.4485577468,5274952.821706752
open_standalone,231401.00,1,31.0,0.5,1.514,47.626070031666664,-122.33844548333333,549704.4459865724,5274952.814830817
open_standalone,231402.00,1,31.0,0.5,1.5021,47.62606996166666,-122.33844550833334,549704.4441746231,5274952.807035141
open_standalone,231403.00,1,30.0,0.5,1.5034,47.626069998333335,-122.33844545666668,549704.448021707,5274952.811143312
open_standalone,231404.00,1,30.0,0.5,1.5013,47.62606998166666,-122.33844545666668,549704.4480375077,5274952.809291013
open_standalone,231405.00,1,31.0,0.5,1.4996,47.62606993166667,-122.33844547333335,549704.4468326997,5274952.803723436
open_standalone,231406.00,1,30.0,0.5,1.4971,47.626069915,-122.33844542333333,549704.4506051275,5274952.801903182
open_standalone,231407.00,1,28.0,0.6,1.4938,47.62606991333334,-122.33844542333333,549704.4506067076,5274952.801717953
open_standalone,231408.00,1,29.0,0.5,1.4913,47.62606997666667,-122.33844537666667,549704.4540528489,5274952.808786596
open_standalone,231409.00,1,30.0,0.5,1.4908,47.626070025000004,-122.33844536166667,549704.4551340126,5274952.814167874
open_standalone,231410.00,1,29.0,0.5,1.4896,47.62607005500001,-122.33844530166668,549704.459613521,5274952.817540467
open_standalone,231411.00,1,28.0,0.6,1.4951,47.62607014833334,-122.33844528,549704.4611529083,5274952.827927224
open_standalone,231412.00,1,29.0,0.5,1.4937,47.62607019166667,-122.33844527833335,549704.4612370469,5274952.832744268
open_standalone,231413.00,1,29.0,0.5,1.5054,47.62607023666666,-122.33844526,549704.4625718155,5274952.837757222
open_standalone,231414.00,1,29.0,0.5,1.5058,47.626070295,-122.33844536333332,549704.4547528218,5274952.8441740405
open_standalone,231415.00,1,29.0,0.5,1.5061,47.62607033999999,-122.33844530833333,549704.4588424461,5274952.849210496
open_standalone,231416.00,1,29.0,0.5,1.5081,47.626070375000005,-122.33844536666666,549704.4544265353,5274952.853062937
open_standalone,231417.00,1,28.0,0.5,1.5054,47.626070426666665,-122.33844543,549704.4496191624,5274952.85876447
open_standalone,231418.00,1,28.0,0.5,1.5013,47.62607045666667,-122.33844549333335,549704.4448323266,5274952.8620580165
open_standalone,231419.00,1,27.0,0.6,1.5011,47.62607055,-122.33844552666666,549704.4422394276,5274952.872409524
open_standalone,231420.00,1,28.0,0.6,1.4992,47.626070523333325,-122.33844548666666,549704.4452700092,5274952.869471482
open_standalone,231421.00,1,28.0,0.6,1.4935,47.62607056333333,-122.33844552833334,549704.4421015646,5274952.873890295
open_standalone,231422.00,1,28.0,0.5,1.4893,47.62607056499999,-122.33844552999999,549704.441974766,5274952.874074455
open_standalone,231423.00,1,28.0,0.5,1.4887,47.62607057666667,-122.33844558999999,549704.4374557539,5274952.875332612
open_standalone,231424.00,1,28.0,0.5,1.4889,47.626070556666676,-122.33844536666666,549704.454254307,5274952.873252989
open_standalone,231425.00,1,26.0,0.6,1.4834,47.626070524999996,-122.338445205,549704.4664307487,5274952.869837235
open_standalone,231426.00,1,25.0,0.6,1.4779,47.626070471666665,-122.33844497,549704.4841374503,5274952.864060493
open_standalone,231427.00,1,30.0,0.5,1.4799,47.626070524999996,-122.33844488000001,549704.4908488113,5274952.87004553
open_standalone,231428.00,1,27.0,0.6,1.4834,47.626070598333335,-122.33844471833332,549704.502925712,5274952.878299256
open_standalone,231429.00,1,28.0,0.5,1.4838,47.626070533333326,-122.33844478833335,549704.497728057,5274952.8710304275
open_standalone,231430.00,1,27.0,0.6,1.4678,47.626070641666665,-122.33844484000001,549704.4937435064,5274952.883037255
open_standalone,231431.00,1,27.0,0.5,1.4683,47.626070819999995,-122.338445185,549704.4676537262,5274952.9026357345
open_standalone,231432.00,1,29.0,0.5,1.4821,47.62607107666666,-122.33844566333333,549704.4314720142,5274952.930854562
open_standalone,231433.00,1,29.0,0.5,1.4612,47.62607130166666,-122.33844651333332,549704.3673960792,5274952.95531582
open_standalone,231434.00,1,30.0,0.5,1.4455,47.626071836666675,-122.33844755666665,549704.2885006337,5274953.014105922
open_standalone,231435.00,1,30.0,0.5,1.4263,47.626072425,-122.33844836499999,549704.2272107641,5274953.078973988
open_standalone,231436.00,1,29.0,0.5,1.4103,47.62607315833334,-122.33844885666667,549704.1895753874,5274953.160160009
open_standalone,231437.00,1,29.0,0.5,1.3913,47.62607389333333,-122.33844911333333,549704.1695945698,5274953.241681867
open_standalone,231438.00,1,30.0,0.5,1.3766,47.626074454999994,-122.33844914000001,549704.1670585544,5274953.304087233
open_standalone,231439.00,1,30.0,0.5,1.3593,47.62607484499999,-122.33844924333334,549704.1589251264,5274953.347364786
open_standalone,231440.00,1,30.0,0.5,1.3471,47.62607510166666,-122.33844922000002,549704.160434888,5274953.375905137
open_standalone,231441.00,1,31.0,0.5,1.3491,47.62607513333334,-122.33844923,549704.1596535422,5274953.379418097
open_standalone,231442.00,1,31.0,0.5,1.3493,47.62607509333334,-122.33844881333334,549704.1909966697,5274953.375239623
open_standalone,231443.00,1,31.0,0.5,1.3562,47.62607494833334,-122.33844891833333,549704.1832452249,5274953.359057332
open_standalone,231444.00,1,31.0,0.5,1.3638,47.62607487499999,-122.33844890166665,549704.1845669561,5274953.350917899
open_standalone,231445.00,1,31.0,0.5,1.3758,47.62607480666667,-122.33844881499999,549704.191143221,5274953.3433790235
open_standalone,231446.00,1,28.0,0.6,1.3774,47.626074735,-122.33844857333334,549704.2093681835,5274953.335569025
open_standalone,231447.00,1,30.0,0.5,1.3844,47.62607465666667,-122.33844826166666,549704.232858742,5274953.327062971
open_standalone,231448.00,1,30.0,0.5,1.4014,47.62607465999999,-122.33844806,549704.2480073014,5274953.327562679
open_standalone,231449.00,1,29.0,0.5,1.4073,47.62607456333333,-122.33844786333333,549704.2628750035,5274953.316945393
open_standalone,231450.00,1,29.0,0.5,1.4171,47.62607444333333,-122.33844765333333,549704.278766594,5274953.303743434
open_standalone,231451.00,1,28.0,0.6,1.4246,47.626074321666664,-122.33844744166666,549704.2947849833,5274953.290357314
open_standalone,231452.00,1,28.0,0.6,1.4199,47.626074126666666,-122.33844727666668,549704.3073667119,5274953.268791173
open_standalone,231453.00,1,27.0,0.6,1.4229,47.62607408,-122.33844722,549704.3116684642,5274953.263641055
open_standalone,231454.00,1,27.0,0.6,1.425,47.62607422333334,-122.338447415,549704.2968817403,5274953.279445847
open_standalone,231455.00,1,28.0,0.5,1.43,47.62607443333333,-122.33844734333334,549704.3020671476,5274953.302830736
open_standalone,231456.00,1,28.0,0.5,1.4297,47.62607457000001,-122.33844735833333,549704.3008105939,5274953.31800997
open_standalone,231457.00,1,28.0,0.5,1.4151,47.626074631666675,-122.33844735166667,549704.301253015,5274953.324867747
open_standalone,231458.00,1,28.0,0.5,1.4187,47.626074728333336,-122.33844730833334,549704.3044171119,5274953.33563885
open_standalone,231459.00,1,29.0,0.5,1.4166,47.62607478166667,-122.33844724833334,549704.3088744989,5274953.341604658
open_standalone,231500.00,1,28.0,0.5,1.4321,47.626074925,-122.33844712166668,549704.3182553949,5274953.357615605
open_standalone,231501.00,1,28.0,0.5,1.4386,47.62607499333333,-122.33844721666668,549704.3110530258,5274953.365149142
open_standalone,231502.00,1,28.0,0.5,1.437,47.62607498833333,-122.33844716999998,549704.3145639518,5274953.364623361
open_standalone,231503.00,1,30.0,0.5,1.434,47.62607505999999,-122.33844679333333,549704.3427959145,5274953.372829651
open_standalone,231504.00,1,30.0,0.5,1.4205,47.626075145,-122.33844649333332,549704.365255079,5274953.382468647
open_standalone,231505.00,1,31.0,0.5,1.4166,47.62607516833334,-122.33844634166665,549704.3766280544,5274953.385159069
open_standalone,231506.00,1,29.0,0.5,1.3995,47.626075185000005,-122.33844629,549704.3804940989,5274953.387044481
open_standalone,231507.00,1,28.0,0.5,1.3928,47.62607517166666,-122.33844625833332,549704.3828859355,5274953.385582937
open_standalone,231508.00,1,28.0,0.5,1.3981,47.62607517333333,-122.33844625666667,549704.3830095739,5274953.385769233
open_standalone,231509.00,1,27.0,0.5,1.3918,47.626075191666665,-122.33844630666665,549704.3792355703,5274953.387774718
open_standalone,231510.00,1,29.0,0.5,1.3921,47.62607521500001,-122.33844627166667,549704.3818430842,5274953.390390368
open_standalone,231511.00,1,27.0,0.5,1.3934,47.62607529333333,-122.33844623333334,549704.3846489005,5274953.399120738
open_standalone,231512.00,1,29.0,0.5,1.3948,47.62607539833333,-122.33844619833332,549704.3871789947,5274953.410812648
open_standalone,231513.00,1,29.0,0.5,1.3982,47.62607547833333,-122.33844616833333,549704.3893571248,5274953.419722908
open_standalone,231514.00,1,29.0,0.5,1.3939,47.62607553833333,-122.33844619166666,549704.3875471501,5274953.426376229
open_standalone,231515.00,1,29.0,0.5,1.4056,47.626075565,-122.33844623499999,549704.384266128,5274953.429312134
open_standalone,231516.00,1,29.0,0.5,1.4113,47.62607559833334,-122.33844621666667,549704.3856119552,5274953.433028481
open_standalone,231517.00,1,29.0,0.5,1.4213,47.62607562666667,-122.33844618500001,549704.3879642899,5274953.436197683
open_standalone,231518.00,1,30.0,0.5,1.4315,47.62607555166666,-122.33844621166666,549704.3860318605,5274953.427845248
open_standalone,231519.00,1,29.0,0.5,1.4414,47.626075506666666,-122.33844623499999,549704.3843214306,5274953.422829089
open_standalone,231520.00,1,29.0,0.5,1.4412,47.626075535000005,-122.33844626166668,549704.3822910346,5274953.425960906
open_standalone,231521.00,1,29.0,0.5,1.4535,47.62607556333334,-122.33844626833334,549704.3817632915,5274953.429105541
open_standalone,231522.00,1,29.0,0.5,1.4634,47.626075565,-122.33844636833334,549704.3742484621,5274953.42922668
open_standalone,231523.00,1,29.0,0.5,1.47,47.62607567,-122.33844643333332,549704.369265307,5274953.4408545
open_standalone,231524.00,1,29.0,0.5,1.4796,47.62607578166667,-122.33844650166665,549704.3640253867,5274953.453221104
open_standalone,231525.00,1,30.0,0.5,1.4858,47.626075854999996,-122.33844647333332,549704.3660846187,5274953.461389376
open_standalone,231526.00,1,31.0,0.5,1.4873,47.626075959999994,-122.33844650666667,549704.3634806557,5274953.473037492
open_standalone,231527.00,1,31.0,0.5,1.4896,47.62607607666667,-122.338446535,549704.3612412973,5274953.4859854225
open_standalone,231528.00,1,29.0,0.5,1.4931,47.62607618333333,-122.33844655,549704.3600131848,5274953.497830518
open_standalone,231529.00,1,28.0,0.5,1.488,47.62607622166667,-122.33844661333333,549704.3552184512,5274953.502050214
open_standalone,231530.00,1,30.0,0.5,1.4892,47.62607626166667,-122.33844665333332,549704.3521752313,5274953.5064700935
open_standalone,231531.00,1,28.0,0.5,1.4852,47.626076318333325,-122.33844668833332,549704.3494918719,5274953.512745476
open_standalone,231532.00,1,27.0,0.6,1.4831,47.626076303333335,-122.33844674833333,549704.3449981415,5274953.511039953
open_standalone,231533.00,1,27.0,0.6,1.4763,47.62607631166667,-122.33844691166665,549704.3327186019,5274953.511861421
open_standalone,231534.00,1,29.0,0.5,1.473,47.626076346666665,-122.33844699833335,549704.3261739346,5274953.515695703
open_standalone,231535.00,1,29.0,0.5,1.4701,47.62607632166667,-122.33844706500001,549704.3211888028,5274953.51287453
open_standalone,231536.00,1,27.0,0.6,1.4741,47.62607637333334,-122.33844716666665,549704.3135013529,5274953.518551495
open_standalone,231537.00,1,30.0,0.5,1.4812,47.626076409999996,-122.33844722500001,549704.3090838606,5274953.522589165
open_standalone,231538.00,1,28.0,0.6,1.4825,47.626076418333334,-122.33844729666667,549704.3036914642,5274953.523469383
open_standalone,231539.00,1,28.0,0.6,1.4728,47.626076445,-122.33844739166668,549704.2965285971,5274953.526372174
open_standalone,231540.00,1,29.0,0.5,1.4724,47.626076453333326,-122.33844743333333,549704.2933901763,5274953.527271618
open_standalone,231541.00,1,29.0,0.5,1.4704,47.626076455,-122.33844742333333,549704.2941399207,5274953.527463257
open_standalone,231542.00,1,27.0,0.6,1.4684,47.626076389999994,-122.33844745500001,549704.2918223476,5274953.520218999
open_standalone,231543.00,1,27.0,0.6,1.4697,47.62607637666667,-122.33844746333334,549704.291208884,5274953.5187318195
open_standalone,231544.00,1,27.0,0.6,1.4628,47.62607631666666,-122.33844755166668,549704.2846290623,5274953.512006931
open_standalone,231545.00,1,28.0,0.5,1.4577,47.62607630166667,-122.33844749,549704.2892764563,5274953.510379387
open_standalone,231546.00,1,27.0,0.6,1.461,47.626076323333336,-122.33844751666666,549704.2872523807,5274953.512770283
open_standalone,231547.00,1,26.0,0.6,1.4595,47.62607636166668,-122.33844751666666,549704.2872160391,5274953.51703057
open_standalone,231548.00,1,25.0,0.6,1.4592,47.62607641166666,-122.33844748499999,549704.2895478329,5274953.522607759
open_standalone,231549.00,1,29.0,0.5,1.4672,47.62607647333333,-122.33844747166668,549704.2904911358,5274953.529469808
open_standalone,231550.00,1,26.0,0.6,1.4635,47.62607649833333,-122.33844743,549704.2935979551,5274953.5322749615
open_standalone,231551.00,1,26.0,0.6,1.4633,47.62607651333333,-122.33844734666667,549704.2998447774,5274953.533995438
open_standalone,231552.00,1,26.0,0.7,1.4443,47.626076518333335,-122.338447415,549704.2947059821,5274953.534507334
open_standalone,231553.00,1,27.0,0.6,1.4567,47.62607647333333,-122.33844740499998,549704.2954999704,5274953.529512536
open_standalone,231554.00,1,25.0,0.6,1.4555,47.62607646666667,-122.33844736166665,549704.2987620317,5274953.52879939
open_standalone,231555.00,1,27.0,0.5,1.4531,47.62607647833333,-122.33844736833335,549704.2982500857,5274953.530091725
open_standalone,231556.00,1,26.0,0.6,1.4485,47.62607651666667,-122.33844737,549704.2980885254,5274953.534350946
open_standalone,231557.00,1,25.0,0.6,1.4528,47.62607656,-122.33844734499999,549704.299925756,5274953.539182942
open_standalone,231558.00,1,26.0,0.6,1.4542,47.62607663666666,-122.33844737666668,549704.2974738766,5274953.5476832185
open_standalone,231559.00,1,25.0,0.6,1.4483,47.62607661333333,-122.33844729166667,549704.3038822591,5274953.545144477
open_standalone,231600.00,1,26.0,0.6,1.4446,47.62607664833334,-122.33844736666667,549704.2982141407,5274953.5489862375
open_standalone,231601.00,1,25.0,0.6,1.4412,47.62607674166667,-122.33844733,549704.3008805158,5274953.559382609
open_standalone,231602.00,1,25.0,0.6,1.4391,47.626076781666676,-122.33844734166665,549704.2999660491,5274953.563820648
open_standalone,231603.00,1,26.0,0.6,1.4479,47.626076865,-122.33844736666667,549704.2980087314,5274953.573066115
open_standalone,231604.00,1,25.0,0.6,1.4403,47.62607685333334,-122.33844742666666,549704.2935118427,5274953.571731053
open_standalone,231605.00,1,24.0,0.7,1.4502,47.626076954999995,-122.338447435,549704.2927893543,5274953.583024732
open_standalone,231606.00,1,27.0,0.6,1.4325,47.626076905000005,-122.33844758333335,549704.2816921013,5274953.57737277
open_standalone,231607.00,1,27.0,0.6,1.4244,47.62607687,-122.33844758666667,549704.2814748419,5274953.573480806
open_standalone,231608.00,1,26.0,0.6,1.4204,47.62607689666667,-122.33844759833333,549704.2805730158,5274953.576437007
open_standalone,231609.00,1,25.0,0.7,1.4192,47.62607694500001,-122.33844758166667,549704.2817794018,5274953.581819355
open_standalone,231610.00,1,25.0,0.7,1.4213,47.626077,-122.33844758333335,549704.2816020371,5274953.587930871
open_standalone,231611.00,1,25.0,0.7,1.4219,47.626077105,-122.33844751666666,549704.2865113274,5274953.599643077
open_standalone,231612.00,1,25.0,0.7,1.4127,47.62607719999999,-122.33844752499999,549704.2857951593,5274953.610195837
open_standalone,231613.00,1,26.0,0.6,1.407,47.626077245000005,-122.33844747833334,549704.289258681,5274953.615226952
open_standalone,231614.00,1,25.0,0.7,1.4017,47.626077345000006,-122.33844744666666,549704.2915430727,5274953.626361039
open_standalone,231615.00,1,26.0,0.6,1.3929,47.62607741,-122.33844745833333,549704.290604903,5274953.633577523
open_standalone,231616.00,1,26.0,0.6,1.3974,47.62607745333333,-122.33844726333334,549704.305214658,5274953.638518476
open_standalone,231617.00,1,25.0,0.6,1.3705,47.626077505,-122.33844728166666,549704.3037882472,5274953.644248851
open_standalone,231618.00,1,27.0,0.6,1.3632,47.62607756833333,-122.33844750499999,549704.2869486145,5274953.651144449
open_standalone,231619.00,1,27.0,0.6,1.3752,47.62607792833334,-122.33844748499999,549704.2881099682,5274953.691166913
open_standalone,231620.00,1,26.0,0.6,1.3663,47.626078559999996,-122.33844717333335,549704.3109274128,5274953.76156877
open_rtk,231813.00,4,18.0,0.7,2.4443,47.62607477333333,-122.338416675,549706.605933253,5274953.360273564
open_rtk,231814.00,4,18.0,0.7,2.4535,47.62607475833333,-122.338416635,549706.6089527744,5274953.358632132
open_rtk,231815.00,4,18.0,0.7,2.4469,47.62607471333334,-122.33841659666665,549706.611875518,5274953.353655498
open_rtk,231816.00,4,18.0,0.7,2.4477,47.62607471666667,-122.33841652666666,549706.6171316317,5274953.354070823
open_rtk,231817.00,4,18.0,0.7,2.4431,47.62607464833333,-122.338416515,549706.6180729626,5274953.346483876
open_rtk,231818.00,4,18.0,0.7,2.4436,47.62607462833333,-122.33841650000001,549706.6192189122,5274953.344270732
open_rtk,231819.00,4,18.0,0.7,2.4469,47.626074603333336,-122.33841649,549706.619993939,5274953.341498694
open_rtk,231820.00,4,18.0,0.7,2.4477,47.62607460166667,-122.33841649,549706.619995519,5274953.341313465
open_rtk,231821.00,4,18.0,0.7,2.456,47.626074608333326,-122.33841646166665,549706.6221179536,5274953.342072543
open_rtk,231822.00,4,18.0,0.7,2.4568,47.62607460666666,-122.33841645,549706.6229960788,5274953.3418947905
open_rtk,231823.00,4,18.0,0.7,2.451,47.62607458000001,-122.338416475,549706.6211430487,5274953.338915091
open_rtk,231824.00,4,17.0,0.7,2.451,47.626074556666666,-122.33841648333333,549706.6205390666,5274953.3363165315
open_rtk,231825.00,4,18.0,0.7,2.4497,47.626074556666666,-122.33841646499998,549706.6219164972,5274953.336328282
open_rtk,231826.00,4,18.0,0.7,2.456,47.62607454166667,-122.33841645333332,549706.6228072636,5274953.334668691
open_rtk,231827.00,4,18.0,0.7,2.451,47.62607454166667,-122.33841646666666,549706.6218054981,5274953.3346601445
open_rtk,231828.00,4,18.0,0.7,2.4586,47.62607455833333,-122.33841647,549706.6215392539,5274953.336510307
open_rtk,231829.00,4,18.0,0.7,2.4556,47.626074575,-122.33841644500002,549706.6234017629,5274953.338378629
open_rtk,231830.00,4,18.0,0.7,2.4581,47.626074575,-122.33841641333332,549706.6257809609,5274953.338398925
open_rtk,231831.00,4,18.0,0.7,2.4533,47.626074560000006,-122.338416435,549706.6241673107,5274953.33671797
open_rtk,231832.00,4,18.0,0.7,2.4484,47.626074545,-122.33841645166667,549706.6229293237,5274953.335040219
open_rtk,231833.00,4,18.0,0.7,2.4401,47.626074554999995,-122.33841646499998,549706.6219180773,5274953.336143052
open_rtk,231834.00,4,18.0,0.7,2.444,47.62607457666666,-122.33841647,549706.6215218722,5274953.338547835
open_rtk,231835.00,4,15.0,0.9,2.4476,47.626074585,-122.33841642833335,549706.6246444902,5274953.339500691
open_rtk,231836.00,4,17.0,0.7,2.4526,47.626074583333335,-122.33841646166665,549706.6221416558,5274953.339294096
open_rtk,231837.00,4,17.0,0.7,2.4544,47.626074605,-122.33841644833335,549706.6231228793,5274953.34171063
open_rtk,231838.00,4,18.0,0.7,2.4519,47.62607458833333,-122.33841648,549706.6207594848,5274953.339838034
open_rtk,231839.00,4,18.0,0.7,2.4488,47.62607454833333,-122.33841646833335,549706.6216739533,5274953.335399995
open_rtk,231840.00,4,18.0,0.7,2.4418,47.62607453833333,-122.33841646666666,549706.6218086584,5274953.334289685
open_rtk,231841.00,4,18.0,0.7,2.4436,47.626074535,-122.33841646,549706.6223127005,5274953.333923499
open_rtk,231842.00,4,18.0,0.7,2.441,47.626074525,-122.33841648666666,549706.6203186485,5274953.332795029
open_rtk,231843.00,4,18.0,0.7,2.4393,47.626074511666666,-122.33841654333334,549706.6160737813,5274953.3312768685
open_rtk,231844.00,4,18.0,0.7,2.4477,47.626074536666664,-122.33841652333334,549706.6175527282,5274953.334068135
open_rtk,231845.00,4,18.0,0.7,2.4465,47.626074535,-122.33841653333333,549706.6168029838,5274953.333876497
open_rtk,231846.00,4,18.0,0.7,2.4496,47.62607456333333,-122.33841652999999,549706.6170265641,5274953.3370275395
open_rtk,231847.00,4,18.0,0.7,2.452,47.62607457833333,-122.33841648833335,549706.6201428615,5274953.3387213135
open_rtk,231848.00,4,18.0,0.7,2.4553,47.62607458666666,-122.33841646499998,549706.6218880547,5274953.339662419
open_rtk,231849.00,4,18.0,0.7,2.4471,47.62607456166667,-122.33841644833335,549706.6231639632,5274953.336894654
open_rtk,231850.00,4,18.0,0.7,2.4458,47.626074550000006,-122.33841645166667,549706.6229245833,5274953.3355959095
open_rtk,231851.00,4,18.0,0.7,2.4407,47.626074546666665,-122.33841645333332,549706.6228025231,5274953.33522438
open_rtk,231852.00,4,18.0,0.7,2.4408,47.626074521666666,-122.338416495,549706.6196957047,5274953.332419227
open_rtk,231853.00,4,18.0,0.7,2.4483,47.626074521666666,-122.33841652499999,549706.617441731,5274953.332399999
open_rtk,231854.00,4,18.0,0.7,2.4567,47.626074546666665,-122.33841647333333,549706.621299874,5274953.335211562
open_rtk,231855.00,4,18.0,0.7,2.462,47.62607453833333,-122.33841642500002,549706.6249391772,5274953.33431639
open_rtk,231856.00,4,18.0,0.7,2.4586,47.626074530000004,-122.33841646666666,549706.6218165591,5274953.333363535
open_rtk,231857.00,4,18.0,0.7,2.4611,47.626074535,-122.33841645166667,549706.6229388046,5274953.333928839
open_rtk,231858.00,4,18.0,0.7,2.4578,47.62607453166667,-122.33841645333332,549706.6228167445,5274953.333557311
open_rtk,231859.00,4,18.0,0.7,2.4577,47.626074513333336,-122.33841645666668,549706.6225836832,5274953.331517648
open_rtk,231900.00,4,18.0,0.7,2.4527,47.62607451,-122.33841644666667,549706.62333817,5274953.331153597
open_rtk,231901.00,4,18.0,0.7,2.4562,47.626074515,-122.33841639333332,549706.6273404971,5274953.331743469
open_rtk,231902.00,4,18.0,0.7,2.4624,47.626074546666665,-122.33841641166667,549706.6259330438,5274953.335251085
open_rtk,231903.00,4,18.0,0.7,2.4674,47.626074575,-122.338416455,549706.6226504402,5274953.33837222
open_rtk,231904.00,4,18.0,0.7,2.4692,47.62607456166667,-122.33841647166668,549706.6214108712,5274953.336879699
open_rtk,231905.00,4,18.0,0.7,2.4637,47.62607454166667,-122.33841646,549706.6223063798,5274953.334664417
open_rtk,231906.00,4,17.0,0.7,2.455,47.62607451,-122.33841649166668,549706.6199572065,5274953.331124756
open_rtk,231907.00,4,18.0,0.7,2.458,47.62607451,-122.33841648499998,549706.6204580922,5274953.3311290275
open_rtk,231908.00,4,17.0,0.7,2.4595,47.62607452666666,-122.33841648333333,549706.6205675093,5274953.332982394
open_rtk,231909.00,4,18.0,0.7,2.4596,47.62607453833333,-122.338416475,549706.6211825524,5274953.334284344
open_rtk,231910.00,4,17.0,0.7,2.4679,47.62607456333333,-122.33841643833333,549706.6239137095,5274953.337086293
open_rtk,231911.00,4,18.0,0.7,2.467,47.62607454333333,-122.33841645166667,549706.6229309039,5274953.334854988
open_rtk,231912.00,4,18.0,0.7,2.4602,47.62607450166667,-122.33841649,549706.6200903277,5274953.330199674
open_rtk,231913.00,4,18.0,0.7,2.4604,47.62607448833334,-122.33841651833333,549706.6179742157,5274953.328699676
open_rtk,231914.00,4,18.0,0.7,2.4563,47.62607447666666,-122.33841652166666,549706.6177348358,5274953.327400928
open_rtk,231915.00,4,18.0,0.7,2.4595,47.626074464999995,-122.33841646833335,549706.6217529605,5274953.326138504
open_rtk,231916.00,4,18.0,0.7,2.4611,47.626074505,-122.33841646833335,549706.621715037,5274953.33058402
open_rtk,231917.00,4,18.0,0.7,2.4631,47.626074525,-122.33841644666667,549706.6233239487,5274953.332820666
open_rtk,231918.00,4,18.0,0.7,2.4644,47.62607452,-122.33841644666667,549706.6233286891,5274953.332264977
open_rtk,231919.00,4,18.0,0.7,2.4671,47.62607451,-122.33841648499998,549706.6204580922,5274953.3311290275
open_rtk,231920.00,4,18.0,0.7,2.4657,47.626074493333334,-122.33841649666668,549706.6195973448,5274953.329269252
open_rtk,231921.00,4,18.0,0.7,2.4657,47.626074493333334,-122.338416495,549706.6197225671,5274953.32927032
open_rtk,231922.00,4,18.0,0.7,2.4673,47.626074511666666,-122.33841649666668,549706.6195799632,5274953.33130678
open_rtk,231923.00,4,18.0,0.7,2.4645,47.626074530000004,-122.33841648166666,549706.6206895714,5274953.333353922
open_rtk,231924.00,4,18.0,0.7,2.4581,47.626074546666665,-122.33841651666668,549706.6180441311,5274953.335183786
open_rtk,231925.00,4,18.0,0.7,2.4682,47.626074545,-122.33841646833335,549706.6216771136,5274953.335029536
open_rtk,231926.00,4,18.0,0.7,2.4652,47.626074505,-122.33841649,549706.6200871675,5274953.330570133
open_rtk,231927.00,4,18.0,0.7,2.4682,47.626074515,-122.33841648833335,549706.620202907,5274953.3316825805
open_rtk,231928.00,4,19.0,0.7,2.4654,47.62607449833334,-122.33841646499998,549706.6219718023,5274953.3298452385
open_rtk,231929.00,4,19.0,0.7,2.4718,47.62607449,-122.33841646666666,549706.6218544826,5274953.328918019
open_rtk,231930.00,4,19.0,0.7,2.4729,47.626074493333334,-122.33841644833335,549706.6232287491,5274953.32930023
open_rtk,231931.00,4,19.0,0.7,2.476,47.626074495,-122.33841645,549706.6231019485,5274953.329484391
open_rtk,231932.00,4,19.0,0.7,2.4713,47.626074503333335,-122.33841650000001,549706.619337423,5274953.330378495
open_rtk,231933.00,4,19.0,0.7,2.4681,47.6260745,-122.33841651666668,549706.6180883751,5274953.329997352
open_rtk,231934.00,4,19.0,0.7,2.4692,47.626074530000004,-122.33841651166668,549706.6184355938,5274953.333334694
open_rtk,231935.00,4,19.0,0.7,2.4703,47.62607450833334,-122.33841650499998,549706.6189570213,5274953.33093098
open_rtk,231936.00,4,19.0,0.7,2.4705,47.62607452666666,-122.33841650000001,549706.619315301,5274953.332971712
open_rtk,231937.00,4,19.0,0.7,2.4662,47.62607448666666,-122.33841648166666,549706.6207306552,5274953.328537947
open_rtk,231938.00,4,19.0,0.7,2.474,47.62607447833334,-122.33841647166668,549706.6214898785,5274953.327618207
open_rtk,231939.00,4,19.0,0.7,2.4706,47.62607448000001,-122.33841648833335,549706.62023609,5274953.327792755
open_rtk,231940.00,4,19.0,0.7,2.4762,47.62607448333333,-122.33841645,549706.6231130095,5274953.328187784
open_rtk,231941.00,4,19.0,0.7,2.4743,47.62607450666666,-122.33841644833335,549706.623216108,5274953.330782069
open_rtk,231942.00,4,19.0,0.7,2.4726,47.62607450833334,-122.33841647833333,549706.6209605541,5274953.330948071
open_rtk,231943.00,4,19.0,0.7,2.471,47.62607449166667,-122.338416495,549706.6197241473,5274953.32908509
open_rtk,231944.00,4,19.0,0.7,2.4731,47.62607448166667,-122.33841648333333,549706.6206101732,5274953.327981189
open_rtk,231945.00,4,20.0,0.7,2.4737,47.626074495,-122.33841646666666,549706.6218497421,5274953.329473709
open_rtk,231946.00,4,20.0,0.7,2.4723,47.62607449833334,-122.33841647,549706.621596139,5274953.329842033
open_rtk,231947.00,4,15.0,0.9,2.4782,47.626074493333334,-122.338416475,549706.6212252163,5274953.329283139
open_rtk,231948.00,4,19.0,0.7,2.4866,47.626074564999996,-122.33841650833334,549706.6186528535,5274953.337226658
open_rtk,231949.00,4,19.0,0.7,2.4769,47.626074550000006,-122.33841647833333,549706.6209210504,5274953.335578817
open_rtk,231950.00,4,20.0,0.7,2.4859,47.62607454333333,-122.33841652166666,549706.61767163,5274953.334810124
open_rtk,231951.00,4,19.0,0.7,2.4743,47.62607447166667,-122.33841655333332,549706.6153603802,5274953.3268249445
open_rtk,231952.00,4,19.0,0.7,2.4768,47.62607448833334,-122.33841651666668,549706.6180994362,5274953.328700745
open_rtk,231953.00,4,19.0,0.7,2.4755,47.62607447666666,-122.33841651666668,549706.6181104971,5274953.327404133
open_rtk,231954.00,4,19.0,0.7,2.4808,47.62607451833334,-122.33841647833333,549706.6209510732,5274953.33205945
open_rtk,231955.00,4,20.0,0.7,2.4843,47.62607452333334,-122.33841646333333,549706.6220733206,5274953.332624754
open_rtk,231956.00,4,20.0,0.7,2.4864,47.626074540000005,-122.33841646333333,549706.6220575192,5274953.334477052
open_rtk,231957.00,4,20.0,0.7,2.4795,47.626074546666665,-122.33841644333333,549706.6235538477,5274953.335230788
open_rtk,231958.00,4,20.0,0.7,2.478,47.626074530000004,-122.33841649166668,549706.6199382448,5274953.333347512
open_rtk,231959.00,4,20.0,0.7,2.4714,47.626074511666666,-122.33841649833333,549706.6194547447,5274953.331305711
open_rtk,232000.00,4,20.0,0.7,2.4723,47.62607449833334,-122.33841650999999,549706.6185908408,5274953.329816396
open_rtk,232001.00,4,20.0,0.7,2.47,47.6260745,-122.33841648833335,549706.6202171283,5274953.330015512
open_rtk,232002.00,4,20.0,0.7,2.4757,47.62607449,-122.33841649,549706.6201013888,5274953.328903064
open_rtk,232003.00,4,20.0,0.7,2.4771,47.62607449833334,-122.33841647,549706.621596139,5274953.329842033
open_rtk,232004.00,4,20.0,0.7,2.4725,47.62607449833334,-122.33841651833333,549706.6179647348,5274953.329811055
open_rtk,232005.00,4,20.0,0.7,2.4719,47.62607449666666,-122.33841649833333,549706.619468966,5274953.329638642
open_rtk,232006.00,4,20.0,0.7,2.4734,47.626074511666666,-122.33841647,549706.621583498,5274953.331323871
open_rtk,232007.00,4,20.0,0.7,2.4737,47.62607451833334,-122.33841646499998,549706.6219528406,5274953.332067997
open_rtk,232008.00,4,19.0,0.7,2.478,47.6260745,-122.33841646166665,549706.6222206631,5274953.330032604
open_rtk,232009.00,4,19.0,0.7,2.476,47.6260745,-122.338416495,549706.6197162466,5274953.330011239
open_rtk,232010.00,4,19.0,0.7,2.4736,47.62607448166667,-122.33841653166668,549706.6169787688,5274953.32795021
open_rtk,232011.00,4,19.0,0.7,2.4789,47.62607449,-122.33841653833333,549706.6164699864,5274953.328872086
open_rtk,232012.00,4,19.0,0.7,2.4719,47.62607447166667,-122.33841654000001,549706.6163621456,5274953.32683349
open_rtk,232013.00,4,19.0,0.7,2.469,47.62607448833334,-122.33841650833334,549706.6187255402,5274953.328706085
open_rtk,232014.00,4,19.0,0.7,2.4745,47.6260745,-122.33841652000001,549706.6178379323,5274953.329995216
open_rtk,232015.00,4,19.0,0.7,2.4636,47.626074495,-122.33841653166668,549706.6169661277,5274953.329432049
open_rtk,232016.00,4,19.0,0.7,2.4709,47.62607448000001,-122.33841654666666,549706.6158533631,5274953.327755367
open_rtk,232017.00,4,19.0,0.7,2.4725,47.626074468333336,-122.33841655333332,549706.6153635405,5274953.326454485
open_rtk,232018.00,4,19.0,0.7,2.4755,47.62607448833334,-122.33841658333334,549706.6130906031,5274953.328658015
open_rtk,232019.00,4,19.0,0.7,2.4758,47.62607449666666,-122.33841656666667,549706.6143349106,5274953.329594844
open_rtk,232020.00,4,19.0,0.7,2.466,47.62607445833334,-122.33841652999999,549706.6171261133,5274953.325358061
open_rtk,232021.00,4,19.0,0.7,2.4661,47.62607446333333,-122.33841655500001,549706.6152430585,5274953.325897727
open_rtk,232022.00,4,19.0,0.7,2.465,47.62607443833334,-122.33841658833335,549706.6127623442,5274953.323097915
open_rtk,232023.00,4,19.0,0.7,2.4582,47.62607443499999,-122.33841663,549706.6096349858,5274953.322700748
open_rtk,232024.00,4,19.0,0.7,2.4658,47.626074431666666,-122.33841661166667,549706.6110155748,5274953.32234204
open_rtk,232025.00,4,19.0,0.7,2.4647,47.626074450000004,-122.338416595,549706.6122504014,5274953.324390251
open_rtk,232026.00,4,19.0,0.7,2.4712,47.626074493333334,-122.33841656333334,549706.6145885118,5274953.329226523
open_rtk,232027.00,4,19.0,0.7,2.4739,47.626074511666666,-122.33841656000001,549706.614821573,5274953.331266186
open_rtk,232028.00,4,20.0,0.7,2.4703,47.62607452,-122.33841660499999,549706.6114327108,5274953.332163494
open_rtk,232029.00,4,20.0,0.7,2.4725,47.626074535,-122.33841661166667,549706.6109176058,5274953.33382629
open_rtk,232030.00,4,20.0,0.7,2.4724,47.62607453166667,-122.33841658666667,549706.6127990785,5274953.333471853
open_rtk,232031.00,4,20.0,0.7,2.4747,47.62607457000001,-122.33841655333332,549706.6152671516,5274953.337753505
open_rtk,232032.00,4,20.0,0.7,2.4774,47.626074550000006,-122.33841662166667,549706.6101520599,5274953.335486949
open_rtk,232033.00,4,20.0,0.7,2.482,47.62607452666666,-122.33841656833334,549706.6141812475,5274953.332927914
open_rtk,232034.00,4,19.0,0.7,2.4806,47.62607453166667,-122.33841656499999,549706.61442695,5274953.33348574
open_rtk,232035.00,4,19.0,0.7,2.4716,47.62607452333334,-122.33841660833332,549706.6111791095,5274953.332531819
open_rtk,232036.00,4,19.0,0.7,2.4698,47.62607451,-122.338416655,549706.607685565,5274953.331020068
open_rtk,232037.00,4,20.0,0.7,2.468,47.6260745,-122.33841664166667,549706.6086968132,5274953.329917235
open_rtk,232038.00,4,20.0,0.7,2.4741,47.62607454333333,-122.33841659833334,549706.6119114705,5274953.334760984
open_rtk,232039.00,4,20.0,0.7,2.4784,47.626074545,-122.338416615,549706.6106576822,5274953.334935533
open_rtk,232040.00,4,20.0,0.7,2.4813,47.626074525,-122.33841659833334,549706.611928852,5274953.332723457
open_rtk,232041.00,4,20.0,0.7,2.4806,47.62607449833334,-122.338416615,549706.6107019262,5274953.329749098
open_rtk,232042.00,4,20.0,0.7,2.4794,47.626074556666666,-122.33841664833332,549706.6081422066,5274953.336210778
open_rtk,232043.00,4,20.0,0.7,2.4818,47.626074540000005,-122.33841658833335,549706.6126659553,5274953.334396936
open_rtk,232044.00,4,20.0,0.7,2.4804,47.62607457000001,-122.33841658666667,549706.6127627351,5274953.337732141
open_rtk,232045.00,4,20.0,0.7,2.4763,47.626074573333334,-122.33841656833334,549706.6141370035,5274953.33811435
open_rtk,232046.00,4,20.0,0.7,2.4753,47.626074573333334,-122.33841652999999,549706.6170170832,5274953.33813892
open_rtk,232047.00,4,20.0,0.7,2.4827,47.62607456833333,-122.33841654666666,549706.6157696154,5274953.337572547
open_rtk,232048.00,4,19.0,0.7,2.4811,47.62607455333333,-122.33841656666667,549706.6142811857,5274953.335892661
open_rtk,232049.00,4,19.0,0.7,2.4787,47.626074525,-122.33841659,549706.6125549581,5274953.3327287985
open_rtk,232050.00,4,20.0,0.7,2.4806,47.62607454166667,-122.33841658499999,549706.612914818,5274953.334584301
open_rtk,232051.00,4,19.0,0.7,2.48,47.62607457166667,-122.33841653333333,549706.6167682206,5274953.337951553
open_rtk,232052.00,4,19.0,0.7,2.4741,47.62607455166667,-122.33841657166667,549706.6139071026,5274953.335704226
open_rtk,232053.00,4,19.0,0.7,2.4684,47.62607455833333,-122.33841661666665,549706.6105198225,5274953.336416301
open_rtk,232054.00,4,18.0,0.8,2.4727,47.626074530000004,-122.33841663,549706.6095449175,5274953.3332588505
open_rtk,232055.00,4,18.0,0.8,2.4709,47.626074515,-122.33841668333335,549706.6055520694,5274953.331557598
open_rtk,232056.00,4,18.0,0.8,2.4756,47.626074505,-122.33841662333334,549706.6100695014,5274953.330484675
open_rtk,232057.00,4,18.0,0.8,2.4819,47.62607457000001,-122.33841662833332,549706.6096322145,5274953.337705435
open_rtk,232058.00,4,18.0,0.8,2.4782,47.626074545,-122.33841662833332,549706.6096559167,5274953.334926987
open_rtk,232059.00,4,18.0,0.8,2.485,47.626074583333335,-122.33841659333332,549706.6122492102,5274953.339209706
open_rtk,232100.00,4,18.0,0.8,2.4902,47.626074603333336,-122.338416665,549706.6068457523,5274953.341386531
open_rtk,232101.00,4,19.0,0.7,2.4931,47.626074611666674,-122.33841660666667,549706.6112205804,5274953.3423500685
open_rtk,232102.00,4,19.0,0.7,2.4978,47.626074626666664,-122.33841664333335,549706.6084514998,5274953.343993636
open_rtk,232103.00,4,17.0,0.8,2.4965,47.62607459000001,-122.33841667,549706.6064827321,5274953.339901487
open_rtk,232104.00,4,19.0,0.7,2.49,47.626074593333335,-122.33841664833332,549706.6081074433,5274953.340285834
open_rtk,232105.00,4,19.0,0.7,2.4817,47.626074599999995,-122.33841664833332,549706.6081011228,5274953.341026753
open_rtk,232106.00,4,19.0,0.7,2.4809,47.626074599999995,-122.33841664333335,549706.6084767822,5274953.341029958
open_rtk,232107.00,4,20.0,0.7,2.4842,47.626074575,-122.33841663333332,549706.6092518127,5274953.33825792
open_rtk,232108.00,4,20.0,0.7,2.4877,47.626074599999995,-122.33841667666665,549706.6059723676,5274953.341008593
open_rtk,232109.00,4,19.0,0.7,2.4863,47.626074608333326,-122.33841665666665,549706.607467118,5274953.341947559
open_rtk,232110.00,4,19.0,0.7,2.4846,47.626074655000004,-122.33841665333333,549706.6076733147,5274953.347136133
open_rtk,232111.00,4,19.0,0.7,2.4951,47.626074679999995,-122.33841660166667,549706.6115314577,5274953.349947695
open_rtk,232112.00,4,19.0,0.7,2.4861,47.626074641666676,-122.33841662833332,549706.6095642683,5274953.345670318
open_rtk,232113.00,4,20.0,0.7,2.4851,47.62607463333334,-122.33841666666667,549706.6066920892,5274953.3447196
open_rtk,232114.00,4,19.0,0.7,2.4813,47.62607458166667,-122.33841665166668,549706.6078680615,5274953.338987088
open_rtk,232115.00,4,19.0,0.7,2.476,47.626074583333335,-122.33841663333332,549706.609243912,5274953.339184069
open_rtk,232116.00,4,20.0,0.7,2.4779,47.62607458166667,-122.33841665166668,549706.6078680615,5274953.338987088
open_rtk,232117.00,4,20.0,0.7,2.4795,47.626074603333336,-122.33841662833332,549706.6096006116,5274953.341410031
open_rtk,232118.00,4,19.0,0.7,2.4831,47.62607462333334,-122.33841660833332,549706.6110843009,5274953.343645609
open_rtk,232119.00,4,19.0,0.7,2.4831,47.62607465999999,-122.33841665666665,549706.6074181334,5274953.3476896845
open_rtk,232120.00,4,19.0,0.7,2.4841,47.62607463999999,-122.33841659666665,549706.6119450445,5274953.345505384
open_rtk,232121.00,4,19.0,0.7,2.4762,47.626074646666666,-122.33841658166666,549706.6130657117,5274953.346255918
open_rtk,232122.00,4,19.0,0.7,2.4802,47.626074635,-122.33841658666667,549706.6127011095,5274953.344956104
open_rtk,232123.00,4,19.0,0.7,2.481,47.62607461666666,-122.33841658666667,549706.612718491,5274953.342918577
open_rtk,232124.00,4,19.0,0.7,2.4753,47.62607459166667,-122.33841657500001,549706.6136187383,5274953.340147606
open_rtk,232125.00,4,19.0,0.7,2.4761,47.626074598333325,-122.33841657166667,549706.6138628585,5274953.34089066
open_rtk,232126.00,4,19.0,0.7,2.4799,47.626074645,-122.33841661333332,549706.6106880958,5274953.346050392
open_rtk,232127.00,4,19.0,0.7,2.4807,47.626074625,-122.33841659833334,549706.6118340434,5274953.343837247
open_rtk,232128.00,4,17.0,0.8,2.4958,47.62607465999999,-122.338416635,549706.609046003,5274953.347703572
open_rtk,232129.00,4,19.0,0.7,2.4778,47.62607466333334,-122.33841656333334,549706.614427337,5274953.348119968
open_rtk,232130.00,4,19.0,0.7,2.4677,47.62607465666667,-122.33841658833335,549706.6125553452,5274953.347363025
open_rtk,232131.00,4,19.0,0.7,2.4692,47.626074609999996,-122.33841654166666,549706.6161057731,5274953.342206498
open_rtk,232132.00,4,19.0,0.7,2.4711,47.62607466166667,-122.33841654499999,549706.6158063477,5274953.347946487
open_rtk,232133.00,4,20.0,0.7,2.4789,47.626074689999996,-122.33841656999999,549706.6139011729,5274953.35107937
open_rtk,232134.00,4,20.0,0.7,2.4761,47.62607464999999,-122.33841654000001,549706.6161930701,5274953.346653081
open_rtk,232135.00,4,20.0,0.7,2.4761,47.62607463833333,-122.33841654000001,549706.6162041312,5274953.345356474
open_rtk,232136.00,4,20.0,0.7,2.4715,47.62607464833333,-122.33841655500001,549706.6150676624,5274953.346458238
open_rtk,232137.00,4,20.0,0.7,2.4658,47.62607462833333,-122.33841657166667,549706.6138344159,5274953.344224798
open_rtk,232138.00,4,20.0,0.7,2.4681,47.626074655000004,-122.33841660666667,549706.6111794966,5274953.347166043
open_rtk,232139.00,4,20.0,0.7,2.47,47.62607463333334,-122.33841660499999,549706.611325261,5274953.344759124
open_rtk,232140.00,4,17.0,0.8,2.4686,47.626074598333325,-122.33841661833334,549706.6103566766,5274953.34086075
open_rtk,232141.00,4,16.0,0.9,2.471,47.626074609999996,-122.338416625,549706.6098447319,5274953.342153086
open_rtk,232142.00,4,19.0,0.7,2.4622,47.626074646666666,-122.33841656499999,549706.61431792,5274953.346266599
open_rtk,232143.00,4,20.0,0.7,2.4565,47.62607465166668,-122.33841655666666,549706.6149392836,5274953.346827631
open_rtk,232144.00,4,17.0,0.8,2.4659,47.62607458666666,-122.33841659333332,549706.61224605,5274953.339580165
open_rtk,232145.00,4,19.0,0.7,2.4659,47.626074583333335,-122.33841663166668,549706.6093691306,5274953.339185137
open_rtk,232146.00,4,20.0,0.7,2.4615,47.62607459000001,-122.33841661833334,549706.6103645773,5274953.339934603
open_rtk,232147.00,4,20.0,0.7,2.4649,47.62607461333334,-122.33841658499999,549706.6128468718,5274953.342549185
open_rtk,232148.00,4,20.0,0.7,2.4638,47.62607462333334,-122.33841659,549706.6124617296,5274953.343657359
open_rtk,232149.00,4,20.0,0.7,2.4711,47.62607466333334,-122.33841657333332,549706.6136760144,5274953.348113558
open_rtk,232150.00,4,20.0,0.7,2.4712,47.62607467166666,-122.33841657166667,549706.6137933321,5274953.349040772
open_rtk,232151.00,4,20.0,0.7,2.4652,47.62607466666667,-122.33841655666666,549706.6149250623,5274953.348494699
open_rtk,232152.00,4,20.0,0.7,2.4672,47.626074636666665,-122.33841655833334,549706.6148282825,5274953.345159494
open_rtk,232153.00,4,20.0,0.7,2.4682,47.626074631666675,-122.33841658499999,549706.6128294902,5274953.344586713
open_rtk,232154.00,4,20.0,0.7,2.4641,47.626074615,-122.33841658333334,549706.6129705121,5274953.342735483
open_rtk,232155.00,4,20.0,0.7,2.4612,47.62607461833333,-122.33841655500001,549706.615096105,5274953.343124101
open_rtk,232156.00,4,20.0,0.7,2.4672,47.626074631666675,-122.33841653500001,549706.616586115,5274953.344618759
open_rtk,232157.00,4,20.0,0.7,2.4646,47.626074625,-122.33841650000001,549706.6192220724,5274953.343900274
open_rtk,232158.00,4,20.0,0.7,2.4678,47.62607461666666,-122.33841654833334,549706.6155985688,5274953.342943145
open_rtk,232159.00,4,18.0,0.7,2.4509,47.62607462999999,-122.33841653833333,549706.6163372542,5274953.34443139
open_rtk,232200.00,4,18.0,0.7,2.4668,47.626074665000004,-122.33841653666666,549706.6164292915,5274953.348322289
open_rtk,232201.00,4,20.0,0.7,2.46,47.62607461999999,-122.33841650166666,549706.6191015925,5274953.343343514
open_rtk,232202.00,4,19.0,0.7,2.4579,47.626074605,-122.33841654833334,549706.6156096299,5274953.341646536
open_rtk,232203.00,4,19.0,0.7,2.455,47.626074609999996,-122.33841653833333,549706.6163562159,5274953.342208634
open_rtk,232204.00,4,18.0,0.7,2.4565,47.626074636666665,-122.33841653166668,549706.6168318153,5274953.345176585
open_rtk,232205.00,4,19.0,0.7,2.4565,47.62607462333334,-122.33841652166666,549706.617595783,5274953.343701157
open_rtk,232206.00,4,19.0,0.7,2.4573,47.62607466666667,-122.33841648666666,549706.6201843362,5274953.348539564
open_rtk,232207.00,4,19.0,0.7,2.4558,47.62607469166666,-122.33841649833333,549706.619284089,5274953.3513105335
open_rtk,232208.00,4,19.0,0.7,2.4548,47.626074683333336,-122.33841649,549706.6199180919,5274953.350389726
open_rtk,232209.00,4,19.0,0.7,2.4559,47.62607472,-122.33841647,549706.6213859798,5274953.354477601
open_rtk,232210.00,4,19.0,0.7,2.45,47.62607470166666,-122.33841647166668,549706.6212781391,5274953.352439003
open_rtk,232211.00,4,19.0,0.7,2.4482,47.62607473166666,-122.33841646666666,549706.6216253615,5274953.355776346
open_rtk,232212.00,4,19.0,0.7,2.447,47.62607468666667,-122.33841646166665,549706.6220436868,5274953.350778347
open_rtk,232213.00,4,19.0,0.7,2.4424,47.62607468833333,-122.33841644,549706.6236699763,5274953.350977463
open_rtk,232214.00,4,18.0,0.7,2.4487,47.62607468666667,-122.33841648166666,549706.6205410376,5274953.350765527
open_rtk,232215.00,4,18.0,0.7,2.4508,47.626074679999995,-122.33841645166667,549706.6228013319,5274953.350043835
open_rtk,232216.00,4,18.0,0.7,2.4525,47.62607469666667,-122.338416475,549706.6210324386,5274953.351881179
open_rtk,232217.00,4,19.0,0.7,2.4516,47.626074728333336,-122.33841646833335,549706.6215032976,5274953.355404819
open_rtk,232218.00,4,20.0,0.7,2.4456,47.6260747,-122.33841644833335,549706.6230328111,5274953.352268729
open_rtk,232219.00,4,19.0,0.7,2.4411,47.62607469833333,-122.33841647666668,549706.620905638,5274953.352065341
open_rtk,232220.00,4,19.0,0.7,2.4315,47.626074655000004,-122.338416435,549706.6240772423,5274953.347276071
open_rtk,232221.00,4,19.0,0.7,2.4317,47.62607467666667,-122.33841646833335,549706.621552282,5274953.349662695
open_rtk,232222.00,4,19.0,0.7,2.4374,47.62607468666667,-122.33841644833335,549706.6230454523,5274953.350786893
open_rtk,232223.00,4,19.0,0.7,2.4417,47.626074725,-122.33841642166665,549706.6250126436,5274953.355064269
open_rtk,232224.00,4,18.0,0.7,2.4494,47.62607475,-122.33841640666667,549706.6261159292,5274953.35785233
open_rtk,232225.00,4,18.0,0.7,2.4464,47.62607476,-122.33841638333334,549706.6278595384,5274953.358978665
open_rtk,232226.00,4,18.0,0.7,2.4423,47.62607474333333,-122.33841637166667,549706.6287518868,5274953.357133843
open_rtk,232227.00,4,18.0,0.7,2.4342,47.62607469833333,-122.33841640333334,549706.6264153547,5274953.352112343
open_rtk,232228.00,4,18.0,0.7,2.4308,47.62607468666667,-122.33841641333332,549706.625675091,5274953.350809325
open_rtk,232229.00,4,18.0,0.7,2.4401,47.62607469500001,-122.33841639666667,549706.6269193967,5274953.351746157
open_rtk,232230.00,4,18.0,0.7,2.441,47.626074736666666,-122.33841636999999,549706.6288834278,5274953.356393994
open_rtk,232231.00,4,18.0,0.7,2.4387,47.62607470666667,-122.33841636000001,549706.629663195,5274953.3530662665
open_rtk,232232.00,4,18.0,0.7,2.4389,47.62607474,-122.33841635166667,549706.6302576961,5274953.356776203
open_rtk,232233.00,4,18.0,0.7,2.4374,47.62607472,-122.33841632333333,549706.6324054131,5274953.354571604
open_rtk,232234.00,4,18.0,0.7,2.4341,47.62607474166666,-122.33841634333334,549706.6308822202,5274953.356966773
open_rtk,232235.00,4,19.0,0.7,2.4321,47.62607471,-122.33841630833334,549706.6335418798,5274953.35346984
open_rtk,232236.00,4,18.0,0.7,2.4342,47.62607473166666,-122.33841631666668,549706.6328952338,5274953.355872487
open_rtk,232237.00,4,18.0,0.7,2.4361,47.626074718333335,-122.33841634999999,549706.6304034605,5274953.354369284
open_rtk,232238.00,4,18.0,0.7,2.4384,47.62607472333334,-122.33841638333334,549706.6278943015,5274953.3549036095
open_rtk,232239.00,4,18.0,0.7,2.4383,47.626074718333335,-122.33841637833332,549706.6282747053,5274953.354351125
open_rtk,232240.00,4,18.0,0.7,2.4332,47.626074675000005,-122.33841635666667,549706.6299436586,5274953.349549036
open_rtk,232241.00,4,18.0,0.7,2.4326,47.62607470333334,-122.33841633166666,549706.6317951104,5274953.352713967
open_rtk,232242.00,4,19.0,0.7,2.4278,47.62607472166666,-122.33841632333333,549706.632403833,5274953.354756833
open_rtk,232243.00,4,19.0,0.7,2.4294,47.626074708333334,-122.3384163,549706.6341695641,5274953.3532899525
open_rtk,232244.00,4,19.0,0.7,2.4305,47.62607473833334,-122.33841632000001,549706.6326384724,5274953.35661127
open_rtk,232245.00,4,19.0,0.7,2.4363,47.62607473833334,-122.33841632166666,549706.632513252,5274953.356610202
open_rtk,232246.00,4,19.0,0.7,2.4351,47.62607476666667,-122.33841633666667,549706.6313594016,5274953.359749495
open_rtk,232247.00,4,19.0,0.7,2.4346,47.62607474666667,-122.33841632666666,549706.6321296879,5274953.357533147
open_rtk,232248.00,4,19.0,0.7,2.4355,47.62607473833334,-122.33841634833334,549706.6305097173,5274953.35659311
open_rtk,232249.00,4,19.0,0.7,2.43,47.626074728333336,-122.33841636833334,549706.629016549,5274953.355468913
open_rtk,232250.00,4,18.0,0.7,2.4315,47.626074725,-122.33841636333334,549706.6293953725,5274953.355101658
open_rtk,232251.00,4,18.0,0.7,2.4259,47.62607471333334,-122.33841635333334,549706.630157758,5274953.35381146
open_rtk,232252.00,4,18.0,0.7,2.4267,47.62607473166666,-122.33841636166666,549706.6295142723,5274953.355843645
open_rtk,232253.00,4,18.0,0.7,2.427,47.62607474,-122.33841632500001,549706.632261229,5274953.356793296
open_rtk,232254.00,4,18.0,0.7,2.4267,47.62607475,-122.33841632999999,549706.6318760868,5274953.357901469
open_rtk,232255.00,4,18.0,0.7,2.4265,47.62607473166666,-122.33841630166668,549706.6340222217,5274953.355882101
open_rtk,232256.00,4,18.0,0.7,2.4329,47.626074751666664,-122.33841628833333,549706.6350050273,5274953.358113404
open_rtk,232257.00,4,18.0,0.7,2.4347,47.626074751666664,-122.33841628333333,549706.6353806905,5274953.358116608
open_rtk,232258.00,4,18.0,0.7,2.4362,47.626074761666665,-122.33841626666666,549706.6366234178,5274953.35923867
open_rtk,232259.00,4,18.0,0.7,2.4363,47.626074761666665,-122.33841627666668,549706.6358720914,5274953.359232261
open_rtk,232300.00,4,18.0,0.7,2.4325,47.62607474833333,-122.33841628333333,549706.6353838508,5274953.357746149
open_rtk,232301.00,4,18.0,0.7,2.4328,47.62607472333334,-122.33841632333333,549706.6324022528,5274953.354942066
open_rtk,232302.00,4,18.0,0.7,2.4339,47.62607474666667,-122.33841630999999,549706.6333818982,5274953.357543829
open_rtk,232303.00,4,20.0,0.7,2.434,47.62607475,-122.33841632500001,549706.6322517481,5274953.3579046745
open_rtk,232304.00,4,20.0,0.7,2.4415,47.62607477833333,-122.33841632333333,549706.632350108,5274953.3610546505
open_rtk,232305.00,4,19.0,0.7,2.4424,47.62607479166666,-122.33841631499999,549706.632963571,5274953.362541827
open_rtk,232306.00,4,19.0,0.7,2.4411,47.62607480500001,-122.33841629833333,549706.6342031381,5274953.364034352
open_rtk,232307.00,4,19.0,0.7,2.4414,47.626074814999996,-122.33841629166666,549706.6346945409,5274953.365150002
open_rtk,232308.00,4,16.0,0.8,2.448,47.62607479500001,-122.33841629166666,549706.6347135026,5274953.362927246
open_rtk,232309.00,4,18.0,0.7,2.4386,47.62607480333333,-122.3384163,549706.6340794958,5274953.363848052
open_rtk,232310.00,4,19.0,0.7,2.4434,47.626074808333335,-122.33841629333334,549706.634575639,5274953.364408015
open_rtk,232311.00,4,19.0,0.7,2.4425,47.626074751666664,-122.33841632333333,549706.6323753904,5274953.358090972
open_rtk,232312.00,4,16.0,0.8,2.4499,47.62607476,-122.33841634500001,549706.6307396162,5274953.359003235
open_rtk,232313.00,4,18.0,0.7,2.4407,47.62607475666667,-122.33841636000001,549706.6296157906,5274953.358623161
open_rtk,232314.00,4,19.0,0.7,2.4508,47.62607474333333,-122.33841630999999,549706.6333850585,5274953.357173367
open_rtk,232315.00,4,19.0,0.7,2.4525,47.62607473333334,-122.33841632833334,549706.6320171087,5274953.35605024
open_rtk,232316.00,4,19.0,0.7,2.4486,47.626074765000006,-122.33841633166666,549706.631736645,5274953.359567471
open_rtk,232317.00,4,19.0,0.7,2.4524,47.62607475,-122.33841636999999,549706.6288707866,5274953.357875832
open_rtk,232318.00,4,19.0,0.7,2.4454,47.62607473833334,-122.33841638,549706.628130523,5274953.356572814
open_rtk,232319.00,4,19.0,0.7,2.4511,47.62607473333334,-122.33841636999999,549706.628886588,5274953.356023534
open_rtk,232320.00,4,19.0,0.7,2.453,47.62607474,-122.33841632166666,549706.6325116717,5274953.356795431
open_rtk,232321.00,4,19.0,0.7,2.4576,47.62607478666667,-122.33841632166666,549706.6324674278,5274953.361981868
open_rtk,232322.00,4,19.0,0.7,2.4577,47.62607474166666,-122.33841637833332,549706.6282525832,5274953.356944341
open_rtk,232323.00,4,19.0,0.7,2.4502,47.626074726666666,-122.33841637333335,549706.6286424659,5274953.355280477
open_rtk,232324.00,4,19.0,0.7,2.4443,47.626074708333334,-122.33841642833335,549706.6245275595,5274953.353207698
open_rtk,232325.00,4,19.0,0.7,2.4453,47.626074675000005,-122.33841647666668,549706.62092776,5274953.349472123
open_rtk,232326.00,4,19.0,0.7,2.4427,47.626074646666666,-122.33841646333333,549706.6219563899,5274953.346331762
open_rtk,232327.00,4,19.0,0.7,2.4607,47.626074669999994,-122.33841651333333,549706.618177643,5274953.348892932
open_rtk,232328.00,4,19.0,0.7,2.4564,47.62607472333334,-122.338416435,549706.6240124564,5274953.354870494
open_rtk,232329.00,4,18.0,0.7,2.4587,47.62607476333333,-122.338416415,549706.625477184,5274953.359328828
open_rtk,232330.00,4,18.0,0.7,2.467,47.626074798333335,-122.33841641166667,549706.6256944418,5274953.36322079
open_rtk,232331.00,4,18.0,0.7,2.4656,47.62607477833333,-122.33841642333333,549706.6248368586,5274953.360990556
open_rtk,232332.00,4,18.0,0.7,2.4585,47.62607474333333,-122.33841645666668,549706.6223656232,5274953.357079364
open_rtk,232333.00,4,18.0,0.7,2.4555,47.62607475333333,-122.33841645333332,549706.6226065852,5274953.35819288
open_rtk,232334.00,4,18.0,0.7,2.4647,47.62607474,-122.33841640500002,549706.6262506286,5274953.35674202
open_rtk,232335.00,4,18.0,0.7,2.4616,47.626074769999995,-122.33841641166667,549706.6257213043,5274953.360071884
open_rtk,232336.00,4,18.0,0.7,2.4671,47.62607474666667,-122.33841637166667,549706.6287487264,5274953.357504304
open_rtk,232337.00,4,18.0,0.7,2.4639,47.626074755000005,-122.338416395,549706.6269877339,5274953.358415498
open_rtk,232338.00,4,18.0,0.7,2.4632,47.626074751666664,-122.33841642,549706.6251125818,5274953.358029014
open_rtk,232339.00,4,18.0,0.7,2.4598,47.62607474666667,-122.33841642833335,549706.6244912161,5274953.357467985
open_rtk,232340.00,4,18.0,0.7,2.4652,47.62607472333334,-122.3384164,549706.6266420933,5274953.354892927
open_rtk,232341.00,4,18.0,0.7,2.4672,47.62607475333333,-122.33841638999999,549706.6273649773,5274953.358233472
open_rtk,232342.00,4,18.0,0.7,2.4666,47.62607473833334,-122.33841638166665,549706.6280053026,5274953.356571745
open_rtk,232343.00,4,18.0,0.7,2.4671,47.626074755000005,-122.33841642,549706.6251094214,5274953.358399476
open_rtk,232344.00,4,18.0,0.7,2.4667,47.626074728333336,-122.33841641833332,549706.6252599261,5274953.355436866
open_rtk,232345.00,4,18.0,0.7,2.4636,47.626074708333334,-122.33841643,549706.624402341,5274953.353206631
open_rtk,232346.00,4,19.0,0.7,2.4619,47.626074679999995,-122.33841644166665,549706.6235526585,5274953.3500502445
open_rtk,232347.00,4,19.0,0.7,2.4642,47.62607475333333,-122.33841648666666,549706.6201021686,5274953.358171515
open_rtk,232348.00,4,19.0,0.7,2.4729,47.62607479500001,-122.33841640500002,549706.6261984839,5274953.362854606
open_rtk,232349.00,4,19.0,0.7,2.4618,47.62607475333333,-122.33841640333334,549706.6263632099,5274953.3582249265
open_rtk,232350.00,4,19.0,0.7,2.4635,47.626074788333334,-122.33841638833334,549706.6274570127,5274953.362124368
open_rtk,232351.00,4,19.0,0.7,2.4622,47.62607475,-122.33841641333332,549706.6256150455,5274953.357848059
open_rtk,232352.00,4,18.0,0.7,2.4614,47.626074718333335,-122.33841640166665,549706.6265216153,5274953.35433617
open_rtk,232353.00,4,17.0,0.8,2.4545,47.62607471,-122.33841640333334,549706.6264042936,5274953.353408951
open_rtk,232354.00,4,17.0,0.8,2.4584,47.62607472166666,-122.33841642,549706.6251410244,5274953.354694877
open_rtk,232355.00,4,17.0,0.8,2.4574,47.626074718333335,-122.33841638999999,549706.6273981603,5274953.354343646
open_rtk,232356.00,4,17.0,0.8,2.4681,47.62607477833333,-122.33841634999999,549706.6303465752,5274953.361037558
open_rtk,232357.00,4,17.0,0.8,2.4627,47.62607480500001,-122.33841632500001,549706.6321996034,5274953.36401726
open_rtk,232358.00,4,17.0,0.8,2.4626,47.626074798333335,-122.33841628833333,549706.6349607832,5274953.36329984
open_rtk,232359.00,4,17.0,0.8,2.468,47.626074836666675,-122.33841631666668,549706.6327956846,5274953.367541969
open_rtk,232400.00,4,17.0,0.8,2.4636,47.62607477666667,-122.33841634666666,549706.6305985962,5274953.360854465
open_rtk,232401.00,4,17.0,0.8,2.4618,47.62607476,-122.33841635333334,549706.630113514,5274953.3589978935
open_rtk,232402.00,4,17.0,0.8,2.4607,47.62607477833333,-122.33841638833334,549706.6274664935,5274953.361012989
open_rtk,232403.00,4,18.0,0.7,2.462,47.6260748,-122.33841635333334,549706.6300755906,5274953.363443409
open_rtk,232404.00,4,18.0,0.7,2.4642,47.626074745000004,-122.33841632500001,549706.6322564885,5274953.357348985
open_rtk,232405.00,4,18.0,0.7,2.4556,47.62607473833334,-122.33841636000001,549706.6296331722,5274953.356585633
open_rtk,232406.00,4,18.0,0.7,2.4563,47.626074736666666,-122.33841635499999,549706.6300104156,5274953.356403607
open_rtk,232407.00,4,18.0,0.7,2.4603,47.626074771666666,-122.33841637666667,549706.628349361,5274953.360279546
open_rtk,232408.00,4,18.0,0.7,2.4575,47.62607478500001,-122.33841638999999,549706.6273349544,5274953.361752842
open_rtk,232409.00,4,18.0,0.7,2.4631,47.626074798333335,-122.33841644,549706.6235656866,5274953.3632026315
open_rtk,232410.00,4,18.0,0.7,2.4634,47.626074771666666,-122.3384164,549706.6265962692,5274953.360264592
open_rtk,232411.00,4,18.0,0.7,2.4595,47.62607477666667,-122.33841639833332,549706.626716751,5274953.36082135
open_rtk,232412.00,4,18.0,0.7,2.4522,47.62607475333333,-122.33841638666667,549706.627615418,5274953.358235609
open_rtk,232413.00,4,18.0,0.7,2.4555,47.62607475833333,-122.33841640666667,549706.6261080286,5274953.3587784795
open_rtk,232414.00,4,18.0,0.7,2.4667,47.626074798333335,-122.33841639333332,549706.6270718724,5274953.363232542
open_rtk,232415.00,4,18.0,0.7,2.4604,47.626074751666664,-122.33841639833332,549706.6267404533,5274953.358042901
open_rtk,232416.00,4,18.0,0.7,2.456,47.626074751666664,-122.33841642166665,549706.6249873613,5274953.358027946
open_rtk,232417.00,4,18.0,0.7,2.4533,47.62607476,-122.338416435,549706.6239776933,5274953.35894555
open_rtk,232418.00,4,18.0,0.7,2.4603,47.62607473833334,-122.33841644666667,549706.6231216901,5274953.356530085
open_rtk,232419.00,4,18.0,0.7,2.4596,47.626074761666665,-122.33841642666667,549706.6246022172,5274953.359136121
open_rtk,232420.00,4,18.0,0.7,2.4603,47.626074775000006,-122.338416415,549706.625466123,5274953.360625437
open_rtk,232421.00,4,18.0,0.7,2.4638,47.626074755000005,-122.33841640666667,549706.6261111888,5274953.358408021
open_rtk,232422.00,4,18.0,0.7,2.4631,47.626074771666666,-122.338416455,549706.6224639831,5274953.36022934
open_rtk,232423.00,4,18.0,0.7,2.4656,47.626074761666665,-122.33841641,549706.6258544255,5274953.359146803
open_rtk,232424.00,4,18.0,0.7,2.4627,47.62607475333333,-122.338416395,549706.626989314,5274953.358230268
open_rtk,232425.00,4,18.0,0.7,2.4608,47.626074761666665,-122.3384164,549706.62660575,5274953.359153212
open_rtk,232426.00,4,18.0,0.7,2.4669,47.626074769999995,-122.338416375,549706.6284761636,5274953.360095385
open_rtk,232427.00,4,18.0,0.7,2.4627,47.62607474166666,-122.33841640166665,549706.6264994933,5274953.356929385
open_rtk,232428.00,4,18.0,0.7,2.4604,47.62607473,-122.33841642333333,549706.6248826828,5274953.35561889
open_rtk,232429.00,4,18.0,0.7,2.455,47.626074683333336,-122.33841643833333,549706.623799939,5274953.3504228415
open_rtk,232430.00,4,18.0,0.7,2.4526,47.62607468166666,-122.33841645166667,549706.6227997518,5274953.350229065
open_rtk,232431.00,4,18.0,0.7,2.4555,47.62607468166666,-122.33841644333333,549706.623425856,5274953.350234405
open_rtk,232432.00,4,18.0,0.7,2.464,47.62607473166666,-122.33841641833332,549706.6252567659,5274953.355807324
open_rtk,232433.00,4,18.0,0.7,2.4673,47.62607475,-122.33841639666667,549706.6268672519,5274953.35785874
open_rtk,232434.00,4,18.0,0.7,2.4762,47.62607476666667,-122.33841641333332,549706.6255992441,5274953.359700358
open_rtk,232435.00,4,18.0,0.7,2.4673,47.62607473833334,-122.33841641,549706.6258765475,5274953.356553585
open_rtk,232436.00,4,18.0,0.7,2.4625,47.62607474666667,-122.33841642,549706.6251173222,5274953.357473326
open_rtk,232437.00,4,18.0,0.7,2.4674,47.62607472333334,-122.33841642333333,549706.6248890033,5274953.354877972
open_rtk,232438.00,4,18.0,0.7,2.4648,47.62607473333334,-122.33841642666667,549706.6246290797,5274953.355987215
open_rtk,232439.00,4,18.0,0.7,2.4716,47.62607477666667,-122.33841643333332,549706.6240871141,5274953.360798916
open_rtk,232440.00,4,18.0,0.7,2.4724,47.626074769999995,-122.33841642500002,549706.624719537,5274953.360063338
open_rtk,232441.00,4,18.0,0.7,2.4714,47.62607476333333,-122.338416415,549706.625477184,5274953.359328828
open_rtk,232442.00,4,18.0,0.7,2.4597,47.62607473166666,-122.33841643333332,549706.624129778,5274953.355797712
open_rtk,232443.00,4,18.0,0.7,2.4575,47.62607474,-122.33841641666667,549706.6253740836,5274953.356734543
open_rtk,232444.00,4,18.0,0.7,2.4559,47.626074755000005,-122.33841645333332,549706.6226050049,5274953.358378111
open_rtk,232445.00,4,18.0,0.7,2.4559,47.62607474166666,-122.33841643166667,549706.6242455157,5274953.356910157
open_rtk,232446.00,4,18.0,0.7,2.4565,47.626074726666666,-122.338416455,549706.622506647,5274953.3552281335
open_rtk,232447.00,4,18.0,0.7,2.4666,47.626074775000006,-122.33841642500002,549706.6247147964,5274953.360619029
open_rtk,232448.00,4,18.0,0.7,2.462,47.62607476666667,-122.33841641666667,549706.6253488014,5274953.35969822
open_rtk,232449.00,4,18.0,0.7,2.4684,47.626074798333335,-122.33841642833335,549706.6244422316,5274953.363210108
open_rtk,232450.00,4,18.0,0.7,2.468,47.62607476833333,-122.33841641333332,549706.625597664,5274953.359885586
open_rtk,232451.00,4,18.0,0.7,2.4674,47.626074726666666,-122.33841638833334,549706.6275154781,5274953.3552708635
open_rtk,232452.00,4,18.0,0.7,2.4577,47.626074683333336,-122.33841647333333,549706.621170302,5274953.35040041
open_rtk,232453.00,4,18.0,0.7,2.46,47.626074679999995,-122.33841645333332,549706.6226761115,5274953.350042767
open_rtk,232454.00,4,18.0,0.7,2.4597,47.62607469166666,-122.33841648166666,549706.6205362972,5274953.351321216
open_rtk,232455.00,4,18.0,0.7,2.4638,47.62607467833333,-122.33841646666666,549706.6216759261,5274953.349848992
open_rtk,232456.00,4,18.0,0.7,2.4669,47.62607469500001,-122.33841642500002,549706.6247906435,5274953.351727996
open_rtk,232457.00,4,18.0,0.7,2.4711,47.626074715,-122.33841643333332,549706.6241455795,5274953.353945413
open_rtk,232458.00,4,18.0,0.7,2.4764,47.626074745000004,-122.33841643,549706.6243675777,5274953.357281687
open_rtk,232459.00,4,18.0,0.7,2.4761,47.62607475,-122.33841641666667,549706.6253646028,5274953.357845921
open_rtk,232500.00,4,18.0,0.7,2.4635,47.626074728333336,-122.33841643666668,549706.6238824956,5274953.355425116
open_rtk,232501.00,4,18.0,0.7,2.458,47.626074715,-122.33841645,549706.6228933693,5274953.353934731
open_rtk,232502.00,4,18.0,0.7,2.4618,47.6260747,-122.33841650333333,549706.618900525,5274953.352233479
open_rtk,232503.00,4,18.0,0.7,2.4642,47.62607470666667,-122.33841654166666,549706.6160141247,5274953.352949831
open_rtk,232504.00,4,18.0,0.7,2.4725,47.62607469166666,-122.33841650333333,549706.6189084258,5274953.351307328
open_rtk,232505.00,4,18.0,0.7,2.4768,47.6260747,-122.33841649833333,549706.6192761883,5274953.352236683
open_rtk,232506.00,4,18.0,0.7,2.4619,47.62607469500001,-122.33841651333333,549706.6181539409,5274953.351671381
open_rtk,232507.00,4,18.0,0.7,2.4571,47.62607470666667,-122.33841649666668,549706.6193950862,5274953.352978673
open_rtk,232508.00,4,18.0,0.7,2.4583,47.62607469166666,-122.33841650000001,549706.6191588667,5274953.351309464
open_rtk,232509.00,4,18.0,0.7,2.4632,47.62607472333334,-122.33841649666668,549706.6193792848,5274953.35483097
open_rtk,232510.00,4,18.0,0.7,2.4598,47.62607471333334,-122.33841652499999,549706.6172600143,5274953.353701431
open_rtk,232511.00,4,18.0,0.7,2.4593,47.62607469500001,-122.33841650833334,549706.6185296022,5274953.351674586
open_rtk,232512.00,4,18.0,0.7,2.4563,47.626074665000004,-122.33841652999999,549706.6169301752,5274953.348326562
open_rtk,232513.00,4,18.0,0.7,2.4555,47.6260747,-122.33841652166666,549706.6175230964,5274953.352221727
open_rtk,232514.00,4,18.0,0.7,2.4593,47.626074726666666,-122.33841651666668,549706.6178734753,5274953.35518861
open_rtk,232515.00,4,18.0,0.7,2.458,47.62607471166666,-122.33841647,549706.6213938805,5274953.353551452
open_rtk,232516.00,4,16.0,0.8,2.4578,47.626074728333336,-122.33841650666666,549706.6186232216,5274953.35538025
open_rtk,232517.00,4,16.0,0.8,2.4417,47.626074683333336,-122.33841655833334,549706.6147840385,5274953.350345929
open_rtk,232518.00,4,18.0,0.7,2.4488,47.62607466833333,-122.33841657333332,549706.6136712739,5274953.348669246
open_rtk,232519.00,4,18.0,0.7,2.4444,47.62607466666667,-122.338416615,549706.6105423316,5274953.34845731
open_rtk,232520.00,4,18.0,0.7,2.447,47.62607465833333,-122.33841659333332,549706.6121781038,5274953.347545048
open_rtk,232521.00,4,18.0,0.7,2.4501,47.626074669999994,-122.33841655333332,549706.6151723429,5274953.348867294
open_rtk,232522.00,4,18.0,0.7,2.4482,47.62607468666667,-122.33841652000001,549706.617660956,5274953.350740959
open_rtk,232523.00,4,18.0,0.7,2.4474,47.62607467833333,-122.33841651166668,549706.6182949609,5274953.34982015
open_rtk,232524.00,4,18.0,0.7,2.4445,47.626074675000005,-122.33841656000001,549706.6146667188,5274953.349418712
open_rtk,232525.00,4,15.0,0.9,2.4517,47.62607469166666,-122.33841655333332,549706.615151801,5274953.351275282
open_rtk,232526.00,4,17.0,0.8,2.446,47.62607467833333,-122.33841655333332,549706.6151644422,5274953.349793444
open_rtk,232527.00,4,18.0,0.7,2.4385,47.62607465166668,-122.33841658499999,549706.6128105285,5274953.346809472
open_rtk,232528.00,4,18.0,0.7,2.4368,47.62607463833333,-122.33841660833332,549706.6110700796,5274953.345312676
open_rtk,232529.00,4,18.0,0.7,2.4347,47.626074609999996,-122.33841661166667,549706.6108464992,5274953.342161632
open_rtk,232530.00,4,18.0,0.7,2.4285,47.626074603333336,-122.33841659333332,549706.6122302485,5274953.341432464
open_rtk,232531.00,4,18.0,0.7,2.4364,47.62607466666667,-122.33841662166667,549706.6100414498,5274953.348453038
open_rtk,232532.00,4,18.0,0.7,2.443,47.62607469833333,-122.33841660333334,549706.6113888538,5274953.351984155
open_rtk,232533.00,4,18.0,0.7,2.4411,47.62607469166666,-122.33841657166667,549706.6137743704,5274953.3512635315
open_rtk,232534.00,4,18.0,0.7,2.4451,47.626074689999996,-122.33841657833334,549706.6132750688,5274953.351074029
open_rtk,232535.00,4,18.0,0.7,2.4404,47.626074635,-122.33841659666665,549706.6119497849,5274953.344949694
open_rtk,232536.00,4,18.0,0.7,2.4404,47.626074615,-122.338416635,549706.6090886669,5274953.342702367
open_rtk,232537.00,4,18.0,0.7,2.4462,47.626074599999995,-122.33841659833334,549706.6118577456,5274953.3410588
open_rtk,232538.00,4,18.0,0.7,2.4407,47.626074605,-122.33841661833334,549706.610350356,5274953.341601672
open_rtk,232539.00,4,18.0,0.7,2.4426,47.626074631666675,-122.33841659666665,549706.6119529451,5274953.344579235
open_rtk,232540.00,4,18.0,0.7,2.44,47.626074605,-122.33841663333332,549706.6092233701,5274953.341592057
open_rtk,232541.00,4,18.0,0.7,2.4404,47.62607459166667,-122.33841665333333,549706.6077333603,5274953.340097399
open_rtk,232542.00,4,18.0,0.7,2.4441,47.626074595,-122.33841664833332,549706.6081058632,5274953.340471065
open_rtk,232543.00,4,18.0,0.7,2.4449,47.62607460166667,-122.33841662833332,549706.6096021917,5274953.341224801
open_rtk,232544.00,4,18.0,0.7,2.4451,47.62607458166667,-122.33841662833332,549706.6096211534,5274953.339002043
open_rtk,232545.00,4,18.0,0.7,2.4499,47.626074605,-122.33841664333335,549706.6084720417,5274953.341585648
open_rtk,232546.00,4,18.0,0.7,2.445,47.626074599999995,-122.33841664000002,549706.608727225,5274953.341032094
open_rtk,232547.00,4,18.0,0.7,2.4395,47.62607456333333,-122.33841664833332,549706.6081358859,5274953.336951695
open_rtk,232548.00,4,18.0,0.7,2.4442,47.62607459666666,-122.33841665666665,549706.6074781789,5274953.3406509515
open_rtk,232549.00,4,18.0,0.7,2.4407,47.626074583333335,-122.33841663,549706.6094943528,5274953.3391862055
open_rtk,232550.00,4,18.0,0.7,2.4409,47.62607458666666,-122.338416615,549706.6106181785,5274953.339566277
open_rtk,232551.00,4,18.0,0.7,2.4417,47.626074595,-122.33841664833332,549706.6081058632,5274953.340471065
open_rtk,232552.00,4,18.0,0.7,2.4426,47.626074585,-122.33841664000002,549706.6087414463,5274953.339365025
open_rtk,232553.00,4,18.0,0.7,2.439,47.626074599999995,-122.33841666166667,549706.6070993554,5274953.341018206
open_rtk,232554.00,4,18.0,0.7,2.4447,47.626074605,-122.33841662166667,549706.6100999152,5274953.341599535
open_rtk,232555.00,4,18.0,0.7,2.4432,47.62607461333334,-122.33841660333334,549706.6114694412,5274953.342537435
open_rtk,232556.00,4,18.0,0.7,2.4522,47.62607463333334,-122.33841659,549706.6124522487,5274953.344768738
open_rtk,232557.00,4,18.0,0.7,2.4513,47.626074599999995,-122.33841664166667,549706.6086020045,5274953.341031026
open_rtk,232558.00,4,18.0,0.7,2.4471,47.62607458833333,-122.33841666333335,549706.606985194,5274953.3397205295
open_rtk,232559.00,4,18.0,0.7,2.4507,47.626074573333334,-122.33841666166667,549706.6071246377,5274953.338054529
open_rtk,232600.00,4,18.0,0.7,2.4478,47.626074530000004,-122.33841667333333,549706.6062891765,5274953.333231076
open_rtk,232601.00,4,18.0,0.7,2.4514,47.62607451833334,-122.33841664000002,549706.608804652,5274953.331955833
open_rtk,232602.00,4,18.0,0.7,2.448,47.62607454833333,-122.338416625,549706.6099031973,5274953.335299581
open_rtk,232603.00,4,18.0,0.7,2.453,47.62607461833333,-122.33841664000002,549706.6087098434,5274953.343069621
open_rtk,232604.00,4,18.0,0.7,2.4587,47.62607462833333,-122.33841663,549706.609451689,5274953.34418741
open_rtk,232605.00,4,18.0,0.7,2.4556,47.626074605,-122.33841663666665,549706.6089729273,5274953.34158992
open_rtk,232606.00,4,18.0,0.7,2.4597,47.62607458166667,-122.33841662166667,549706.6101220371,5274953.339006316
open_rtk,232607.00,4,18.0,0.7,2.4669,47.626074560000006,-122.33841661333332,549706.6107686831,5274953.33660367
open_rtk,232608.00,4,18.0,0.7,2.4579,47.626074598333325,-122.33841660666667,549706.6112332216,5274953.340868227
open_rtk,232609.00,4,18.0,0.7,2.4592,47.626074605,-122.33841665833333,549706.6073450558,5274953.341576034
open_rtk,232610.00,4,18.0,0.7,2.4579,47.62607462833333,-122.33841663,549706.609451689,5274953.34418741
open_rtk,232611.00,4,15.0,0.9,2.4557,47.626074603333336,-122.338416625,549706.6098510525,5274953.341412168
open_rtk,232612.00,4,18.0,0.7,2.4512,47.626074605,-122.33841657333332,549706.6137313194,5274953.341630513
open_rtk,232613.00,4,18.0,0.7,2.4438,47.626074611666674,-122.33841666833332,549706.6065874107,5274953.342310544
open_rtk,232614.00,4,18.0,0.7,2.4468,47.626074625,-122.33841669,549706.6049468981,5274953.343778496
open_rtk,232615.00,4,18.0,0.7,2.4486,47.626074611666674,-122.338416615,549706.6105944763,5274953.342344727
open_rtk,232616.00,4,18.0,0.7,2.4489,47.626074645,-122.33841662666667,549706.6096863284,5274953.346041845
open_rtk,232617.00,4,18.0,0.7,2.4446,47.62607462833333,-122.33841665666665,549706.6074481561,5274953.344170318
open_rtk,232618.00,4,18.0,0.7,2.4479,47.62607464333334,-122.33841664000002,549706.6086861412,5274953.34584807
open_rtk,232619.00,4,18.0,0.7,2.4466,47.62607465833333,-122.33841663333332,549706.6091728054,5274953.347519411
open_rtk,232620.00,4,18.0,0.7,2.4495,47.62607469833333,-122.33841660833332,549706.6110131943,5274953.351980952
open_rtk,232621.00,4,18.0,0.7,2.4499,47.62607466666667,-122.33841661666665,549706.6104171129,5274953.348456242
open_rtk,232622.00,4,18.0,0.7,2.4476,47.626074615,-122.33841661833334,549706.6103408751,5274953.34271305
open_rtk,232623.00,4,18.0,0.7,2.4434,47.62607460166667,-122.33841665833333,549706.6073482161,5274953.341205574
open_rtk,232624.00,4,18.0,0.7,2.4374,47.626074585,-122.33841663166668,549706.6093675504,5274953.339370367
open_rtk,232625.00,4,18.0,0.7,2.4424,47.62607462833333,-122.33841660833332,549706.6110795605,5274953.344201297
open_rtk,232626.00,4,18.0,0.7,2.4499,47.626074679999995,-122.33841658166666,549706.6130341088,5274953.349960513
open_rtk,232627.00,4,18.0,0.7,2.4453,47.62607465666667,-122.33841658166666,549706.6130562308,5274953.347367297
open_rtk,232628.00,4,18.0,0.7,2.4489,47.62607463999999,-122.33841661,549706.6109432771,5274953.345496838
open_rtk,232629.00,4,18.0,0.7,2.4479,47.626074626666664,-122.33841663,549706.6094532692,5274953.344002182
open_rtk,232630.00,4,18.0,0.7,2.4472,47.62607462333334,-122.33841659666665,549706.6119608459,5274953.343653087
open_rtk,232631.00,4,16.0,0.8,2.4444,47.62607458833333,-122.33841662833332,549706.6096148329,5274953.339742963
open_rtk,232632.00,4,17.0,0.8,2.4471,47.626074625,-122.33841662166667,549706.6100809533,5274953.343822293
open_rtk,232633.00,4,18.0,0.7,2.4466,47.626074679999995,-122.33841659666665,549706.611907121,5274953.349950898
open_rtk,232634.00,4,18.0,0.7,2.4484,47.626074683333336,-122.33841660333334,549706.611403075,5274953.350317087
open_rtk,232635.00,4,18.0,0.7,2.4401,47.62607464999999,-122.33841660166667,549706.6115599003,5274953.346613556
open_rtk,232636.00,4,18.0,0.7,2.4388,47.62607462833333,-122.338416595,549706.612081326,5274953.344209842
open_rtk,232637.00,4,18.0,0.7,2.4398,47.62607462833333,-122.33841662666667,549706.6097021298,5274953.344189546
open_rtk,232638.00,4,18.0,0.7,2.4457,47.62607461833333,-122.33841659333332,549706.6122160272,5274953.343099533
open_rtk,232639.00,4,18.0,0.7,2.4424,47.62607463333334,-122.33841662333334,549706.6099478303,5274953.344747374
open_rtk,232640.00,4,18.0,0.7,2.4402,47.62607465999999,-122.33841659833334,549706.6118008604,5274953.347727073
open_rtk,232641.00,4,18.0,0.7,2.4455,47.62607465166668,-122.33841656499999,549706.6143131795,5274953.34682229
open_rtk,232642.00,4,18.0,0.7,2.4424,47.62607460666666,-122.33841655833334,549706.6148567252,5274953.341825357
open_rtk,232643.00,4,18.0,0.7,2.4383,47.62607458833333,-122.33841660499999,549706.6113679248,5274953.339757917
open_rtk,232644.00,4,18.0,0.7,2.4419,47.62607456666667,-122.33841663,549706.6095101543,5274953.337333906
open_rtk,232645.00,4,18.0,0.7,2.4377,47.626074573333334,-122.33841662833332,549706.6096290542,5274953.338075894
open_rtk,232646.00,4,18.0,0.7,2.4383,47.62607461666666,-122.33841662833332,549706.6095879704,5274953.34289187
open_rtk,232647.00,4,18.0,0.7,2.4389,47.626074631666675,-122.33841659333332,549706.612203386,5274953.344581372
open_rtk,232648.00,4,18.0,0.7,2.436,47.62607466666667,-122.33841658499999,549706.6127963071,5274953.348476539
open_rtk,232649.00,4,17.0,0.7,2.4412,47.62607466833333,-122.33841657500001,549706.6135460516,5274953.348668178
open_rtk,232650.00,4,14.0,1.0,2.4339,47.626074611666674,-122.33841657500001,549706.6135997765,5274953.342370364
open_rtk,232651.00,4,17.0,0.8,2.4469,47.62607464333334,-122.33841666166667,549706.6070582716,5274953.3458341835
open_rtk,232652.00,4,17.0,0.8,2.4314,47.62607460666666,-122.33841666000002,549706.6072182533,5274953.341760194
open_rtk,232653.00,4,17.0,0.8,2.4259,47.62607458000001,-122.33841662166667,549706.6101236173,5274953.338821087
open_rtk,232654.00,4,17.0,0.7,2.4359,47.62607453833333,-122.33841667666665,549706.606030833,5274953.334155088
open_rtk,232655.00,4,17.0,0.8,2.4269,47.626074521666666,-122.33841655833334,549706.6149373126,5274953.332378634
open_rtk,232656.00,4,16.0,0.8,2.4428,47.62607456833333,-122.33841646333333,549706.6220306567,5274953.337625958
open_rtk,232657.00,4,16.0,0.8,2.4324,47.626074635,-122.33841653333333,549706.616708175,5274953.344990287
open_rtk,232658.00,4,18.0,0.7,2.4243,47.62607462333334,-122.33841659333332,549706.6122112868,5274953.343655222
open_rtk,232659.00,4,18.0,0.7,2.434,47.62607465166668,-122.338416595,549706.6120592039,5274953.346803063
open_rtk,232700.00,4,18.0,0.7,2.4331,47.62607467333334,-122.33841664333335,549706.6084072557,5274953.349180073
open_rtk,232701.00,4,18.0,0.7,2.4331,47.62607463999999,-122.33841655500001,549706.6150755632,5274953.345532089
open_rtk,232702.00,4,18.0,0.7,2.4382,47.626074641666676,-122.33841653666666,549706.6164514136,5274953.345729071
open_rtk,232703.00,4,18.0,0.7,2.4355,47.62607465333334,-122.33841656833334,549706.6140611565,5274953.347005384
open_rtk,232704.00,4,18.0,0.7,2.4293,47.62607465166668,-122.33841656000001,549706.6146888408,5274953.346825494
open_rtk,232705.00,4,18.0,0.7,2.4308,47.626074646666666,-122.33841656666667,549706.6141926976,5274953.346265531
open_rtk,232706.00,4,18.0,0.7,2.4316,47.62607466833333,-122.33841656000001,549706.6146730394,5274953.348677792
open_rtk,232707.00,4,18.0,0.7,2.4324,47.62607465999999,-122.33841654999999,549706.6154322666,5274953.347758053
open_rtk,232708.00,4,18.0,0.7,2.4323,47.626074636666665,-122.33841655333332,549706.6152039458,5274953.345162698
open_rtk,232709.00,4,18.0,0.7,2.4291,47.62607461333334,-122.33841656999999,549706.6139738596,5274953.342558799
open_rtk,232710.00,4,18.0,0.7,2.428,47.626074608333326,-122.33841657166667,549706.6138533776,5274953.342002039
open_rtk,232711.00,4,18.0,0.7,2.4325,47.62607466666667,-122.33841659833334,549706.6117945397,5274953.348467994
open_rtk,232712.00,4,18.0,0.7,2.4342,47.626074675000005,-122.33841659333332,549706.6121623022,5274953.349397347
open_rtk,232713.00,4,18.0,0.7,2.4356,47.626074685000006,-122.33841657833334,549706.6132798092,5274953.35051834
open_rtk,232714.00,4,18.0,0.7,2.4327,47.62607468166666,-122.33841660833332,549706.6110289958,5274953.350128651
open_rtk,232715.00,4,18.0,0.7,2.4272,47.626074641666676,-122.33841663166668,549706.6093138255,5274953.345668183
open_rtk,232716.00,4,18.0,0.7,2.4246,47.626074645,-122.33841662166667,549706.6100619916,5274953.346045051
open_rtk,232717.00,4,18.0,0.7,2.4268,47.62607465833333,-122.33841662666667,549706.6096736873,5274953.347523684
open_rtk,232718.00,4,18.0,0.7,2.4309,47.626074683333336,-122.33841661166667,549706.6107769728,5274953.350311746
open_rtk,232719.00,4,18.0,0.7,2.4234,47.626074665000004,-122.33841662333334,549706.6099178075,5274953.34826674
open_rtk,232720.00,4,18.0,0.7,2.4238,47.62607465666667,-122.33841661,549706.6109274756,5274953.347349136
open_rtk,232721.00,4,18.0,0.7,2.4201,47.626074641666676,-122.338416635,549706.6090633846,5274953.345666045
open_rtk,232722.00,4,15.0,0.9,2.4143,47.62607459166667,-122.33841663833333,549706.608860348,5274953.340107014
open_rtk,232723.00,4,18.0,0.7,2.4199,47.62607463333334,-122.33841664166667,549706.6085704016,5274953.344735623
open_rtk,232724.00,4,18.0,0.7,2.4168,47.62607467833333,-122.33841653666666,549706.6164166505,5274953.349804126
open_rtk,232725.00,4,18.0,0.7,2.4282,47.62607465999999,-122.33841655833334,549706.6148061606,5274953.347752711
open_rtk,232726.00,4,18.0,0.7,2.425,47.626074665000004,-122.33841654499999,549706.6158031875,5274953.348316947
open_rtk,232727.00,4,18.0,0.7,2.4279,47.62607471,-122.33841655333332,549706.6151344194,5274953.353312811
open_rtk,232728.00,4,18.0,0.7,2.4255,47.62607471333334,-122.33841656999999,549706.6138790508,5274953.35367259
open_rtk,232729.00,4,18.0,0.7,2.4236,47.626074705,-122.33841662166667,549706.6100051064,5274953.352713324
open_rtk,232730.00,4,18.0,0.7,2.4242,47.62607471333334,-122.33841661,549706.6108737506,5274953.353646953
open_rtk,232731.00,4,18.0,0.7,2.4197,47.626074685000006,-122.33841660333334,549706.6114014949,5274953.350502317
open_rtk,232732.00,4,18.0,0.7,2.4171,47.62607467666667,-122.33841658333334,549706.6129120467,5274953.3495889865
open_rtk,232733.00,4,18.0,0.7,2.4133,47.62607467333334,-122.33841659833334,549706.6117882192,5274953.349208914
open_rtk,232734.00,4,18.0,0.7,2.414,47.626074675000005,-122.33841662166667,549706.610033549,5274953.349379187
open_rtk,232735.00,4,18.0,0.7,2.4208,47.62607467333334,-122.33841659,549706.6124143252,5274953.349214256
open_rtk,232736.00,4,18.0,0.7,2.4229,47.62607465166668,-122.33841658166666,549706.6130609713,5274953.346811608
open_rtk,232737.00,4,18.0,0.7,2.4205,47.62607461666666,-122.33841661666665,549706.6104645174,5274953.342899348
open_rtk,232738.00,4,18.0,0.7,2.4188,47.626074615,-122.33841662000002,549706.6102156527,5274953.342711981
open_rtk,232739.00,4,18.0,0.7,2.4199,47.626074609999996,-122.33841658000001,549706.6132256933,5274953.342181929
open_rtk,232740.00,4,18.0,0.7,2.4205,47.626074641666676,-122.33841656166666,549706.6145731013,5274953.345713047
open_rtk,232741.00,4,18.0,0.7,2.4219,47.62607467333334,-122.33841654000001,549706.616170948,5274953.349246302
open_rtk,232742.00,4,18.0,0.7,2.4208,47.626074705,-122.33841654999999,549706.6153896026,5274953.352759257
open_rtk,232743.00,4,18.0,0.7,2.4189,47.62607465999999,-122.33841656999999,549706.6139296156,5274953.347745232
open_rtk,232744.00,4,18.0,0.7,2.4228,47.62607465166668,-122.33841660166667,549706.6115583202,5274953.346798788
open_rtk,232745.00,4,18.0,0.7,2.4227,47.62607465833333,-122.33841659666665,549706.6119276629,5274953.347542912
open_rtk,232746.00,4,18.0,0.7,2.4197,47.626074636666665,-122.33841662166667,549706.6100698924,5274953.345118901
open_rtk,232747.00,4,18.0,0.7,2.4176,47.626074645,-122.33841660833332,549706.611063759,5274953.346053596
open_rtk,232748.00,4,18.0,0.7,2.4177,47.626074669999994,-122.338416595,549706.6120418223,5274953.348840588
open_rtk,232749.00,4,18.0,0.7,2.4214,47.62607464999999,-122.33841656333334,549706.6144399781,5274953.346638126
open_rtk,232750.00,4,18.0,0.7,2.422,47.626074655000004,-122.33841654499999,549706.6158126683,5274953.347205568
open_rtk,232751.00,4,16.0,0.8,2.4036,47.626074685000006,-122.33841649166668,549706.6197912913,5274953.350573888
open_rtk,232752.00,4,16.0,0.8,2.4258,47.62607465333334,-122.33841653166668,549706.6168160139,5274953.347028885
open_rtk,232753.00,4,18.0,0.7,2.4266,47.62607461833333,-122.33841654166666,549706.6160978724,5274953.343132648
open_rtk,232754.00,4,18.0,0.7,2.4274,47.626074595,-122.33841659333332,549706.6122381493,5274953.340506315
open_rtk,232755.00,4,18.0,0.7,2.4261,47.62607456166667,-122.33841661166667,549706.6108923234,5274953.3367899675
open_rtk,232756.00,4,18.0,0.7,2.4262,47.62607457000001,-122.33841661,549706.6110096432,5274953.337717187
open_rtk,232757.00,4,18.0,0.7,2.4244,47.626074615,-122.33841660333334,549706.611467861,5274953.342722664
open_rtk,232758.00,4,18.0,0.7,2.4215,47.62607465333334,-122.33841659,549706.612433287,5274953.346991497
open_rtk,232759.00,4,17.0,0.7,2.4277,47.62607465333334,-122.33841659833334,549706.6118071809,5274953.346986156
open_rtk,232800.00,4,17.0,0.7,2.4335,47.62607466833333,-122.33841658833335,549706.6125442842,5274953.348659632
open_rtk,232801.00,4,17.0,0.7,2.4263,47.626074595,-122.33841663166668,549706.6093580695,5274953.340481746
open_rtk,232802.00,4,17.0,0.7,2.4285,47.626074585,-122.33841662333334,549706.6099936545,5274953.339375708
open_rtk,232803.00,4,17.0,0.7,2.4283,47.62607458166667,-122.33841662666667,549706.609746374,5274953.339003112
open_rtk,232804.00,4,17.0,0.7,2.4327,47.626074611666674,-122.33841666166667,549706.6070882943,5274953.342314816
open_rtk,232805.00,4,17.0,0.7,2.4331,47.62607462833333,-122.33841669666666,549706.6044428559,5274953.344144681
open_rtk,232806.00,4,17.0,0.7,2.4377,47.62607466166667,-122.338416665,549706.6067904473,5274953.347869576
open_rtk,232807.00,4,17.0,0.7,2.4348,47.62607462833333,-122.33841665833333,549706.6073229339,5274953.344169251
open_rtk,232808.00,4,17.0,0.7,2.4348,47.62607464833333,-122.33841665666665,549706.6074291944,5274953.346393077
open_rtk,232809.00,4,17.0,0.7,2.4321,47.626074609999996,-122.33841666000002,549706.6072150931,5274953.342130654
open_rtk,232810.00,4,17.0,0.7,2.4361,47.62607456333333,-122.33841664166667,549706.6086367677,5274953.336955969
open_rtk,232811.00,4,17.0,0.7,2.4403,47.626074575,-122.33841667166668,549706.606371731,5274953.338233349
open_rtk,232812.00,4,17.0,0.7,2.439,47.626074535,-122.338416675,549706.6061592137,5274953.333785699
open_rtk,232813.00,4,17.0,0.7,2.4401,47.626074554999995,-122.33841665166668,549706.6078933439,5274953.336023411
occluded_standalone,221927.00,0,0.0,nan,nan,nan,nan,nan,nan
occluded_standalone,221928.00,0,0.0,nan,nan,nan,nan,nan,nan
occluded_standalone,221929.00,0,0.0,nan,nan,nan,nan,nan,nan
occluded_standalone,221930.00,0,0.0,nan,nan,nan,nan,nan,nan
occluded_standalone,221931.00,0,0.0,nan,nan,nan,nan,nan,nan
occluded_standalone,221932.00,0,0.0,nan,nan,nan,nan,nan,nan
occluded_standalone,221933.00,0,0.0,nan,nan,nan,nan,nan,nan
occluded_standalone,221934.00,0,0.0,nan,nan,nan,nan,nan,nan
occluded_standalone,221935.00,0,0.0,nan,nan,nan,nan,nan,nan
occluded_standalone,221936.00,0,0.0,nan,nan,nan,nan,nan,nan
occluded_standalone,221937.00,0,0.0,nan,nan,nan,nan,nan,nan
occluded_standalone,221938.00,0,0.0,nan,nan,nan,nan,nan,nan
occluded_standalone,221939.00,0,0.0,nan,nan,nan,nan,nan,nan
occluded_standalone,221940.00,0,0.0,nan,nan,nan,nan,nan,nan
occluded_standalone,221941.00,0,0.0,nan,nan,nan,nan,nan,nan
occluded_standalone,221942.00,0,0.0,nan,nan,nan,nan,nan,nan
occluded_standalone,221943.00,0,0.0,nan,nan,nan,nan,nan,nan
occluded_standalone,221944.00,0,0.0,nan,nan,nan,nan,nan,nan
occluded_standalone,221945.00,0,0.0,nan,nan,nan,nan,nan,nan
occluded_standalone,221946.00,0,0.0,nan,nan,nan,nan,nan,nan
occluded_standalone,221947.00,0,0.0,nan,nan,nan,nan,nan,nan
occluded_standalone,221948.00,0,0.0,nan,nan,nan,nan,nan,nan
occluded_standalone,221949.00,0,0.0,nan,nan,nan,nan,nan,nan
occluded_standalone,221950.00,0,0.0,nan,nan,nan,nan,nan,nan
occluded_standalone,221951.00,0,0.0,nan,nan,nan,nan,nan,nan
occluded_standalone,221952.00,0,0.0,nan,nan,nan,nan,nan,nan
occluded_standalone,221953.00,0,0.0,nan,nan,nan,nan,nan,nan
occluded_standalone,221954.00,0,0.0,nan,nan,nan,nan,nan,nan
occluded_standalone,221955.00,1,7.0,2.3,72.2852,47.62055395666666,-122.33785321833332,549754.1782781098,5274340.149877258
occluded_standalone,221956.00,1,7.0,2.3,55.2443,47.62056635333333,-122.33775026666666,549761.9023443658,5274341.593663242
occluded_standalone,221957.00,1,7.0,2.3,49.319,47.620572734999996,-122.33771731833333,549764.3720387317,5274342.324047506
occluded_standalone,221958.00,1,7.0,2.3,47.8192,47.620574649999995,-122.33770884833332,549765.0066603856,5274342.542310968
occluded_standalone,221959.00,1,7.0,2.3,47.0814,47.620575345,-122.33770447500001,549765.3346147293,5274342.6223578155
occluded_standalone,222000.00,1,7.0,2.3,46.484,47.620575581666664,-122.33770184666668,549765.5318840832,5274342.650346863
occluded_standalone,222001.00,1,7.0,2.3,46.1896,47.62057609833334,-122.33770099,549765.5957640084,5274342.708317729
occluded_standalone,222002.00,1,7.0,2.3,45.9247,47.620576546666676,-122.33770107333333,549765.5890768294,5274342.758091037
occluded_standalone,222003.00,1,7.0,2.3,45.5475,47.620577020000006,-122.33770135000002,549765.5678387847,5274342.810518741
occluded_standalone,222004.00,1,7.0,2.3,45.0757,47.62057737,-122.33770153166667,549765.5538561236,5274342.849300405
occluded_standalone,222005.00,1,7.0,2.3,44.7227,47.62057810166666,-122.33770191500001,549765.5243579427,5274342.930370262
occluded_standalone,222006.00,1,7.0,2.3,44.4308,47.62057896666667,-122.33770238333334,549765.4883462928,5274343.026203956
occluded_standalone,222007.00,1,7.0,2.3,44.1933,47.620579594999995,-122.33770330500002,549765.4184956118,5274343.095444163
occluded_standalone,222008.00,1,7.0,2.3,44.0085,47.620580045,-122.33770447333333,549765.3302795539,5274343.144706526
occluded_standalone,222009.00,1,11.0,1.2,43.9885,47.62058080333333,-122.337704375,549765.3369486808,5274343.229049115
occluded_standalone,222010.00,1,11.0,1.2,44.1258,47.62058203,-122.33770315166666,549765.4277062609,5274343.366163082
occluded_standalone,222011.00,1,11.0,1.2,44.3265,47.62058345833334,-122.33770152000001,549765.5489547625,5274343.52595184
occluded_standalone,222012.00,1,10.0,1.3,44.391,47.62058468,-122.33769933166668,549765.7122275293,5274343.663129302
occluded_standalone,222013.00,1,10.0,1.3,44.1823,47.62058532333334,-122.33769751166668,549765.8483724453,5274343.735795739
occluded_standalone,222014.00,1,10.0,1.3,44.0326,47.62058599833334,-122.33769659333332,549765.916735748,5274343.811402994
occluded_standalone,222015.00,1,10.0,1.3,43.8575,47.620586579999994,-122.33769603166665,549765.958387562,5274343.876408534
occluded_standalone,222016.00,1,10.0,1.3,43.7134,47.62058701166667,-122.33769574666667,549765.9793928947,5274343.924565886
occluded_standalone,222017.00,1,10.0,1.3,43.5635,47.620587345,-122.33769566000001,549765.9855887147,5274343.961667426
occluded_standalone,222018.00,1,10.0,1.3,43.398,47.620587686666674,-122.33769582666667,549765.9727410658,5274343.999532568
occluded_standalone,222019.00,1,10.0,1.3,43.275,47.62058819333333,-122.33769631333334,549765.9356919148,5274344.055530117
occluded_standalone,222020.00,1,10.0,1.3,43.1886,47.62058869333334,-122.33769714166668,549765.8729761327,5274344.11056752
occluded_standalone,222021.00,1,10.0,1.3,43.1141,47.620589105,-122.33769836666667,549765.7805385117,5274344.1555332355
occluded_standalone,222022.00,1,10.0,1.3,43.0678,47.62058943833334,-122.33769984166665,549765.6693901424,5274344.191632747
occluded_standalone,222023.00,1,10.0,1.3,43.0651,47.62058986,-122.33770153333334,549765.5418775317,5274344.23741041
occluded_standalone,222024.00,1,9.0,2.0,43.0043,47.620590449999995,-122.33770270000001,549765.4536538578,5274344.302233132
occluded_standalone,222025.00,1,10.0,1.3,43.1793,47.62059107666667,-122.33770310833333,549765.4223768241,5274344.371617483
occluded_standalone,222026.00,1,9.0,1.4,43.0877,47.620591571666665,-122.33770183833333,549765.5173353041,5274344.427445574
occluded_standalone,222027.00,1,9.0,1.6,43.401,47.62059441333334,-122.33769966333332,549765.6780687439,5274344.74465771
occluded_standalone,222028.00,1,9.0,1.4,44.1395,47.62059922833334,-122.33769573833334,549765.9684250037,5274345.282304646
occluded_standalone,222029.00,1,11.0,1.2,44.7509,47.62059976333333,-122.33769527166666,549766.0029827631,5274345.342062799
occluded_standalone,222030.00,1,9.0,1.4,44.7958,47.620598173333335,-122.33769236166667,549766.2231501313,5274345.167220894
occluded_standalone,222031.00,0,0.0,11.1,nan,nan,nan,nan,nan
occluded_standalone,222032.00,1,7.0,5.8,45.6263,47.62060622666666,-122.33768694333334,549766.6226425527,5274346.065727288
occluded_standalone,222033.00,1,9.0,2.2,45.0525,47.62060515833333,-122.33767803833334,549767.2927811258,5274345.952709032
occluded_standalone,222034.00,1,9.0,1.5,45.1891,47.62060014833334,-122.337665755,549768.2205097815,5274345.403790484
occluded_standalone,222035.00,1,7.0,3.7,46.4099,47.62059897000001,-122.33765437833333,549769.0764747451,5274345.280133282
occluded_standalone,222036.00,1,10.0,1.3,46.8587,47.62059497166667,-122.33765248166668,549769.2227857377,5274344.836984388
occluded_standalone,222037.00,1,9.0,1.4,47.688,47.62059516666667,-122.337650115,549769.4004328225,5274344.860174918
occluded_standalone,222038.00,1,9.0,1.8,49.1417,47.620595685000005,-122.337640615,549770.1137741709,5274344.923877426
occluded_standalone,222039.00,0,0.0,nan,nan,nan,nan,nan,nan
occluded_standalone,222040.00,1,10.0,1.3,81.6954,47.620617528333334,-122.33744669833335,549784.6640019093,5274347.475951431
occluded_standalone,222041.00,1,10.0,1.3,82.1764,47.62062309333334,-122.33745091333334,549784.3420021372,5274348.09172773
occluded_standalone,222042.00,1,11.0,1.3,81.4678,47.62062491666667,-122.33745687833334,549783.8920591665,5274348.290540174
occluded_standalone,222043.00,1,11.0,1.3,81.9786,47.620616376666675,-122.337452885,549784.2002271985,5274347.343986623
occluded_standalone,222044.00,1,10.0,1.3,82.4758,47.620598666666666,-122.33743854666666,549785.2944280814,5274345.3849398345
occluded_standalone,222045.00,1,10.0,1.2,82.7422,47.62057527166667,-122.33742319166667,549786.4704198835,5274342.79472749
occluded_standalone,222046.00,1,11.0,1.2,82.7169,47.620555056666674,-122.33741103833333,549787.402818932,5274340.555878357
occluded_standalone,222047.00,1,11.0,1.2,81.8723,47.620538755000005,-122.33740406166667,549787.9425261684,5274338.748625556
occluded_standalone,222048.00,1,12.0,1.1,81.3087,47.620520328333335,-122.33740120666668,549788.1745474258,5274336.702559165
occluded_standalone,222049.00,1,11.0,1.1,81.2521,47.62049579166666,-122.33740091,549788.2201356195,5274333.975798595
occluded_standalone,222050.00,1,11.0,1.1,80.7895,47.62047817333334,-122.337397645,549788.4821972568,5274332.0198318055
occluded_standalone,222051.00,1,11.0,1.1,80.1427,47.620466261666664,-122.33739369000001,549788.7906877316,5274330.698534308
occluded_standalone,222052.00,1,10.0,1.3,79.4809,47.62045824666667,-122.33739039833333,549789.0456353353,5274329.809877945
occluded_standalone,222053.00,1,10.0,1.3,78.9052,47.62045254666667,-122.33738805166668,549789.2273771523,5274329.177898946
occluded_standalone,222054.00,1,10.0,1.3,78.4024,47.62044890833334,-122.33738649333333,549789.3479256956,5274328.7745429715
occluded_standalone,222055.00,1,10.0,1.3,77.9931,47.62044718333333,-122.33738584333332,549789.3984049086,5274328.5832475405
occluded_standalone,222056.00,1,9.0,1.3,77.6549,47.62044651666667,-122.33738572666668,549789.4078042908,5274328.509230574
occluded_standalone,222057.00,1,11.0,1.2,74.3757,47.62043370333334,-122.33735423000002,549791.7866480438,5274327.105404595
occluded_standalone,222058.00,1,11.0,1.2,68.9459,47.62041192333333,-122.33729902833332,549795.9552155782,5274324.720263064
occluded_standalone,222059.00,1,11.0,1.2,67.0483,47.62040581833333,-122.33728086499998,549797.325817007,5274324.05342839
occluded_standalone,222100.00,1,11.0,1.2,66.0807,47.62040347833334,-122.33727277666667,549797.9358015353,5274323.798559076
occluded_standalone,222101.00,1,11.0,1.2,65.3786,47.620402068333334,-122.337267265,549798.3512906011,5274323.645393593
occluded_standalone,222102.00,1,11.0,1.2,64.8613,47.62040193666667,-122.33726396333334,549798.599504933,5274323.632880322
occluded_standalone,222103.00,1,11.0,1.2,64.3917,47.62040195333334,-122.33726115833333,549798.810258557,5274323.6365336105
occluded_standalone,222104.00,1,10.0,1.3,63.9323,47.62040178,-122.33725908,549798.9665904287,5274323.618604156
occluded_standalone,222105.00,1,10.0,1.3,63.6098,47.620401638333334,-122.33725790333334,549799.055140432,5274323.603615134
occluded_standalone,222106.00,1,10.0,1.3,63.381,47.620401685,-122.33725733333334,549799.0979262708,5274323.609167543
occluded_standalone,222107.00,1,10.0,1.3,63.2158,47.62040184000001,-122.33725719833335,549799.107923057,5274323.626480582
occluded_standalone,222108.00,1,10.0,1.3,63.1182,47.620401888333326,-122.33725696333335,549799.1255352045,5274323.632003127
occluded_standalone,222109.00,1,11.0,1.2,62.9738,47.620401935000004,-122.33725690000001,549799.130249792,5274323.637230221
occluded_standalone,222110.00,1,11.0,1.2,62.8197,47.62040202,-122.33725693,549799.1279148532,5274323.646657673
occluded_standalone,222111.00,1,11.0,1.2,62.6882,47.62040211833334,-122.33725687666666,549799.1318289707,5274323.657620466
occluded_standalone,222112.00,1,11.0,1.2,62.5719,47.62040228833333,-122.33725701833333,549799.1210226048,5274323.67642293
occluded_standalone,222113.00,1,11.0,1.2,62.4923,47.620402648333325,-122.33725756166665,549799.0798543222,5274323.716083677
occluded_standalone,222114.00,1,11.0,1.2,62.454,47.620403135,-122.33725853166668,549799.0065057481,5274323.769547929
occluded_standalone,222115.00,1,11.0,1.2,62.4431,47.62040368166666,-122.33725977333333,549798.9126869972,5274323.829506022
occluded_standalone,222116.00,1,11.0,1.2,62.4463,47.62040415166666,-122.33726086999998,549798.8298364441,5274323.88103665
occluded_standalone,222117.00,1,11.0,1.2,62.4333,47.620404573333325,-122.33726189833332,549798.7521663993,5274323.927239495
occluded_standalone,222118.00,1,11.0,1.2,62.3839,47.62040515333333,-122.337262715,549798.6902507591,5274323.991175063
occluded_standalone,222119.00,1,12.0,1.1,62.3142,47.62040563833334,-122.33726340333332,549798.6380683845,5274324.044634938
occluded_standalone,222120.00,1,12.0,1.1,62.2503,47.620405948333335,-122.33726427000002,549798.57265212,5274324.078531199
occluded_standalone,222121.00,1,12.0,1.1,62.1922,47.62040640833334,-122.33726499000001,549798.5181140372,5274324.129192298
occluded_standalone,222122.00,1,12.0,1.1,62.1211,47.62040673166666,-122.33726576833332,549798.4593225362,5274324.164627112
occluded_standalone,222123.00,1,12.0,1.1,62.068,47.620406904999996,-122.33726661666667,549798.395413639,5274324.183346314
occluded_standalone,222124.00,1,12.0,1.1,62.0157,47.620406904999996,-122.337267735,549798.3113813822,5274324.182628278
occluded_standalone,222125.00,1,12.0,1.1,61.9545,47.620406595,-122.33726883833333,549798.2287706251,5274324.147467159
occluded_standalone,222126.00,1,12.0,1.1,61.8785,47.62040628,-122.33726976999999,549798.1590637552,5274324.11186057
occluded_standalone,222127.00,1,12.0,1.1,61.768,47.62040585,-122.33727049166667,549798.1052456206,5274324.063607967
occluded_standalone,222128.00,1,12.0,1.1,61.6219,47.620405325,-122.33727114166668,549798.0569027795,5274324.004843291
occluded_standalone,222129.00,1,12.0,1.1,61.5265,47.62040473333333,-122.33727157833333,549798.0246532481,5274323.9388064
occluded_standalone,222130.00,1,12.0,1.1,61.464,47.62040407666667,-122.33727193166666,549797.9987271591,5274323.865599057
occluded_standalone,222131.00,1,12.0,1.1,61.389,47.62040340333333,-122.33727209333334,549797.9872188491,5274323.790662478
occluded_standalone,222132.00,1,11.0,1.2,61.3237,47.62040284333334,-122.33727235333332,549797.9682140885,5274323.728258381
occluded_standalone,222133.00,1,11.0,1.2,61.2282,47.620402365000004,-122.33727266833333,549797.9449990347,5274323.674895223
occluded_standalone,222134.00,1,11.0,1.2,61.1487,47.62040194666667,-122.33727296666666,549797.9229793478,5274323.628211034
occluded_standalone,222135.00,1,13.0,1.0,61.0281,47.620401629999996,-122.33727278666666,549797.9368053799,5274323.593132969
occluded_standalone,222136.00,1,13.0,1.0,60.8897,47.62040133666666,-122.33727249,549797.9593756599,5274323.560723026
occluded_standalone,222137.00,1,12.0,1.2,60.7306,47.62040122166666,-122.33727247999998,549797.9602362763,5274323.5479486
occluded_standalone,222138.00,1,12.0,1.2,60.5914,47.62040081,-122.33727262,549797.9501075216,5274323.50210699
occluded_standalone,222139.00,1,12.0,1.2,60.5575,47.62040042499999,-122.33727241666665,549797.9657517279,5274323.45944949
occluded_standalone,222140.00,1,12.0,1.2,60.5575,47.620400205,-122.33727200333333,549797.9970187745,5274323.435264559
occluded_standalone,222141.00,1,12.0,1.2,60.5897,47.62040020333334,-122.33727154000002,549798.0318355126,5274323.4353768155
occluded_standalone,222142.00,1,12.0,1.2,60.6023,47.62040004666666,-122.33727126166666,549798.0528984317,5274323.418143932
occluded_standalone,222143.00,1,12.0,1.2,60.6335,47.62040007166667,-122.33727098666668,549798.0735383626,5274323.421098944
occluded_standalone,222144.00,1,12.0,1.2,60.6413,47.62039990833333,-122.33727067,549798.0974880042,5274323.403149755
occluded_standalone,222145.00,1,12.0,1.2,60.6458,47.620399676666665,-122.33727049333332,549798.1109828482,5274323.377516262
occluded_standalone,222146.00,1,12.0,1.2,60.6605,47.62039933999999,-122.33727030333333,549798.1255792808,5274323.340221863
occluded_standalone,222147.00,1,12.0,1.2,60.6903,47.62039899,-122.33727032333333,549798.124408844,5274323.301310795
occluded_standalone,222148.00,1,12.0,1.2,60.7479,47.620398615000006,-122.33727053333332,549798.1089854287,5274323.259499293
occluded_standalone,222149.00,1,12.0,1.2,60.8304,47.620398236666674,-122.33727092166667,549798.080165097,5274323.21720283
occluded_standalone,222150.00,1,12.0,1.2,60.879,47.62039764666667,-122.33727147333333,549798.0392728059,5274323.151277332
occluded_standalone,222151.00,1,12.0,1.2,60.8317,47.62039729833334,-122.33727253333333,549797.959954527,5274323.111883756
occluded_standalone,222152.00,1,12.0,1.2,60.7479,47.620397045,-122.33727356666668,549797.8825497829,5274323.083065391
occluded_standalone,222153.00,1,12.0,1.2,60.4474,47.620397080000004,-122.33727493666666,549797.7795738816,5274323.086075601
occluded_standalone,222154.00,1,12.0,1.2,59.9955,47.62039724833333,-122.33727677833333,549797.6410300295,5274323.103601351
occluded_standalone,222155.00,1,12.0,1.2,59.0654,47.620398335,-122.33728022666668,549797.3808881559,5274323.222157087
occluded_standalone,222156.00,1,12.0,1.2,58.0952,47.620399308333326,-122.33728484666666,549797.0328141504,5274323.327364955
occluded_standalone,222157.00,1,12.0,1.2,57.3138,47.62040012833333,-122.33728944666667,549796.6863885736,5274323.41554456
occluded_standalone,222158.00,1,13.0,1.0,56.4789,47.62040082,-122.33729464166666,549796.2953762051,5274323.489079491
occluded_standalone,222159.00,1,13.0,1.0,55.7456,47.62040122166666,-122.33729914333335,549795.9567367281,5274323.530829626
occluded_standalone,222200.00,1,12.0,1.1,55.088,47.62040149166668,-122.33730272833333,549795.6871011968,5274323.558535165
occluded_standalone,222201.00,1,12.0,1.1,54.6274,47.620401300000005,-122.33730463666667,549795.543889842,5274323.536008558
occluded_standalone,222202.00,1,12.0,1.1,54.2367,47.62040124833334,-122.33730618666665,549795.4274709354,5274323.529271303
occluded_standalone,222203.00,1,12.0,1.1,53.818,47.620401218333335,-122.33730745666665,549795.3320708296,5274323.5251218015
occluded_standalone,222204.00,1,12.0,1.1,53.4113,47.62040125833334,-122.33730858166668,549795.2474996403,5274323.528845041
occluded_standalone,222205.00,1,12.0,1.1,52.999,47.62040119666667,-122.33730957333334,549795.1730437443,5274323.521354874
occluded_standalone,222206.00,1,11.0,1.2,52.6367,47.620401390000005,-122.337310475,549795.1051083623,5274323.542262628
occluded_standalone,222207.00,1,11.0,1.2,52.1458,47.62040151833333,-122.33731214,549794.9798773564,5274323.5554563515
occluded_standalone,222208.00,1,11.0,1.2,51.7091,47.62040145166667,-122.33731296666669,549794.9178244116,5274323.5475164335
occluded_standalone,222209.00,1,11.0,1.2,51.3268,47.62040133166667,-122.33731332166666,549794.8912634412,5274323.533951983
occluded_standalone,222210.00,1,11.0,1.2,50.9804,47.62040111666667,-122.33731363,549794.8682992401,5274323.509859403
occluded_standalone,222211.00,1,12.0,1.1,50.7056,47.620401135,-122.33731369833335,549794.8631472203,5274323.511853059
occluded_standalone,222212.00,1,12.0,1.1,50.4924,47.62040118666667,-122.33731345,549794.8817580825,5274323.517754611
occluded_standalone,222213.00,1,12.0,1.1,50.2405,47.620401395,-122.33731378166667,549794.8566386126,5274323.540695383
occluded_standalone,222214.00,1,12.0,1.1,50.0344,47.62040156666667,-122.33731391666667,549794.8463316155,5274323.559687366
occluded_standalone,222215.00,1,11.0,1.1,49.8742,47.62040157666667,-122.33731385833335,549794.8507053228,5274323.560836194
occluded_standalone,222216.00,1,12.0,1.1,49.7415,47.62040161333333,-122.33731387000002,549794.849793863,5274323.564903755
occluded_standalone,222217.00,1,11.0,1.1,49.6701,47.62040151833333,-122.33731367666665,549794.8644112638,5274323.554469788
occluded_standalone,222218.00,1,12.0,1.1,49.6695,47.62040121,-122.33731304333332,549794.9122931132,5274323.520608912
occluded_standalone,222219.00,1,11.0,1.1,49.5942,47.620401175000005,-122.33731314333333,549794.9048122861,5274323.516654888
occluded_standalone,222220.00,1,11.0,1.1,49.7035,47.62040108666667,-122.33731344000002,549794.8826044446,5274323.5066472525
occluded_standalone,222221.00,1,11.0,1.1,49.8905,47.62040062833333,-122.33731451500002,549794.8022634977,5274323.455018931
occluded_standalone,222222.00,0,0.0,nan,nan,nan,nan,nan,nan
occluded_standalone,222223.00,1,13.0,1.0,160.8644,47.620465161666665,-122.33781128999999,549757.4130450216,5274330.308294279
occluded_standalone,222224.00,1,13.0,1.0,163.6995,47.620483650000004,-122.33783695333335,549755.4671461086,5274332.346583324
occluded_standalone,222225.00,1,13.0,1.0,165.2718,47.62049318,-122.33785092000001,549754.4086414962,5274333.396766879
occluded_standalone,222226.00,1,13.0,1.0,166.0787,47.620498755,-122.33785772833335,549753.8917703872,5274334.011992603
occluded_standalone,222227.00,1,13.0,1.0,166.588,47.620502655,-122.33786196833334,549753.569474418,5274334.442710104
occluded_standalone,222228.00,1,13.0,1.0,166.8164,47.62050553000001,-122.33786525333335,549753.3199101608,5274334.760123999
occluded_standalone,222229.00,1,13.0,1.0,167.0685,47.62050785166666,-122.33786796000001,549753.1143271672,5274335.016412642
occluded_standalone,222230.00,1,13.0,1.0,167.2313,47.62050921833334,-122.33787030833334,549752.9365756155,5274335.166794564
occluded_standalone,222231.00,1,12.0,1.1,167.2174,47.62051002,-122.337871945,549752.8128351045,5274335.254840148
occluded_standalone,222232.00,1,12.0,1.1,167.2255,47.62051080333334,-122.33787302,549752.731315887,5274335.3412085045
occluded_standalone,222233.00,1,12.0,1.1,167.0926,47.62051137,-122.33787283833333,549752.7444287629,5274335.404303122
occluded_standalone,222234.00,1,12.0,1.1,166.859,47.62051216333332,-122.33787299666668,549752.7317788207,5274335.492370872
occluded_standalone,222235.00,1,12.0,1.1,166.6379,47.62051292333334,-122.33787288666666,549752.7393231997,5274335.57690616
occluded_standalone,222236.00,1,12.0,1.1,166.4512,47.620513583333334,-122.33787248166666,549752.7691288927,5274335.650516901
occluded_standalone,222237.00,1,12.0,1.1,165.7291,47.620511504999996,-122.33786970499999,549752.979740812,5274335.421316677
occluded_standalone,222238.00,1,12.0,1.1,164.7448,47.620508681666664,-122.337866815,549753.1995755149,5274335.109391505
occluded_standalone,222239.00,1,12.0,1.0,164.1257,47.62050856833333,-122.33786812833333,549753.1009985567,5274335.095953413
occluded_standalone,222240.00,1,12.0,1.0,163.5969,47.620509626666674,-122.33787106333332,549752.8794571419,5274335.211691516
occluded_standalone,222241.00,1,11.0,1.1,163.4031,47.620512690000005,-122.33787518666668,549752.5667215089,5274335.549498622
occluded_standalone,222242.00,1,11.0,1.1,163.3313,47.62051612333333,-122.33787908666666,549752.2704162379,5274335.928569991
occluded_standalone,222243.00,1,11.0,1.1,163.2201,47.62051920833333,-122.33788248,549752.0125126569,5274336.269253385
occluded_standalone,222244.00,1,12.0,1.1,163.4154,47.62052416833333,-122.33788898166668,549751.5192686069,5274336.816326289
occluded_standalone,222245.00,1,12.0,1.1,164.8185,47.62053643166667,-122.33790663666666,549750.1810293316,5274338.16792135
occluded_standalone,222246.00,1,11.0,1.2,166.186,47.62054868666667,-122.33792380166666,549748.8796173792,5274339.518904864
occluded_standalone,222247.00,1,12.0,1.1,167.1465,47.62055824166667,-122.33793618833333,549747.9398133603,5274340.5728814835
occluded_standalone,222248.00,1,12.0,1.1,167.9916,47.62056674166667,-122.33794652333333,549747.1551735639,5274341.510923818
occluded_standalone,222249.00,1,12.0,1.1,168.8899,47.62057492666666,-122.33795571166665,549746.4569938113,5274342.414693313
occluded_standalone,222250.00,1,12.0,1.1,169.548,47.62058207333333,-122.33796290166669,549745.9099547846,5274343.204346513
occluded_standalone,222251.00,1,12.0,1.1,169.9212,47.620586904999996,-122.33796761666666,549745.5510844121,5274343.738303181
occluded_standalone,222252.00,1,12.0,1.2,170.0714,47.62058915166667,-122.33797301666667,549745.14319519,5274343.984529324
occluded_standalone,222253.00,1,11.0,1.2,170.2078,47.620590899999996,-122.33797793999999,549744.7715956403,5274344.1756775435
occluded_standalone,222254.00,1,12.0,1.2,170.2418,47.62059208666666,-122.337981665,549744.4905721161,5274344.305171962
occluded_standalone,222255.00,1,12.0,1.2,170.1543,47.62059312166666,-122.337985375,549744.2108195823,5274344.417820116
occluded_standalone,222256.00,1,12.0,1.2,170.0257,47.62059416,-122.33798890333334,549743.9447143965,5274344.530955258
occluded_standalone,222257.00,1,12.0,1.2,169.867,47.62059531500001,-122.33799223666668,549743.6931509167,5274344.657181553
occluded_standalone,222258.00,1,12.0,1.2,169.6531,47.62059620833334,-122.337995185,549743.4707647011,5274344.754573721
occluded_standalone,222259.00,1,12.0,1.2,169.4327,47.62059725166667,-122.33799821833333,549743.2418492738,5274344.868582053
occluded_standalone,222300.00,1,11.0,1.2,169.0896,47.62059786166666,-122.33800040166668,549743.0772142046,5274344.934975827
occluded_standalone,222301.00,1,11.0,1.2,168.6071,47.62059823333334,-122.33800032333332,549743.0827476382,5274344.976332283
occluded_standalone,222302.00,1,12.0,1.1,168.1532,47.62059895166667,-122.33800041333333,549743.0753035942,5274345.0561085455
occluded_standalone,222303.00,1,12.0,1.1,167.7763,47.62060013666666,-122.33800086666666,549743.0401158835,5274345.187516089
occluded_standalone,222304.00,1,12.0,1.1,167.4535,47.620601433333334,-122.338001425,549742.9969325092,5274345.331266681
occluded_standalone,222305.00,1,11.0,1.2,167.1236,47.620602421666675,-122.33800152833334,549742.9882304752,5274345.441041598
occluded_standalone,222306.00,1,11.0,1.2,166.8078,47.62060440666667,-122.33800258166666,549742.9071996884,5274345.660974572
occluded_standalone,222307.00,1,12.0,1.1,166.4966,47.62060687666667,-122.33800309666667,549742.8661593838,5274345.935154638
occluded_standalone,222308.00,1,11.0,1.3,166.2479,47.620609345000005,-122.33800396666666,549742.7984458471,5274346.208921798
occluded_standalone,222309.00,1,12.0,1.1,166.03,47.62061196,-122.33800522333334,549742.7015389301,5274346.49874118
occluded_standalone,222310.00,1,12.0,1.1,165.863,47.620613998333326,-122.33800602000001,549742.6397435901,5274346.724766118
occluded_standalone,222311.00,1,11.0,1.2,165.6225,47.62061587666667,-122.338005565,549742.6721506633,5274346.9338117605
occluded_standalone,222312.00,1,11.0,1.3,165.5001,47.62061696333333,-122.33800485833332,549742.7242190179,5274347.055034718
occluded_standalone,222313.00,1,11.0,1.3,165.253,47.620617763333335,-122.33800294,549742.8676043164,5274347.145175271
occluded_standalone,222314.00,1,10.0,2.0,164.9513,47.620619268333336,-122.33800090833331,549743.018836751,5274347.3137406595
occluded_standalone,222315.00,1,11.0,1.2,164.7666,47.62062018666667,-122.33800037666667,549743.0579152177,5274347.416143186
occluded_standalone,222316.00,1,11.0,1.2,164.5352,47.620620351666666,-122.337999895,549743.0939512841,5274347.43478984
occluded_standalone,222317.00,1,11.0,1.2,164.3242,47.62061941,-122.33799914000001,549743.1515754863,5274347.330619301
occluded_standalone,222318.00,1,11.0,1.3,163.9914,47.62061891,-122.33799785333333,549743.2487303244,5274347.275875607
occluded_standalone,222319.00,1,11.0,1.3,163.3142,47.62061894333333,-122.33799688333332,549743.3215848107,5274347.28020231
occluded_standalone,222320.00,1,11.0,1.2,162.9538,47.620618144999995,-122.33799312000001,549743.6051201668,5274347.193890932
occluded_standalone,222321.00,1,12.0,1.1,162.633,47.62061674500001,-122.33798858833333,549743.946959095,5274347.041204438
occluded_standalone,222322.00,1,12.0,1.3,162.3669,47.62061465,-122.33798391333333,549744.3002274465,5274346.811369122
occluded_standalone,222323.00,1,12.0,1.1,162.0345,47.62061276166667,-122.33797962499999,549744.6242455188,5274346.60425431
occluded_standalone,222324.00,1,12.0,1.3,161.7828,47.62061105666667,-122.33797600499999,549744.8978709109,5274346.417086129
occluded_standalone,222325.00,1,11.0,1.2,161.5119,47.62060922166667,-122.33797293166666,549745.1305429331,5274346.215119427
occluded_standalone,222326.00,1,12.0,1.1,161.2129,47.62060778499999,-122.33797046333332,549745.3173771934,5274346.057034588
occluded_standalone,222327.00,1,12.0,1.1,160.7723,47.620607066666665,-122.33796929833333,549745.4055971198,5274345.977947811
occluded_standalone,222328.00,1,11.0,1.2,160.4557,47.62060571166667,-122.337967905,549745.5115780655,5274345.8282497525
occluded_standalone,222329.00,1,12.0,1.1,160.1937,47.62060415999999,-122.33796636166666,549745.6290166322,5274345.6567908
occluded_standalone,222330.00,1,11.0,1.3,159.8909,47.62060238666666,-122.33796473833333,549745.7526767178,5274345.460747619
occluded_standalone,222331.00,1,11.0,1.3,159.6084,47.620600573333334,-122.33796339666667,549745.8552102286,5274345.260078272
occluded_standalone,222332.00,1,11.0,1.2,159.3466,47.62059871666667,-122.33796247999999,549745.9258502112,5274345.054320366
occluded_standalone,222333.00,1,11.0,1.2,159.0665,47.620597118333336,-122.337961765,549745.9810918212,5274344.877143711
occluded_standalone,222334.00,1,11.0,1.2,158.7966,47.62059549666666,-122.33796098666666,549746.041114463,5274344.6974144615
occluded_standalone,222335.00,1,11.0,1.2,158.5564,47.62059400666667,-122.33796030666666,549746.0936233986,5274344.532255288
occluded_standalone,222336.00,1,10.0,1.7,158.1527,47.620593273333334,-122.33795998833332,549746.11823876,5274344.450958412
occluded_standalone,222337.00,1,10.0,1.4,157.8047,47.62059214666667,-122.33795984666668,549746.1299524622,5274344.325834026
occluded_standalone,222338.00,1,13.0,1.1,157.5289,47.62059266999999,-122.33795796833334,549746.2705946259,5274344.385200881
occluded_standalone,222339.00,1,13.0,1.1,157.4039,47.620597090000004,-122.33795233166666,549746.6899426298,5274344.880045261
occluded_standalone,222340.00,1,13.0,1.0,157.3017,47.62060021666666,-122.33794780333334,549747.0272369705,5274345.230440568
occluded_standalone,222341.00,1,13.0,1.1,157.246,47.62060178,-122.337944995,549747.2367729928,5274345.405987261
occluded_standalone,222342.00,1,13.0,1.0,157.2445,47.62060227166667,-122.33794319166667,549747.3718096357,5274345.461786676
occluded_standalone,222343.00,1,13.0,1.0,157.2353,47.62060269333333,-122.33794060833334,549747.5655221468,5274345.510306746
occluded_standalone,222344.00,1,13.0,1.1,157.2987,47.62060283166667,-122.33793822999999,549747.7440996824,5274345.5272062905
occluded_standalone,222345.00,1,13.0,1.1,157.3724,47.620602741666666,-122.33793567333332,549747.9362938609,5274345.51884376
occluded_standalone,222346.00,1,12.0,1.3,157.3806,47.62060272666666,-122.33793313,549748.1274150161,5274345.518808018
occluded_standalone,222347.00,1,12.0,1.1,157.3888,47.620602945,-122.337930515,549748.3236998661,5274345.544750406
occluded_standalone,222348.00,1,12.0,1.1,157.3798,47.62060337166666,-122.33792759499998,549748.5427048707,5274345.594042141
occluded_standalone,222349.00,0,0.0,nan,nan,nan,nan,nan,nan
occluded_standalone,222350.00,1,15.0,0.9,85.6684,47.620680711666665,-122.33786730333334,549752.999661486,5274354.228113429
occluded_standalone,222351.00,1,14.0,1.0,85.8731,47.62067891833333,-122.33786360166665,549753.2795070678,5274354.031180854
occluded_standalone,222352.00,1,15.0,0.9,85.2931,47.62067876,-122.33785750666667,549753.7376369861,5274354.017493883
occluded_standalone,222353.00,1,15.0,0.9,84.9079,47.62067811,-122.33785127833335,549754.2062521045,5274353.949249731
occluded_standalone,222354.00,1,15.0,0.9,85.1705,47.62067593333333,-122.33784435833334,549754.728287767,5274353.711778946
occluded_standalone,222355.00,1,15.0,0.9,84.574,47.620674955000005,-122.33783799833333,549755.2071079226,5274353.607129093
occluded_standalone,222356.00,1,14.0,1.0,83.7319,47.620674461666674,-122.33783245166666,549755.6243538504,5274353.55585935
occluded_standalone,222357.00,1,15.0,0.9,82.9507,47.620673655000004,-122.33782699333332,549756.0352597021,5274353.469709791
occluded_standalone,222358.00,1,15.0,0.9,82.122,47.62067254,-122.33782191666666,549756.4177796089,5274353.349047925
occluded_standalone,222359.00,1,15.0,0.9,81.338,47.62067100833333,-122.33781710666666,549756.7806574932,5274353.181907596
occluded_standalone,222400.00,1,15.0,0.9,80.5676,47.620669418333335,-122.33781304833335,549757.0871103337,5274353.007802032
occluded_standalone,222401.00,1,14.0,1.0,79.7412,47.620667925,-122.33780948,549757.356652749,5274352.844125454
occluded_standalone,222402.00,1,14.0,1.0,78.8906,47.620666415,-122.33780631666666,549757.5957791962,5274352.67833677
occluded_standalone,222403.00,1,14.0,1.0,78.3886,47.62066522,-122.33780341833332,549757.8146945913,5274352.547386493
occluded_standalone,222404.00,1,14.0,1.0,78.0456,47.62066413166667,-122.33780110000001,549757.9899274372,5274352.427918829
occluded_standalone,222405.00,1,14.0,0.9,77.932,47.62066285166667,-122.33779928999999,549758.1271458671,5274352.28682364
occluded_standalone,222406.00,1,14.0,0.9,78.0466,47.62066177,-122.33779828166668,549758.2039386686,5274352.167256478
occluded_standalone,222407.00,1,14.0,0.9,78.3576,47.62066030833333,-122.33779743833333,549758.2686939139,5274352.0053511
occluded_standalone,222408.00,1,14.0,0.9,78.8165,47.62065838833334,-122.33779639666666,549758.3487868877,5274351.792634806
occluded_standalone,222409.00,1,13.0,1.0,79.2762,47.62065623833334,-122.33779561000001,549758.4099373443,5274351.554193224
occluded_standalone,222410.00,1,12.0,1.3,79.6478,47.62065388333334,-122.33779512499999,549758.4486150207,5274351.292774862
occluded_standalone,222411.00,1,13.0,1.1,79.9541,47.62065141833333,-122.33779499166667,549758.4609727467,5274351.018905728
occluded_standalone,222412.00,1,13.0,1.1,80.077,47.620649371666666,-122.33779554666668,549758.4212119664,5274350.791087643
occluded_standalone,222413.00,1,13.0,1.1,80.2219,47.620647505,-122.33779627166665,549758.3685065405,5274350.583165299
occluded_standalone,222414.00,1,14.0,0.9,80.4343,47.620645630000006,-122.33779723166666,549758.2981510501,5274350.374166045
occluded_standalone,222415.00,1,13.0,1.1,80.6105,47.62064374166666,-122.33779813000001,549758.2324418561,5274350.163724515
occluded_standalone,222416.00,1,13.0,1.1,80.7601,47.620641770000006,-122.33779893333333,549758.173950059,5274349.944082451
occluded_standalone,222417.00,1,14.0,1.0,81.3434,47.6206387,-122.33779881000001,549758.186130449,5274349.602968536
occluded_standalone,222418.00,1,14.0,1.0,82.1163,47.620635224999994,-122.33779848666667,549758.2137232018,5274349.216972123
occluded_standalone,222419.00,1,13.0,1.1,82.8672,47.620631825,-122.33779827166667,549758.2331045903,5274348.839241544
occluded_standalone,222420.00,1,14.0,1.0,83.5772,47.62062862833333,-122.33779817833334,549758.2431509695,5274348.484030928
occluded_standalone,222421.00,1,14.0,1.0,84.2564,47.620625598333326,-122.33779811833334,549758.2505345241,5274348.147321896
occluded_standalone,222422.00,1,14.0,1.0,84.9108,47.620622804999996,-122.33779819833335,549758.2471738651,5274347.8368256595
occluded_standalone,222423.00,1,14.0,1.0,85.541,47.620620009999996,-122.33779793166666,549758.2698634306,5274347.526366594
occluded_standalone,222424.00,1,14.0,1.0,86.1594,47.620617059999994,-122.33779761,549758.2968327925,5274347.198716457
occluded_standalone,222425.00,1,14.0,1.0,86.7672,47.620614290000006,-122.33779744833333,549758.3116089039,5274346.890968476
occluded_standalone,222426.00,1,14.0,1.0,87.3625,47.62061182833333,-122.33779743666668,549758.3148213933,5274346.61739175
occluded_standalone,222427.00,1,14.0,1.0,87.9184,47.62060966333333,-122.33779745666668,549758.3153729363,5274346.376765588
occluded_rtk,222903.00,5,5.0,9.5,64.745,47.620697033333336,-122.337557455,549776.2662420305,5274356.24087486
occluded_rtk,222904.00,5,5.0,9.5,53.0439,47.620733225,-122.33744874166665,549784.4006237616,5274360.332912557
occluded_rtk,222905.00,2,14.0,1.1,57.1137,47.620533859999995,-122.33774152666668,549762.5899065702,5274337.988033348
occluded_rtk,222906.00,5,5.0,9.5,52.9767,47.620683754999995,-122.33745703333334,549783.8245525222,5274354.829603434
occluded_rtk,222907.00,5,5.0,9.5,52.8306,47.62070324666667,-122.33744738833333,549784.5307746843,5274357.002055277
occluded_rtk,222908.00,5,6.0,4.1,52.5757,47.620715065,-122.33743748333333,549785.2638178725,5274358.3218767345
occluded_rtk,222909.00,5,6.0,4.1,52.3021,47.62072632166667,-122.33742433166665,549786.2413490354,5274359.581359946
occluded_rtk,222910.00,2,14.0,1.1,58.9163,47.620544384999995,-122.33772505666666,549763.8174813964,5274339.168325928
occluded_rtk,222911.00,2,14.0,1.1,59.1981,47.620544976666665,-122.33772440666668,549763.8657611787,5274339.234499507
occluded_rtk,222912.00,2,14.0,1.1,59.6496,47.620545818333326,-122.33772330666667,549763.9476169044,5274339.328746263
occluded_rtk,222913.00,2,14.0,1.1,60.1982,47.620546389999994,-122.33772241,549764.0144503025,5274339.392855355
occluded_rtk,222914.00,2,13.0,1.2,60.6232,47.62054718166667,-122.33772121666668,549764.1033665766,5274339.48160511
occluded_rtk,222915.00,2,13.0,1.2,60.9045,47.620548065,-122.33771999333334,549764.1944500696,5274339.580561744
occluded_rtk,222916.00,2,13.0,1.2,60.9056,47.62054912166666,-122.337719445,549764.2346492852,5274339.698349169
occluded_rtk,222917.00,2,13.0,1.2,60.7465,47.620550120000004,-122.33771897166667,549764.2692683268,5274339.809605438
occluded_rtk,222918.00,2,13.0,1.2,60.6647,47.62055090666666,-122.33771863333335,549764.2939442844,5274339.897250917
occluded_rtk,222919.00,2,13.0,1.2,60.6325,47.62055139666666,-122.33771820333335,549764.3257896497,5274339.951984335
occluded_rtk,222920.00,2,13.0,1.2,60.5392,47.62055198333334,-122.33771761499999,549764.3694405106,5274340.017562665
occluded_rtk,222921.00,2,13.0,1.2,60.4251,47.62055251333333,-122.33771683833332,549764.4272965898,5274340.076964022
occluded_rtk,222922.00,2,13.0,1.2,60.2794,47.620553245,-122.33771578333332,549764.5058753658,5274340.158956758
occluded_rtk,222923.00,2,13.0,1.0,60.0387,47.62055437166667,-122.33771452333333,549764.5994830611,5274340.2849804545
occluded_rtk,222924.00,2,13.0,1.0,59.7569,47.620555548333336,-122.33771313500002,549764.7026863234,5274340.416643386
occluded_rtk,222925.00,2,13.0,1.0,59.5823,47.62055666333334,-122.33771224499999,549764.7685031361,5274340.541133079
occluded_rtk,222926.00,2,13.0,1.0,59.3989,47.620557646666676,-122.33771095666667,549764.864375824,5274340.651245209
occluded_rtk,222927.00,2,13.0,1.0,59.2224,47.62055841833333,-122.33770983166666,549764.9481764545,5274340.737728375
occluded_rtk,222928.00,2,13.0,1.3,59.0762,47.62055907333333,-122.33770864499999,549765.0367214563,5274340.811285033
occluded_rtk,222929.00,2,13.0,1.3,58.9528,47.620559701666664,-122.33770713833334,549765.1493366895,5274340.882083341
occluded_rtk,222930.00,2,13.0,1.3,58.8234,47.62056014666667,-122.33770549666666,549765.2722698662,5274340.932593009
occluded_rtk,222931.00,2,13.0,1.3,58.6939,47.62056057833333,-122.33770368833332,549765.4077390899,5274340.981727781
occluded_rtk,222932.00,2,13.0,1.3,58.6187,47.62055926833333,-122.33770278666667,549765.4767339056,5274340.836715813
occluded_rtk,222933.00,2,12.0,1.3,58.5571,47.620557603333324,-122.33770242333334,549765.5056150444,5274340.651904509
occluded_rtk,222934.00,2,12.0,1.3,58.5709,47.620555749999994,-122.33770314666666,549765.4530223496,5274340.44546501
occluded_rtk,222935.00,2,12.0,1.3,58.5917,47.62055408,-122.33770369,549765.4137809331,5274340.259516271
occluded_rtk,222936.00,2,12.0,1.2,58.6496,47.620552835000005,-122.33770410666666,549765.3836539636,5274340.120882368
occluded_rtk,222937.00,2,12.0,1.2,58.7965,47.62055279833333,-122.33770397000002,549765.3939579494,5274340.116895004
occluded_rtk,222938.00,2,12.0,1.2,58.9084,47.620553046666664,-122.33770379166666,549765.4071223174,5274340.1446086485
occluded_rtk,222939.00,2,12.0,1.2,58.9692,47.62055267000001,-122.33770385833334,549765.4024704207,5274340.102703971
occluded_rtk,222940.00,2,12.0,1.2,59.0728,47.62055287166666,-122.33770380333333,549765.4064117573,5274340.125152049
occluded_rtk,222941.00,2,12.0,1.3,59.1171,47.620551808333325,-122.33770338000001,549765.4392303264,5274340.007247152
occluded_rtk,222942.00,2,12.0,1.3,59.1701,47.62055092833332,-122.33770286166667,549765.479013247,5274339.909778472
occluded_rtk,222943.00,2,12.0,1.2,59.2411,47.62055049166667,-122.33770235499999,549765.5174987983,5274339.861573399
occluded_rtk,222944.00,2,12.0,1.3,59.2653,47.62054994499999,-122.33770190166666,549765.5520812536,5274339.801108946
occluded_rtk,222945.00,2,12.0,1.3,59.3074,47.62054927166667,-122.33770152999999,549765.5806474524,5274339.726514641
occluded_rtk,222946.00,2,12.0,1.1,59.2974,47.62054873,-122.33770115,549765.6097148646,5274339.666558823
occluded_rtk,222947.00,2,12.0,1.1,59.2713,47.620547910000006,-122.33770111500002,549765.6131229816,5274339.575448289
occluded_rtk,222948.00,2,12.0,1.1,59.2366,47.62054751166667,-122.33770104833333,549765.618510374,5274339.5312211765
occluded_rtk,222949.00,2,12.0,1.1,59.2219,47.620547413333334,-122.33770117166665,549765.6093363769,5274339.520213492
occluded_rtk,222950.00,2,12.0,1.1,59.2091,47.62054731166666,-122.33770127833334,549765.6014178834,5274339.50884604
occluded_rtk,222951.00,2,12.0,1.1,59.1685,47.62054726333334,-122.33770144500001,549765.5889403505,5274339.503367441
occluded_rtk,222952.00,2,12.0,1.1,59.1551,47.62054697833334,-122.337700925,549765.6282838406,5274339.472026821
occluded_rtk,222953.00,2,12.0,1.1,59.2014,47.62054713166667,-122.33770020499999,549765.6822394232,5274339.48952993
occluded_rtk,222954.00,2,12.0,1.1,59.2303,47.62054691666667,-122.33769912666666,549765.7634698804,5274339.466327206
occluded_rtk,222955.00,2,12.0,1.1,59.2829,47.620546938333334,-122.33769817833333,549765.8347074812,5274339.469343682
occluded_rtk,222956.00,2,12.0,1.1,59.3443,47.620547195,-122.33769721666667,549765.9067239302,5274339.498486095
occluded_rtk,222957.00,2,12.0,1.1,59.405,47.62054742,-122.337696435,549765.9652451557,5274339.523993651
occluded_rtk,222958.00,2,12.0,1.1,59.4846,47.62054775833334,-122.33769553166667,549766.0328009079,5274339.562174889
occluded_rtk,222959.00,2,12.0,1.1,59.5511,47.62054803666667,-122.337694695,549766.0954042423,5274339.593645086
occluded_rtk,223000.00,2,12.0,1.1,59.6424,47.62054811166666,-122.33769395166668,549766.1511874385,5274339.602457377
occluded_rtk,223001.00,2,12.0,1.1,59.7228,47.62054814333332,-122.33769349499998,549766.1854715103,5274339.606269759
occluded_rtk,223002.00,2,12.0,1.2,59.8016,47.620548115000005,-122.33769293166667,549766.2278275003,5274339.603482316
occluded_rtk,223003.00,2,12.0,1.1,59.8979,47.62054792000001,-122.33769225666668,549766.2787323407,5274339.58224356
occluded_rtk,223004.00,2,12.0,1.2,59.9809,47.620547761666664,-122.33769202666666,549766.2961649036,5274339.56479432
occluded_rtk,223005.00,2,12.0,1.2,60.1087,47.62054739333333,-122.33769155,549766.3323313977,5274339.524164417
occluded_rtk,223006.00,2,12.0,1.1,60.2221,47.62054692499999,-122.33769118999999,549766.3598264186,5274339.472345875
occluded_rtk,223007.00,2,11.0,1.2,60.3405,47.620546510000004,-122.33769106,549766.369988524,5274339.426307105
occluded_rtk,223008.00,2,12.0,1.1,60.4434,47.62054610333333,-122.33769105166667,549766.3710006381,5274339.381116415
occluded_rtk,223009.00,2,12.0,1.0,60.5357,47.62054600500001,-122.33769145,549766.3411630273,5274339.369932276
occluded_rtk,223010.00,2,12.0,1.0,60.6476,47.62054576166667,-122.33769239333333,549766.270511499,5274339.3422834575
occluded_rtk,223011.00,2,12.0,1.1,60.7199,47.62054524166667,-122.33769341666667,549766.1941113033,5274339.283835185
occluded_rtk,223012.00,2,12.0,1.1,60.7774,47.62054496833333,-122.33769441166666,549766.1196059898,5274339.252819082
occluded_rtk,223013.00,2,12.0,1.1,60.8179,47.62054475333333,-122.33769533666667,549766.0503051436,5274339.228330934
occluded_rtk,223014.00,2,12.0,1.0,60.8602,47.62054528,-122.33769653333333,549765.9598872835,5274339.286095673
occluded_rtk,223015.00,2,12.0,1.0,60.8911,47.62054576333333,-122.337697575,549765.8811573116,5274339.3391438965
occluded_rtk,223016.00,2,12.0,1.1,60.9337,47.62054623666666,-122.33769828499999,549765.8273584073,5274339.391293554
occluded_rtk,223017.00,2,12.0,1.0,60.976,47.620546759999996,-122.33769892999999,549765.7783961778,5274339.449041807
occluded_rtk,223018.00,2,12.0,1.0,60.905,47.620546628333344,-122.33769796,549765.8514073384,5274339.435031058
occluded_rtk,223019.00,2,13.0,1.0,60.8083,47.62054661166667,-122.33769635333334,549765.9721487598,5274339.434209668
occluded_rtk,223020.00,2,13.0,1.0,60.6871,47.620546648333324,-122.33769439166666,549766.1195144143,5274339.43954341
occluded_rtk,223021.00,2,13.0,0.9,60.5974,47.62054656666666,-122.33769242166666,549766.2676185438,5274339.431731202
occluded_rtk,223022.00,2,12.0,1.0,60.4272,47.62054621166667,-122.33769132666666,549766.3502342106,5274339.39297989
occluded_rtk,223023.00,2,12.0,1.0,60.272,47.620546510000004,-122.33769057166667,549766.4066820947,5274339.426620444
occluded_rtk,223024.00,2,12.0,1.0,60.1422,47.620547040000005,-122.33769036999999,549766.4213324205,5274339.485652875
occluded_rtk,223025.00,2,12.0,1.0,60.0495,47.620547603333335,-122.33769031333334,549766.4250557481,5274339.54829686
occluded_rtk,223026.00,2,12.0,1.0,59.9894,47.620548265,-122.33769056333334,549766.4056426943,5274339.621672622
occluded_rtk,223027.00,5,6.0,1.8,63.9648,47.620658496666664,-122.33755600833335,549776.4115253178,5274351.958923033
occluded_rtk,223028.00,5,5.0,7.6,63.3237,47.62065426000001,-122.33756372666667,549775.8355893237,5274351.483115794
occluded_rtk,223029.00,5,5.0,7.6,62.067,47.62064727666666,-122.33757882166668,549774.707975663,5274350.697316071
occluded_rtk,223030.00,2,15.0,0.9,60.0277,47.62055131666666,-122.33769055666669,549766.4032474656,5274339.960832406
occluded_rtk,223031.00,2,14.0,0.9,60.0078,47.620551735,-122.33768996166667,549766.4475589937,5274340.007706832
occluded_rtk,223032.00,2,14.0,1.0,59.9888,47.620551495,-122.33768956166665,549766.4778429298,5274339.9812904205
occluded_rtk,223033.00,2,14.0,1.0,60.0269,47.62055185166667,-122.33768955,549766.4783810765,5274340.0209370535
occluded_rtk,223034.00,2,15.0,0.9,60.0025,47.620552356666664,-122.33768918166668,549766.5055785235,5274340.077297982
occluded_rtk,223035.00,2,14.0,0.9,59.9687,47.62055320333334,-122.33768887666665,549766.5276928253,5274340.171590353
occluded_rtk,223036.00,2,14.0,1.1,59.9317,47.62055370333333,-122.33768827333333,549766.5725530153,5274340.22754638
occluded_rtk,223037.00,2,14.0,1.1,59.9365,47.620554516666665,-122.33768958333333,549766.4733471905,5274340.31709789
occluded_rtk,223038.00,2,14.0,1.0,59.9526,47.62055534833333,-122.33769071999998,549766.3871483105,5274340.40879815
occluded_rtk,223039.00,2,15.0,1.0,60.0196,47.620556070000006,-122.33769205333334,549766.2862762087,5274340.488147061
occluded_rtk,223040.00,2,13.0,1.1,60.1738,47.62055648833334,-122.33769415666666,549766.12783388,5274340.533290109
occluded_rtk,223041.00,2,14.0,1.0,60.229,47.620556451666666,-122.33769423,549766.1223583815,5274340.5291679995
occluded_rtk,223042.00,2,14.0,1.0,60.1918,47.620555941666666,-122.33769479166668,549766.0806385283,5274340.472127335
occluded_rtk,223043.00,2,15.0,0.9,60.1443,47.62055551,-122.33769472,549766.086433259,5274340.424198838
occluded_rtk,223044.00,2,15.0,0.9,60.1023,47.62055537833333,-122.33769503333333,549766.0630142236,5274340.409364644
occluded_rtk,223045.00,2,15.0,0.9,60.0606,47.62055515,-122.33769566833334,549766.0155167624,5274340.383580738
occluded_rtk,223046.00,5,8.0,1.3,56.3414,47.62054192166667,-122.33768932666665,549766.5045864498,5274338.917482047
occluded_rtk,223047.00,5,8.0,1.3,56.9427,47.620542365,-122.33768551333333,549766.7907011877,5274338.96919997
occluded_rtk,223048.00,5,8.0,1.3,52.7848,47.62053509833333,-122.33771507000002,549764.5766968512,5274338.142633921
occluded_rtk,223049.00,5,8.0,1.3,47.8804,47.620528731666674,-122.33774652166667,549762.219446688,5274337.414876909
occluded_rtk,223050.00,5,8.0,1.3,43.3851,47.62052779166667,-122.33776379000001,549760.9227884654,5274337.299328246
occluded_rtk,223051.00,5,8.0,1.2,42.5687,47.62052625666667,-122.33776904666665,549760.5292568044,5274337.125359181
occluded_rtk,223052.00,5,8.0,1.2,45.1365,47.62052473666666,-122.33776353,549760.9452239883,5274336.959969092
occluded_rtk,223053.00,5,7.0,1.4,47.3909,47.620523113333334,-122.33775986999999,549761.2217784849,5274336.781903589
occluded_rtk,223054.00,2,12.0,1.1,59.5003,47.62055809333333,-122.33770037999999,549765.6586869102,5274340.707673112
occluded_rtk,223055.00,5,5.0,1.8,50.3885,47.62052448833333,-122.337752715,549761.7581036027,5274336.939308602
occluded_rtk,223056.00,5,5.0,1.8,51.1417,47.62052448333334,-122.33775233666665,549761.7865364847,5274336.93899565
occluded_rtk,223057.00,2,11.0,1.3,59.2471,47.62055888666667,-122.33770090833335,549765.6182348335,5274340.795503431
occluded_rtk,223058.00,1,13.0,1.0,59.1866,47.62055930666667,-122.33770047666667,549765.6502718489,5274340.84245828
occluded_rtk,223059.00,2,11.0,2.2,59.08,47.62056037333333,-122.33769883000001,549765.77299074,5274340.962061829
occluded_rtk,223100.00,2,12.0,1.1,59.0085,47.620563708333336,-122.33769806166669,549765.8275585873,5274341.333199374
occluded_rtk,223101.00,2,12.0,1.1,58.9907,47.62056855166667,-122.33769854166667,549765.7868947226,5274341.871168777
occluded_rtk,223102.00,2,12.0,1.0,58.9504,47.620571784999996,-122.33769708666665,549765.8931554416,5274342.231447907
occluded_rtk,223103.00,2,12.0,1.0,58.8715,47.62057209500001,-122.33769484999999,549766.0609252264,5274342.267335768
occluded_rtk,223104.00,2,12.0,1.0,58.8001,47.62057281833333,-122.33769146166667,549766.3148394099,5274342.349899553
occluded_rtk,223105.00,2,12.0,1.0,58.7134,47.62057345666667,-122.33768750833333,549766.611288571,5274342.423379171
occluded_rtk,223106.00,2,12.0,1.0,58.6393,47.620573891666666,-122.33768415000002,549766.8632221718,5274342.473878999
occluded_rtk,223107.00,2,12.0,1.0,58.5496,47.620574475,-122.33768117166667,549767.0864616497,5274342.540620448
occluded_rtk,223108.00,2,13.0,0.9,58.5015,47.620575628333334,-122.33767813166666,549767.3137938153,5274342.670750019
occluded_rtk,223109.00,2,13.0,0.9,58.5257,47.62057763999999,-122.33767431833333,549767.5984199105,5274342.896769093
occluded_rtk,223110.00,2,13.0,0.9,58.5596,47.62057966833333,-122.33767103999999,549767.8428300689,5274343.124297188
occluded_rtk,223111.00,2,13.0,0.9,58.5786,47.62058152666667,-122.33766801499999,549768.0683659887,5274343.33276931
occluded_rtk,223112.00,2,13.0,0.9,58.6071,47.62058351666666,-122.337665075,549768.2873899995,5274343.555820041
occluded_rtk,223113.00,5,7.0,1.4,81.7067,47.62058882166666,-122.33750218833332,549780.5217174263,5274344.249939029
occluded_rtk,223114.00,2,13.0,0.9,58.6311,47.62058715666667,-122.33765757833335,549768.8472375749,5274343.965172062
occluded_rtk,223115.00,5,7.0,1.4,82.7826,47.620589818333336,-122.33749838833334,549780.8063046256,5274344.363145335
occluded_rtk,223116.00,5,7.0,1.4,84.7025,47.620595054999995,-122.33750722,549780.1377188512,5274344.939468486
occluded_rtk,223117.00,5,7.0,1.4,87.5556,47.62060279666666,-122.33751580000002,549779.485665543,5274345.794353419
occluded_rtk,223118.00,5,7.0,1.4,88.6876,47.620609175,-122.33752974333332,549778.4319039931,5274346.494278335
occluded_rtk,223119.00,5,6.0,1.8,89.1282,47.620613595,-122.33753892000001,549777.7381705142,5274346.979617806
occluded_rtk,223120.00,5,6.0,1.8,90.156,47.62061225166667,-122.33753461166667,549778.0631752495,5274346.83308778
occluded_rtk,223121.00,5,6.0,1.8,90.7347,47.62061156,-122.33752926000001,549778.4659577943,5274346.759652185
occluded_rtk,223122.00,5,6.0,1.8,91.0284,47.62060970000001,-122.33752357666665,549778.894770974,5274346.556583496
occluded_rtk,223123.00,5,9.0,1.3,91.0764,47.62060781833334,-122.33752100166666,549779.0900435575,5274346.3491118755
occluded_rtk,223124.00,2,15.0,1.0,59.0559,47.620599813333335,-122.33763980833334,549770.170469114,5274345.3832089305
occluded_rtk,223125.00,5,7.0,1.4,90.5485,47.62060393333333,-122.33752147499999,549779.0581651123,5274345.917037743
occluded_rtk,223126.00,2,15.0,1.0,59.2498,47.620602295,-122.33763596666668,549770.4567778537,5274345.661481094
occluded_rtk,223127.00,2,15.0,1.0,59.3006,47.62060285333334,-122.33763501333333,549770.5278817166,5274345.7241447875
occluded_rtk,223128.00,2,15.0,1.0,59.3744,47.620603624999994,-122.33763300500001,549770.6780561496,5274345.811194875
occluded_rtk,223129.00,2,16.0,0.9,59.4301,47.62060417833333,-122.33763208333333,549770.7467853097,5274345.873282562
occluded_rtk,223130.00,2,15.0,1.0,59.4858,47.620604695000004,-122.337631645,549770.7792314404,5274345.930985037
occluded_rtk,223131.00,2,14.0,1.0,59.5401,47.62060484333333,-122.33763077666666,549770.84433751,5274345.948027692
occluded_rtk,223132.00,1,16.0,0.9,59.5904,47.62060519666667,-122.33763135333332,549770.8006712245,5274345.98692633
occluded_rtk,223133.00,2,15.0,1.0,59.6687,47.62060579666666,-122.33763013166666,549770.8918981878,5274346.05439296
occluded_rtk,223134.00,5,7.0,1.6,81.3222,47.620582643333336,-122.33753476333335,549778.0798851821,5274343.542385526
occluded_rtk,223135.00,5,7.0,1.6,81.9599,47.620580611666675,-122.33752605,549778.7365368577,5274343.322182826
occluded_rtk,223136.00,5,7.0,1.6,82.2006,47.62057246999999,-122.33752150000001,549779.0861543022,5274342.420256177
occluded_rtk,223137.00,5,9.0,1.3,81.1692,47.620568601666676,-122.33752995166667,549778.4547649609,5274341.984913784
occluded_rtk,223138.00,5,10.0,1.2,82.3938,47.62057338500001,-122.33753625,549777.9769651147,5274342.512480624
occluded_rtk,223139.00,5,10.0,1.2,84.3079,47.62058395833333,-122.33753482499999,549778.0740032413,5274343.688492149
occluded_rtk,223140.00,5,10.0,1.2,85.7704,47.620592800000004,-122.33752129333334,549779.0823843266,5274344.67982021
occluded_rtk,223141.00,5,10.0,1.2,85.9981,47.620597905000004,-122.33751341166665,549779.6697693651,5274345.252237247
occluded_rtk,223142.00,5,10.0,1.2,85.8761,47.62060068166667,-122.33751296666667,549779.7005709315,5274345.561115471
occluded_rtk,223143.00,5,8.0,1.2,85.4347,47.62060301333333,-122.33751546333333,549779.5107571117,5274345.818649354
occluded_rtk,223144.00,5,8.0,1.2,85.1266,47.62060400166667,-122.33751738333333,549779.3655494484,5274345.927258253
occluded_rtk,223145.00,5,7.0,1.4,84.8799,47.62060488833334,-122.337519725,549779.1887541255,5274346.024297514
occluded_rtk,223146.00,5,8.0,1.2,84.3845,47.620604685,-122.33752185999998,549779.0285225358,5274346.000329223
occluded_rtk,223147.00,5,8.0,1.2,83.9854,47.620603601666666,-122.33752554666668,549778.7525335563,5274345.877563801
occluded_rtk,223148.00,5,8.0,1.2,83.4493,47.62060331833333,-122.33752894,549778.4978263117,5274345.843896891
occluded_rtk,223149.00,5,8.0,1.2,82.981,47.62060311666667,-122.33753282833335,549778.2058470736,5274345.818988555
occluded_rtk,223150.00,5,7.0,1.6,82.5518,47.62060305,-122.337536685,549777.9161191268,5274345.8091041595
occluded_rtk,223151.00,5,7.0,1.6,82.2988,47.62060221499999,-122.33753846166668,549777.7834124285,5274345.715163838
occluded_rtk,223152.00,5,7.0,1.6,82.1084,47.620601465,-122.33754007333333,549777.6630231969,5274345.630776131
occluded_rtk,223153.00,5,7.0,1.6,82.0311,47.62060092333333,-122.33754181,549777.5330436556,5274345.569461908
occluded_rtk,223154.00,5,8.0,1.2,81.9515,47.62060052499999,-122.33754358,549777.4004233739,5274345.524056047
occluded_rtk,223155.00,5,8.0,1.2,81.9554,47.62060002500001,-122.33754497666665,549777.2959519931,5274345.467590783
occluded_rtk,223156.00,5,7.0,1.6,81.9424,47.62059934333333,-122.33754707333334,549777.1390548154,5274345.390486232
occluded_rtk,223157.00,5,6.0,1.8,81.9886,47.62059874666667,-122.33754750333334,549777.1073108534,5274345.323898046
occluded_rtk,223158.00,5,6.0,1.8,82.0945,47.620598235,-122.33754692666668,549777.1511274825,5274345.267402637
occluded_rtk,223159.00,5,6.0,1.8,82.1415,47.62059785666667,-122.33754679999998,549777.1610043936,5274345.225436798
occluded_rtk,223200.00,5,8.0,1.3,82.1036,47.62059775666667,-122.33754889166667,549777.0039307649,5274345.212980613
occluded_rtk,223201.00,5,8.0,1.3,82.0929,47.620597356666664,-122.33755086333333,549776.856158751,5274345.167260108
occluded_rtk,223202.00,5,10.0,1.2,81.8332,47.620596525,-122.33755232833333,549776.7468675987,5274345.073890294
occluded_rtk,223203.00,5,10.0,1.2,81.3508,47.62059635666666,-122.33755459999999,549776.5763335689,5274345.053724182
occluded_rtk,223204.00,5,10.0,1.2,81.1134,47.62059609,-122.33755519166668,549776.5321286579,5274345.023707716
occluded_rtk,223205.00,5,8.0,1.3,80.8591,47.62059605166667,-122.33755542166666,549776.5148827671,5274345.019299826
occluded_rtk,223206.00,5,10.0,1.2,80.6736,47.62059613166666,-122.33755584166666,549776.4832478841,5274345.0279213
occluded_rtk,223207.00,5,8.0,1.3,80.5387,47.62059595666666,-122.33755667833333,549776.4205465753,5274345.007935231
occluded_rtk,223208.00,5,8.0,1.3,80.3212,47.620595695000006,-122.33755878166667,549776.262749762,5274344.977504303
occluded_rtk,223209.00,5,7.0,1.5,80.1195,47.62059565833333,-122.33756126000002,549776.0765617391,5274344.971838715
occluded_rtk,223210.00,5,7.0,1.5,80.0903,47.620595766666675,-122.33756313999999,549775.9351950557,5274344.98267211
occluded_rtk,223211.00,5,7.0,1.5,80.0253,47.620595675000004,-122.33756471333332,549775.8170612553,5274344.971474757
occluded_rtk,223212.00,5,7.0,1.5,79.907,47.62059588499999,-122.33756584166667,549775.732078557,5274344.9940895615
occluded_rtk,223213.00,5,8.0,1.3,79.7595,47.62059608,-122.33756702500001,549775.6429773817,5274345.015002006
occluded_rtk,223214.00,5,8.0,1.3,79.6087,47.62059629,-122.33756837333334,549775.5414638135,5274345.037475625
occluded_rtk,223215.00,5,8.0,1.3,79.4567,47.620596378333325,-122.33756938166668,549775.465613448,5274345.046645681
occluded_rtk,223216.00,5,8.0,1.3,79.3285,47.62059639333334,-122.33757035,549775.3928383096,5274345.047691305
occluded_rtk,223217.00,5,8.0,1.3,79.2016,47.62059608,-122.33757105833335,549775.3399113177,5274345.0124135455
occluded_rtk,223218.00,5,8.0,1.3,79.0802,47.620596115000005,-122.33757163666665,549775.2964219297,5274345.015932215
occluded_rtk,223219.00,5,8.0,1.3,78.9039,47.620596068333334,-122.33757191333333,549775.2756773961,5274345.01056823
occluded_rtk,223220.00,5,8.0,1.3,78.7278,47.62059592000001,-122.33757228333334,549775.2480162673,5274344.993845338
occluded_rtk,223221.00,5,8.0,1.3,78.6025,47.62059601333333,-122.33757312333334,549775.1848097818,5274345.003679116
occluded_rtk,223222.00,5,8.0,1.3,78.4488,47.62059612166666,-122.33757360666665,549775.1483891191,5274345.015408859
occluded_rtk,223223.00,5,10.0,1.2,78.2688,47.620596285,-122.33757419,549775.1044022115,5274345.033187004
occluded_rtk,223224.00,5,10.0,1.2,78.0496,47.620596291666665,-122.33757481833332,549775.057182699,5274345.033524681
occluded_rtk,223225.00,5,8.0,1.3,77.7723,47.62059627666666,-122.337575305,549775.0206286348,5274345.031545293
occluded_rtk,223226.00,5,9.0,1.3,77.5032,47.6205963,-122.337575925,549774.9740194718,5274345.0337406155
occluded_rtk,223227.00,5,9.0,1.3,77.3217,47.6205967,-122.33757656833335,549774.925299499,5274345.077782869
occluded_rtk,223228.00,5,9.0,1.3,77.1631,47.620597061666665,-122.33757752499999,549774.8530719399,5274345.117363755
occluded_rtk,223229.00,5,9.0,1.3,77.0379,47.62059735333334,-122.33757779999999,549774.8321314938,5274345.1496024635
occluded_rtk,223230.00,5,10.0,1.2,76.9556,47.620597595,-122.33757808166665,549774.8107375723,5274345.176280001
occluded_rtk,223231.00,5,10.0,1.2,76.8502,47.62059769333334,-122.33757780666669,549774.8313078261,5274345.187385034
occluded_rtk,223232.00,5,10.0,1.2,76.7199,47.62059758666666,-122.337577655,549774.8428053615,5274345.175627668
occluded_rtk,223233.00,5,11.0,1.0,76.5437,47.620597143333335,-122.33757667500001,549774.9168637134,5274345.126985504
occluded_rtk,223234.00,5,10.0,1.2,76.4094,47.620597258333326,-122.33757556833334,549774.9999098702,5274345.140476563
occluded_rtk,223235.00,5,10.0,1.2,76.3493,47.620597610000004,-122.33757436666669,549775.089869712,5274345.180331207
occluded_rtk,223236.00,5,9.0,1.3,76.2287,47.6205978,-122.33757348333332,549775.1560633351,5274345.202014277
occluded_rtk,223237.00,5,8.0,1.3,76.1274,47.62059827833333,-122.33757341833333,549775.1604934162,5274345.255216905
occluded_rtk,223238.00,5,8.0,1.3,76.1325,47.620598533333336,-122.33757341333333,549775.1606270698,5274345.283560251
occluded_rtk,223239.00,5,10.0,1.2,76.1885,47.62059869833333,-122.33757359333335,549775.1469451857,5274345.301782469
occluded_rtk,223240.00,5,10.0,1.2,76.2121,47.620599023333334,-122.33757400333334,549775.1158291526,5274345.337639131
occluded_rtk,223241.00,5,8.0,1.3,76.1998,47.620599301666665,-122.33757448166668,549775.079622825,5274345.368265508
occluded_rtk,223242.00,5,9.0,1.4,73.6195,47.620590945000004,-122.33759187166667,549773.7808643021,5274344.4283639025
occluded_rtk,223243.00,5,7.0,1.5,75.1844,47.620600663333335,-122.33759566333335,549773.4867326793,5274345.506004777
occluded_rtk,223244.00,5,7.0,1.5,77.6796,47.620617995,-122.33759566166667,549773.4704070434,5274347.43220909
occluded_rtk,223245.00,5,9.0,1.4,79.1935,47.620631611666674,-122.33759796999999,549773.2840335249,5274348.944054075
occluded_rtk,223246.00,5,9.0,1.4,78.3746,47.620628110000006,-122.33760011333334,549773.1263065132,5274348.553511096
occluded_rtk,223247.00,5,9.0,1.4,76.7167,47.620619065,-122.3376046,549772.7977622498,5274347.545390476
occluded_rtk,223248.00,5,9.0,1.4,75.2215,47.620610146666664,-122.33760966,549772.4260171886,5274346.550979405
occluded_rtk,223249.00,5,10.0,1.2,74.4271,47.620604791666665,-122.33761393333334,549772.1100002439,5274345.953094197
occluded_rtk,223250.00,5,9.0,1.4,64.09,47.620534885000005,-122.33760873499999,549772.5669574073,5274338.187157259
occluded_rtk,223251.00,5,9.0,1.4,58.8159,47.62050444666667,-122.33760493166668,549772.881632536,5274334.80674873
occluded_rtk,223252.00,5,9.0,1.4,60.7789,47.62051382,-122.33759227166665,549773.824013976,5274335.8566047335
occluded_rtk,223253.00,5,9.0,1.4,62.4981,47.620517165,-122.33758353,549774.4776918091,5274336.233970613
occluded_rtk,223254.00,5,9.0,1.4,63.8711,47.62051439666667,-122.33757471166668,549775.1429331546,5274335.931963382
occluded_rtk,223255.00,5,9.0,1.4,64.8678,47.620511586666666,-122.33756520666665,549775.859810579,5274335.6257661665
occluded_rtk,223256.00,5,9.0,1.4,66.0806,47.620506264999996,-122.33755905166666,549776.3273516487,5274335.038277987
occluded_rtk,223257.00,5,9.0,1.4,67.0106,47.620503705,-122.33755658833334,549776.5148777252,5274334.755346146
occluded_rtk,223258.00,5,9.0,1.4,67.581,47.620503310000004,-122.33755506666667,549776.629591436,5274334.712423294
occluded_rtk,223259.00,5,9.0,1.4,67.7933,47.620503855,-122.33755590833334,549776.5658308652,5274334.772453226
occluded_rtk,223300.00,5,9.0,1.4,67.9609,47.62050690166667,-122.33755801999999,549776.4042672266,5274335.109697818
occluded_rtk,223301.00,5,9.0,1.4,67.9533,47.62051012,-122.33756015833333,549776.2405369098,5274335.466003952
occluded_rtk,223302.00,5,9.0,1.4,67.9384,47.62051204166667,-122.33756130666667,549776.152426504,5274335.678836776
occluded_rtk,223303.00,5,9.0,1.4,67.9369,47.62051111000001,-122.33756198166665,549776.1025910527,5274335.5748602
occluded_rtk,223304.00,5,7.0,2.6,67.8725,47.620510591666665,-122.33756325666667,549776.0072789686,5274335.516435515
occluded_rtk,223305.00,5,7.0,2.6,67.7601,47.62051155000001,-122.33756434833334,549775.9243409506,5274335.622241968
occluded_rtk,223306.00,5,7.0,2.6,67.6477,47.62051208,-122.33756528,549775.853831993,5274335.680547081
occluded_rtk,223307.00,5,7.0,2.6,67.4491,47.620512735,-122.33756568666668,549775.8226531299,5274335.753081351
occluded_rtk,223308.00,5,8.0,1.7,66.8008,47.62051671333334,-122.337567095,549775.7130539956,5274336.194320718
occluded_rtk,223309.00,5,8.0,1.7,66.6724,47.620518139999994,-122.337567565,549775.6763837601,5274336.352575672
occluded_rtk,223310.00,5,8.0,1.9,66.9411,47.62051730500001,-122.33756759499998,549775.6749221471,5274336.259756362
occluded_rtk,223311.00,5,8.0,1.9,67.1413,47.620516644999995,-122.33756710666667,549775.7122422211,5274336.186718813
occluded_rtk,223312.00,5,9.0,1.4,67.0762,47.62051428333333,-122.337565225,549775.8558732665,5274335.925455985
occluded_rtk,223313.00,5,9.0,1.4,67.202,47.620513204999995,-122.337564555,549775.9072409563,5274335.8060423825
occluded_rtk,223314.00,5,9.0,1.4,67.3066,47.62051204666667,-122.33756393833333,549775.9546770953,5274335.6777035305
occluded_rtk,223315.00,5,9.0,1.4,67.4408,47.620510941666666,-122.33756346666665,549775.9911672422,5274335.555198971
occluded_rtk,223316.00,5,9.0,1.4,67.5894,47.62051040333334,-122.33756426333333,549775.9318163327,5274335.494858514
occluded_rtk,223317.00,5,9.0,1.4,67.6633,47.620511083333334,-122.33756499333334,549775.8763183192,5274335.569963721
occluded_rtk,223318.00,5,9.0,1.4,67.7008,47.620511400000005,-122.33756584833333,549775.8117726326,5274335.604608642
occluded_rtk,223319.00,5,9.0,1.4,67.723,47.62051184666667,-122.33756639333333,549775.7703970921,5274335.653900425
occluded_rtk,223320.00,5,8.0,1.9,67.7358,47.620513114999994,-122.33756677000001,549775.7408902546,5274335.794618461
occluded_rtk,223321.00,5,8.0,1.9,67.5996,47.62051468166666,-122.33756740166667,549775.691939418,5274335.968328955
occluded_rtk,223322.00,5,8.0,1.9,67.4048,47.620516301666676,-122.33756791833333,549775.6515791125,5274336.148040603
occluded_rtk,223323.00,5,7.0,2.6,67.1487,47.62051840166667,-122.33756841666667,549775.6121407575,5274336.381110157
occluded_rtk,223324.00,1,12.0,1.1,61.7679,47.62062170666666,-122.33762755166666,549771.0706595192,5274347.824250912
occluded_rtk,223325.00,5,8.0,1.9,66.6194,47.62052165833334,-122.33756817500002,549775.6272084145,5274336.743204003
occluded_rtk,223326.00,5,8.0,1.9,66.4897,47.62052249,-122.33756869166668,549775.5875964153,5274336.835302021
occluded_rtk,223327.00,1,12.0,1.1,61.7755,47.620621735,-122.33762567166666,549771.2118964094,5274347.828606236
occluded_rtk,223328.00,1,12.0,1.1,61.776,47.620621656666664,-122.33762499166666,549771.263066169,5274347.820336807
occluded_rtk,223329.00,1,12.0,1.1,61.7844,47.62062154,-122.33762435166666,549771.3112666997,5274347.807781425
occluded_rtk,223330.00,1,12.0,1.1,61.7813,47.62062155666668,-122.33762356000001,549771.3707369583,5274347.810141747
occluded_rtk,223331.00,1,12.0,1.1,61.8036,47.620621451666665,-122.33762285333333,549771.4239357718,5274347.798925756
occluded_rtk,223332.00,1,13.0,1.0,61.8229,47.62062158166667,-122.33762257166667,549771.4449769041,5274347.813554418
occluded_rtk,223333.00,1,12.0,1.7,61.8257,47.620622185,-122.33762255333335,549771.4457818272,5274347.88061932
occluded_rtk,223334.00,1,12.0,1.7,61.8553,47.62062265666667,-122.33762239833335,549771.4569808953,5274347.933138781
occluded_rtk,223335.00,1,12.0,1.7,61.8633,47.62062318333333,-122.33762219166668,549771.4720100127,5274347.991803973
occluded_rtk,223336.00,1,13.0,1.0,61.8799,47.62062365,-122.33762205333332,549771.4819614894,5274348.043757049
occluded_rtk,223337.00,1,13.0,1.0,61.9076,47.620624208333325,-122.33762180333333,549771.5002166277,5274348.105969415
occluded_rtk,223338.00,1,13.0,1.5,61.9343,47.620624643333336,-122.33762181499999,549771.4989271145,5274348.154306871
occluded_rtk,223339.00,1,13.0,1.1,61.9431,47.620625024999995,-122.33762163333334,549771.5122153454,5274348.196841041
occluded_rtk,223340.00,1,13.0,1.1,61.9498,47.620625386666674,-122.33762166,549771.5098683329,5274348.237018766
occluded_rtk,223341.00,5,8.0,1.9,58.1618,47.620601945,-122.33761156666667,549772.2905343021,5274345.638240686
occluded_rtk,223342.00,5,8.0,1.9,59.0524,47.62059785333333,-122.33761422,549772.0950455558,5274345.18179916
occluded_rtk,223343.00,5,8.0,1.9,58.2135,47.62060707833333,-122.33762306166666,549771.421923858,5274346.201371467
occluded_rtk,223344.00,5,8.0,1.9,59.425,47.620605929999996,-122.33763282833334,549770.6891432046,5274346.067480865
occluded_rtk,223345.00,5,8.0,1.9,62.5483,47.62059547666666,-122.33763959000001,549770.1909907579,5274344.901381457
occluded_rtk,223346.00,5,8.0,1.9,64.2241,47.62058983833334,-122.33764322999998,549769.9228313017,5274344.272413741
occluded_rtk,223347.00,5,8.0,1.9,64.885,47.620587003333334,-122.33764005500001,549770.1640926738,5274343.959375475
occluded_rtk,223348.00,5,8.0,1.9,65.3953,47.620582293333335,-122.33763531833334,549770.5244778806,5274343.438955977
occluded_rtk,223349.00,5,6.0,2.1,65.2154,47.62057808666667,-122.33763333166668,549770.6777493949,5274342.972711166
occluded_rtk,223350.00,5,6.0,2.1,64.1694,47.620581583333326,-122.33763249500001,549770.7372980617,5274343.361859885
occluded_rtk,223351.00,5,6.0,2.1,62.9787,47.620584365,-122.33763085833334,549770.857637636,5274343.672058447
occluded_rtk,223352.00,5,8.0,1.9,61.5732,47.62058624833333,-122.33762845999999,549771.0360617416,5274343.882906994
occluded_rtk,223353.00,5,8.0,1.9,60.8011,47.620586693333344,-122.33762845000001,549771.036390779,5274343.932369731
occluded_rtk,223354.00,5,8.0,1.9,60.3914,47.620587471666674,-122.33762878833335,549771.010229549,5274344.018654871
occluded_rtk,223355.00,5,8.0,1.9,60.1695,47.62058822166667,-122.33762968333333,549770.9422670817,5274344.101433889
occluded_rtk,223356.00,5,8.0,1.9,60.0735,47.620588938333334,-122.33763234999999,549770.7412125864,5274344.179371424
occluded_rtk,223357.00,5,8.0,1.9,59.6549,47.620590266666674,-122.33763421166665,549770.6000655348,5274344.325804824
occluded_rtk,223358.00,5,8.0,1.9,59.0796,47.62059211833333,-122.33763507333333,549770.5335621359,5274344.531042041
occluded_rtk,223359.00,5,7.0,7.9,58.5942,47.62059298333334,-122.33763433666667,549770.5880945344,5274344.627648956
occluded_rtk,223400.00,5,8.0,1.9,58.1534,47.620593641666666,-122.33763359999999,549770.6428230874,5274344.701287393
occluded_rtk,223401.00,5,8.0,1.9,58.0775,47.62059382,-122.33763307166667,549770.6823529766,5274344.721446003
occluded_rtk,223402.00,5,8.0,1.9,58.1737,47.62059323166667,-122.33763267333333,549770.7128422873,5274344.656315544
occluded_rtk,223403.00,5,6.0,2.1,58.0,47.620592836666674,-122.33763234166666,549770.738138742,5274344.612628948
walking_rtk,003627.00,4,12.0,0.9,7.1249,47.623279181666675,-122.33826767500001,549720.4516762272,5274642.759663581
walking_rtk,003628.00,4,11.0,1.0,7.1372,47.62328854333334,-122.33826813166667,549720.408486624,5274643.799806317
walking_rtk,003629.00,4,10.0,1.2,7.104,47.623297355000005,-122.33826869499998,549720.3578040153,5274644.778754856
walking_rtk,003630.00,4,9.0,1.7,7.1069,47.62330675666667,-122.33826922333334,549720.3091917244,5274645.823297166
walking_rtk,003631.00,4,9.0,1.5,7.0934,47.623317316666665,-122.33827008833332,549720.2341851146,5274646.996358324
walking_rtk,003632.00,4,10.0,1.5,7.1679,47.623326533333326,-122.33827040166668,549720.2019026134,5274648.020477967
walking_rtk,003633.00,4,11.0,1.2,7.0879,47.623336585,-122.33827115999999,549720.1353926233,5274649.137112439
walking_rtk,003634.00,4,10.0,1.5,7.057,47.623347066666675,-122.33827138666666,549720.1084224264,5274650.30187703
walking_rtk,003635.00,4,9.0,2.0,7.0275,47.62335643333333,-122.33827163166667,549720.081132035,5274651.342711163
walking_rtk,003636.00,4,10.0,1.5,7.0734,47.62336571000001,-122.338272045,549720.0412790353,5274652.373434981
walking_rtk,003637.00,4,8.0,1.7,7.1869,47.62337457833334,-122.33827171666665,549720.0575393869,5274653.359252976
walking_rtk,003638.00,5,8.0,2.8,7.1086,47.62338539166667,-122.338272395,549719.9963181132,5274654.560588739
walking_rtk,003639.00,5,10.0,1.3,6.9861,47.623395268333326,-122.33827180166666,549720.031533431,5274655.658640624
walking_rtk,003640.00,4,9.0,1.3,7.1796,47.62340528,-122.33827415666669,549719.8450937928,5274656.769806005
walking_rtk,003641.00,5,6.0,2.6,7.2276,47.62341445666666,-122.338274095,549719.8410254214,5274657.789720558
walking_rtk,003642.00,4,9.0,2.1,6.9789,47.623426540000004,-122.33827300666665,549719.9113407236,5274659.133333975
walking_rtk,003643.00,4,10.0,1.8,7.0352,47.62343616666667,-122.33827293666667,549719.9074717524,5274660.203265908
walking_rtk,003644.00,5,7.0,2.7,6.9997,47.623445499999995,-122.33827288166667,549719.9027538894,5274661.240587788
walking_rtk,003645.00,5,7.0,2.4,6.86,47.62345545666667,-122.33827240500001,549719.9291273962,5274662.34745592
walking_rtk,003646.00,5,6.0,3.5,6.8232,47.623465078333325,-122.338269745,549720.1198660042,5274663.418492567
walking_rtk,003647.00,5,6.0,3.5,6.7308,47.62347575166667,-122.33826814666666,549720.2298376599,5274664.605728582
walking_rtk,003648.00,5,6.0,3.5,6.7032,47.62348628666667,-122.33826814999999,549720.2195972862,5274665.776563726
walking_rtk,003649.00,2,13.0,1.5,7.2251,47.62349057666667,-122.33826743333333,549720.2693768583,5274666.25380456
walking_rtk,003650.00,5,6.0,3.5,6.7171,47.623508095000005,-122.33826877999999,549720.1515815181,5274668.199891195
walking_rtk,003651.00,5,6.0,3.5,6.6317,47.62351973,-122.338269955,549720.0522635289,5274669.49222685
walking_rtk,003652.00,4,7.0,2.4,6.6476,47.623531715000006,-122.33826986666666,549720.0475356805,5274670.824270657
walking_rtk,003653.00,5,5.0,5.5,6.7399,47.623542388333334,-122.33827134166668,549719.9265888149,5274672.0095364265
walking_rtk,003654.00,5,6.0,3.1,6.69,47.623554723333335,-122.33827069666668,549719.9633548595,5274673.380835357
walking_rtk,003655.00,5,6.0,2.6,6.8473,47.62356456166667,-122.338273255,549719.761802412,5274674.472606519
walking_rtk,003656.00,2,11.0,1.7,7.3954,47.623577935,-122.33826660000001,549720.2491516672,5274675.963156497
walking_rtk,003657.00,5,7.0,2.3,6.6608,47.62358882333333,-122.33827218,549719.8195674464,5274677.169685269
walking_rtk,003658.00,5,6.0,5.2,5.9655,47.62359615166667,-122.33826444833333,549720.393545191,5274677.98909716
walking_rtk,003659.00,5,5.0,5.9,5.9201,47.62360651166667,-122.33826396666667,549720.4199116644,5274679.140794132
walking_rtk,003700.00,5,7.0,3.6,6.4023,47.623622193333325,-122.33826269333333,549720.5007144269,5274680.8844372565
walking_rtk,003701.00,5,6.0,3.9,6.2999,47.623635455000006,-122.33826068666667,549720.638911673,5274682.359596908
walking_rtk,003702.00,5,7.0,3.9,18.799,47.62366953000001,-122.33834769666667,549714.0690208426,5274686.090841734
walking_rtk,003703.00,5,9.0,2.1,5.2215,47.62365765166666,-122.33826039833333,549720.6395273677,5274684.826671703
walking_rtk,003704.00,5,6.0,3.1,5.002,47.62366735333333,-122.33826724666666,549720.1157715254,5274685.900503759
walking_rtk,003705.00,5,6.0,3.5,4.5695,47.62367705166666,-122.338275955,549719.4522661965,5274686.9727730015
walking_rtk,003706.00,5,7.0,2.4,4.5354,47.62368700666666,-122.33827733000001,549719.3395144606,5274688.0782688875
walking_rtk,003707.00,5,7.0,2.4,4.2502,47.62369857333333,-122.33827729000001,549719.331551803,5274689.363789079
walking_rtk,003708.00,2,16.0,1.2,5.7824,47.623718995000004,-122.33826179333333,549720.4765425144,5274691.643343991
walking_rtk,003709.00,5,7.0,3.1,4.2779,47.623720229999996,-122.33828586833333,549718.6664753167,5274691.765165296
walking_rtk,003710.00,5,7.0,3.4,3.8101,47.62373536333333,-122.33828604166665,549718.6391017602,5274693.446940428
walking_rtk,003711.00,5,7.0,2.4,4.636,47.62375042666666,-122.33828447666669,549718.7424056953,5274695.122050297
walking_rtk,003712.00,5,8.0,2.3,4.7011,47.623760956666665,-122.33828462166666,549718.7215260266,5274696.292238992
walking_rtk,003713.00,5,5.0,5.7,4.6115,47.623771155,-122.33828313500001,549718.8235574344,5274697.426612974
walking_rtk,003714.00,2,15.0,1.4,6.2327,47.623788250000004,-122.33824214333332,549721.8872877794,5274699.352793956
walking_rtk,003715.00,5,7.0,2.2,15.8781,47.623772763333335,-122.338293795,549718.021084769,5274697.598525959
walking_rtk,003716.00,2,14.0,1.2,5.7454,47.62380420833333,-122.33824443666666,549721.6998431367,5274701.124898684
walking_rtk,003717.00,2,14.0,1.5,5.7558,47.623812408333336,-122.33824215666667,549721.8633765664,5274702.037690854
walking_rtk,003718.00,2,12.0,1.4,5.2421,47.623823895,-122.33823907166668,549722.0842774318,5274703.316272223
walking_rtk,003719.00,5,7.0,2.9,10.888,47.623828259999996,-122.33829169666666,549718.1261210374,5274703.767651841
walking_rtk,003720.00,5,5.0,5.5,8.0963,47.62383799333334,-122.33828268999999,549718.7936138029,5274704.855167534
walking_rtk,003721.00,5,7.0,3.4,7.6553,47.623847065,-122.33828797666665,549718.3877943008,5274705.85998405
walking_rtk,003722.00,5,5.0,5.5,7.953,47.62385866333334,-122.33829011833335,549718.2158807608,5274707.147625056
walking_rtk,003723.00,5,6.0,5.1,8.1495,47.623868271666666,-122.338296615,549717.718638483,5274708.21130992
walking_rtk,003724.00,5,6.0,3.9,24.5333,47.62388209666666,-122.33838351833334,549711.1759918209,5274709.692084651
walking_rtk,003725.00,5,7.0,2.3,12.955,47.62387558166667,-122.33829374333332,549717.9274714914,5274709.025568583
walking_rtk,003726.00,2,15.0,1.3,6.0367,47.623907810000006,-122.338210425,549724.1570847266,5274712.660771871
walking_rtk,003727.00,5,7.0,2.4,5.004,47.62393401666667,-122.33825951499999,549720.4438268081,5274715.54185242
walking_rtk,003728.00,2,16.0,0.9,5.3931,47.62394823166666,-122.33822446500001,549723.0638478189,5274717.144147967
walking_rtk,003729.00,5,8.0,2.1,0.9222,47.62396176000001,-122.33823966833333,549721.9087080768,5274718.637910886
walking_rtk,003730.00,2,14.0,1.1,4.4371,47.623977061666665,-122.33823320166667,549722.3800736254,5274720.342651275
walking_rtk,003731.00,2,15.0,1.3,4.2038,47.623987558333326,-122.33823649,549722.1230489222,5274721.5071201725
walking_rtk,003732.00,2,11.0,1.7,4.208,47.623996999999996,-122.338242455,549721.6659121627,5274722.552622603
walking_rtk,003733.00,5,5.0,6.1,-1.5427,47.62400523666667,-122.33821084666667,549724.0330080164,5274723.488292962
walking_rtk,003734.00,2,13.0,1.1,3.9696,47.62401342166666,-122.33824310833333,549721.6012509207,5274724.377272687
walking_rtk,003735.00,2,12.0,1.5,4.6444,47.624018746666664,-122.33824345166667,549721.5704046979,5274724.968861696
walking_rtk,003736.00,2,12.0,1.5,4.6319,47.624025425000006,-122.33824110333335,549721.7405146515,5274725.71258293
walking_rtk,003737.00,5,8.0,2.1,2.7955,47.624042395,-122.338222835,549723.0970205681,5274727.610304627
walking_rtk,003738.00,1,14.0,1.4,4.8504,47.62404512,-122.338245075,549721.4234249555,5274727.898896889
walking_rtk,003739.00,1,12.0,1.5,4.3876,47.62405689166667,-122.338243275,549721.5475055608,5274729.208328769
walking_rtk,003740.00,2,14.0,1.4,4.0981,47.624067438333334,-122.33825136333334,549720.9297841662,5274730.375277324
walking_rtk,003741.00,2,14.0,0.9,4.0874,47.624082835,-122.33825374333334,549720.7363614754,5274732.084904163
walking_rtk,003742.00,5,4.0,6.6,0.536,47.624101283333324,-122.33823655666666,549722.0101928797,5274734.14623099
walking_rtk,003743.00,2,13.0,1.4,4.4948,47.62410618333333,-122.33825354999999,549720.7287466438,5274734.67991202
walking_rtk,003744.00,2,14.0,1.4,4.8115,47.624114956666666,-122.33825364833335,549720.7130386665,5274735.654898516
walking_rtk,003745.00,2,13.0,1.4,4.8851,47.62412426666666,-122.33825497499998,549720.6045305964,5274736.688741521
walking_rtk,003746.00,2,12.0,1.6,4.7264,47.624135171666666,-122.338252585,549720.7737628134,5274737.9022321645
walking_rtk,003747.00,2,13.0,1.4,4.954,47.62414718666667,-122.33825086166668,549720.891852174,5274739.238658447
walking_rtk,003748.00,2,11.0,1.5,4.8991,47.624161341666664,-122.33825068333333,549720.891828176,5274740.811929269
walking_rtk,003749.00,5,5.0,2.9,0.9442,47.624178279999995,-122.33824584333334,549721.2394200617,5274742.697522424
walking_rtk,003750.00,2,15.0,0.9,5.5541,47.62418190166667,-122.33824679666668,549721.1643567246,5274743.099415545
walking_rtk,003751.00,2,13.0,1.0,5.3146,47.62419924666666,-122.33825234833333,549720.7307829396,5274745.023542666
walking_rtk,003752.00,2,15.0,0.9,4.8596,47.62421095,-122.33824992833334,549720.9015118446,5274746.325777628
walking_rtk,003753.00,5,5.0,5.4,1.2748,47.624225405,-122.33827068000001,549719.3286246913,5274747.918971813
walking_rtk,003754.00,2,13.0,1.1,4.9569,47.624232815000006,-122.33826185000001,549719.9850412755,5274748.748164184
walking_rtk,003755.00,2,15.0,0.9,5.4088,47.62424283166667,-122.33825864999999,549720.2159750531,5274749.863446646
walking_rtk,003756.00,2,14.0,0.9,5.3063,47.624253315000004,-122.33825498,549720.4817797004,5274751.030894771
walking_rtk,003757.00,2,14.0,0.9,5.382,47.624263453333334,-122.33825799166668,549720.2458837596,5274752.155716762
walking_rtk,003758.00,1,14.0,0.9,5.2954,47.624269581666674,-122.33826255833334,549719.8969554626,5274752.833879021
walking_rtk,003759.00,5,5.0,2.8,4.3337,47.624265198333326,-122.33831192000001,549716.1923188493,5274752.315080723
walking_rtk,003800.00,2,14.0,0.9,5.4909,47.624288181666664,-122.33826109833332,549719.9890146323,5274754.90197936
walking_rtk,003801.00,2,12.0,1.2,4.7908,47.624303815,-122.33825972166666,549720.0776257095,5274756.640317272
walking_rtk,003802.00,2,13.0,1.6,4.3531,47.62431533166667,-122.33825886999999,549720.1306946189,5274757.92080106
walking_rtk,003803.00,5,6.0,3.5,1.9053,47.62431176333333,-122.33830422333334,549716.7264546885,5274757.495149475
walking_rtk,003804.00,5,5.0,5.4,1.3087,47.624330048333334,-122.338265885,549719.589667005,5274759.551882804
walking_rtk,003805.00,2,10.0,1.6,3.8887,47.6243499,-122.33824883500002,549720.8518933407,5274761.76908537
walking_rtk,003806.00,2,14.0,1.4,3.9805,47.62436074000001,-122.33824421,549721.1891129136,5274762.976784981
walking_rtk,003807.00,5,5.0,5.4,0.9701,47.624383776666676,-122.338249495,549720.7701790072,5274765.533642821
walking_rtk,003808.00,1,12.0,1.6,3.8946,47.624390625,-122.33823632500001,549721.7532114872,5274766.303195375
walking_rtk,003809.00,5,8.0,2.2,1.2618,47.624409461666666,-122.33824478,549721.1000828724,5274768.391241823
walking_rtk,003810.00,5,7.0,3.9,0.9511,47.62442016500001,-122.33823982333334,549721.4623513076,5274769.583965256
walking_rtk,003811.00,5,7.0,3.9,0.607,47.62442973833334,-122.33823647166668,549721.705099755,5274770.650073933
walking_rtk,003812.00,2,16.0,1.3,3.8469,47.624435828333326,-122.33824250166666,549721.2462613727,5274771.323037676
walking_rtk,003813.00,2,16.0,1.3,4.118,47.62444253833334,-122.33824753166667,549720.8619699808,5274772.065548039
walking_rtk,003814.00,5,5.0,5.4,5.8082,47.624436769999996,-122.33831264500002,549715.9751600005,5274771.3827255275
walking_rtk,003815.00,5,7.0,3.8,7.5184,47.624438981666664,-122.33829424,549717.3559196139,5274771.640323936
walking_rtk,003816.00,5,7.0,3.8,8.1275,47.624443995,-122.33828145666666,549718.3116394023,5274772.20569005
walking_rtk,003817.00,5,7.0,3.1,8.7938,47.62444774166667,-122.33827503166667,549718.790827872,5274772.626205498
walking_rtk,003818.00,5,6.0,3.6,8.1146,47.62445266166666,-122.33826225666665,549719.7460097439,5274773.181193639
walking_rtk,003819.00,5,6.0,3.6,7.5643,47.62445618333333,-122.338250625,549720.6166133361,5274773.580041159
walking_rtk,003820.00,5,7.0,3.4,7.1581,47.624460146666664,-122.33823750833332,549721.5983731665,5274774.028926753
walking_rtk,003821.00,5,7.0,3.4,6.5817,47.62446292333334,-122.33822802499999,549722.3082684112,5274774.343599497
walking_rtk,003822.00,5,8.0,1.4,8.0641,47.624465855000004,-122.33824355999998,549721.1382690701,5274774.659458998
walking_rtk,003823.00,5,10.0,1.3,8.4917,47.62446518499999,-122.33824509166668,549721.0238229634,5274774.584014663
walking_rtk,003824.00,5,10.0,1.3,8.742,47.62446546333334,-122.3382456,549720.9853654938,5274774.614622145
walking_rtk,003825.00,5,9.0,1.3,9.2858,47.62446595333333,-122.338245855,549720.9657414485,5274774.668916219
walking_rtk,003826.00,5,8.0,2.7,9.352,47.62446689,-122.338244815,549721.0429933937,5274774.773682108
walking_rtk,003827.00,5,8.0,2.7,9.2305,47.62446653833334,-122.33824432833332,549721.0798924856,5274774.734910628
walking_rtk,003828.00,5,8.0,2.7,9.0316,47.62446534666666,-122.33824248499998,549721.2195210408,5274774.603653101
walking_rtk,003829.00,5,9.0,2.6,8.9761,47.624463768333335,-122.33824065333334,549721.3586397081,5274774.429414789
walking_rtk,003830.00,5,8.0,2.7,8.753,47.62446370333334,-122.338240385,549721.3788625223,5274774.422362859
walking_rtk,003831.00,5,9.0,2.6,8.6242,47.624463975,-122.33824019666666,549721.3927552854,5274774.452676055
walking_rtk,003832.00,5,8.0,2.7,8.7545,47.624464790000005,-122.33824010666667,549721.3987445391,5274774.543311121
walking_rtk,003833.00,5,8.0,2.7,9.0455,47.62446613666666,-122.33824065499999,549721.3562685589,5274774.692625246
walking_rtk,003834.00,5,11.0,1.2,9.4452,47.62446636166666,-122.33824158333333,549721.286305048,5274774.717036106
walking_rtk,003835.00,5,11.0,1.2,9.7197,47.624465795,-122.33824351333332,549721.1418322583,5274774.652820643
walking_rtk,003836.00,5,11.0,1.2,9.9347,47.62446620000001,-122.33824359166668,549721.1355626321,5274774.697781262
walking_rtk,003837.00,5,11.0,1.2,9.9237,47.624466848333334,-122.33824409166667,549721.0973804115,5274774.769515095
walking_rtk,003838.00,5,9.0,1.4,9.6954,47.624468951666664,-122.33824154333334,549721.2868543089,5274775.004908839
walking_rtk,003839.00,5,9.0,1.4,9.3358,47.62447135666666,-122.33823792,549721.556812019,5274775.274518373
walking_rtk,003840.00,5,8.0,2.7,3.3055,47.62447491166666,-122.33822196666667,549722.7520910781,5274775.6798414895
walking_rtk,003841.00,5,10.0,1.2,4.132,47.62448303666667,-122.338230005,549722.1404274178,5274776.577683144
walking_rtk,003842.00,5,10.0,1.3,3.5356,47.624497149999996,-122.33822668500001,549722.3764907103,5274778.1483375
walking_rtk,003843.00,4,12.0,1.0,4.0215,47.62451295999999,-122.338235325,549721.7123334268,5274779.899888012
walking_rtk,003844.00,4,13.0,1.0,4.049,47.624521645,-122.33823318666667,549721.8647603231,5274780.866491355
walking_rtk,003845.00,4,12.0,1.1,4.0504,47.624531188333336,-122.33822990499999,549722.1022771983,5274781.9292210555
walking_rtk,003846.00,4,10.0,1.4,4.0473,47.62454140666667,-122.338227205,549722.2954505077,5274783.066595915
walking_rtk,003847.00,4,11.0,1.2,3.9895,47.624551155,-122.33822427333334,549722.5064756564,5274784.151884507
walking_rtk,003848.00,4,10.0,1.4,4.0089,47.62456071666667,-122.33822354833335,549722.5518805826,5274785.215012625
walking_rtk,003849.00,4,11.0,1.4,3.9675,47.624571214999996,-122.33822309,549722.5763613029,5274786.382068917
walking_rtk,003850.00,4,11.0,1.4,3.9849,47.62458191333334,-122.33822217666666,549722.6348385966,5274787.571644501
walking_rtk,003851.00,4,11.0,1.4,4.0342,47.62459367666667,-122.33822272166665,549722.5827345573,5274788.878646947
walking_rtk,003852.00,4,11.0,1.4,4.1068,47.624605155000005,-122.33822320333333,549722.5356593333,5274790.154015708
walking_rtk,003853.00,4,12.0,1.2,4.1473,47.62461699166667,-122.33822367333332,549722.4891208742,5274791.469216356
walking_rtk,003854.00,4,13.0,0.9,4.0848,47.62462900666666,-122.33822499833335,549722.3781732492,5274792.80368843
walking_rtk,003855.00,4,13.0,0.9,4.0411,47.624641219999994,-122.33822692333334,549722.2219568513,5274794.159818186
walking_rtk,003856.00,4,14.0,0.8,4.0345,47.62465285500001,-122.33822882999999,549722.0676664417,5274795.451684965
walking_rtk,003857.00,4,14.0,0.8,3.9862,47.624664679999995,-122.33823159,549721.8490811173,5274796.764120855
walking_rtk,003858.00,4,14.0,0.8,3.952,47.62467574166667,-122.33823374666666,549721.6765509269,5274797.99210832
walking_rtk,003859.00,4,14.0,0.8,3.9328,47.624686985000004,-122.33823523999999,549721.5536877319,5274799.24071111
walking_rtk,003900.00,4,14.0,0.8,3.9446,47.624698011666666,-122.33823663166667,549721.4386687218,5274800.465299208
walking_rtk,003901.00,4,14.0,0.8,3.9556,47.62470928833333,-122.33823807833332,549721.3192802815,5274801.717636521
walking_rtk,003902.00,4,13.0,0.8,3.9824,47.62472077,-122.33823886999998,549721.2489105362,5274802.99317703
walking_rtk,003903.00,4,12.0,0.9,4.0034,47.62473263666667,-122.33823931833334,549721.2039718594,5274804.311725739
walking_rtk,003904.00,4,11.0,1.2,3.9161,47.624744291666666,-122.33823939,549721.1875345495,5274805.606991749
walking_rtk,003905.00,4,13.0,0.9,3.9322,47.62475521500001,-122.33824010333335,549721.1235798618,5274806.820530506
walking_rtk,003906.00,4,12.0,1.2,4.0284,47.624766265,-122.33824166833334,549720.9955156385,5274808.047600719
walking_rtk,003907.00,4,12.0,1.2,4.1365,47.624776598333334,-122.33824338666666,549720.8566104849,5274809.194923823
walking_rtk,003908.00,4,12.0,0.9,4.14,47.62478638999999,-122.33824498,549720.7276108447,5274810.282127384
walking_rtk,003909.00,4,13.0,0.9,4.1969,47.62479681,-122.33824752500001,549720.5265125533,5274811.43855247
walking_rtk,003910.00,4,14.0,0.9,4.1982,47.62480739833333,-122.338250215,549720.3143602342,5274812.613592814
walking_rtk,003911.00,4,12.0,0.9,4.2159,47.62481868,-122.33825393500001,549720.0241621775,5274813.8650284335
walking_rtk,003912.00,4,15.0,0.8,4.1949,47.62482955166667,-122.338257255,549719.7644067537,5274815.071153978
walking_rtk,003913.00,4,15.0,0.8,4.2612,47.624840005,-122.33825888833334,549719.6317745936,5274816.231868157
walking_rtk,003914.00,4,15.0,0.8,4.2303,47.62485128666667,-122.338259425,549719.5807542086,5274817.485344612
walking_rtk,003915.00,4,15.0,0.8,4.1964,47.62486239166666,-122.33826076833333,549719.469293088,5274818.718669566
walking_rtk,003916.00,4,15.0,0.8,4.1921,47.62487373333333,-122.33826139333333,549719.4115789909,5274819.978757674
walking_rtk,003917.00,4,15.0,0.8,4.1974,47.62488483666666,-122.33826180666668,549719.3699943281,5274821.212493617
walking_rtk,003918.00,4,15.0,0.8,4.1798,47.62489638833334,-122.33826092166667,549719.4255337433,5274822.496888724
walking_rtk,003919.00,4,14.0,0.8,4.1656,47.62490812833333,-122.33826052499998,549719.4442040152,5274823.801901737
walking_rtk,003920.00,4,14.0,0.8,4.1779,47.62491973166666,-122.33825946666666,549719.5127176314,5274825.092150096
walking_rtk,003921.00,4,14.0,0.8,4.1963,47.62493114166667,-122.33825989833333,549719.4694646886,5274826.35995658
walking_rtk,003922.00,4,14.0,0.8,4.1899,47.624942556666674,-122.33826005833335,549719.4466184502,5274827.628492917
walking_rtk,003923.00,4,14.0,0.8,4.1762,47.62495392666666,-122.33826063500001,549719.3925090132,5274828.891760931
walking_rtk,003924.00,4,13.0,0.9,4.1475,47.62496504833333,-122.33826083999999,549719.366559923,5274830.127667979
walking_rtk,003925.00,4,13.0,0.9,4.1206,47.624976544999996,-122.338261525,549719.3041908722,5274831.404944014
walking_rtk,003926.00,4,13.0,0.9,4.1198,47.624987604999994,-122.33826274333333,549719.2021644346,5274832.633347929
walking_rtk,003927.00,4,14.0,0.8,4.1498,47.624998731666665,-122.33826310833335,549719.1641891917,5274833.869708101
walking_rtk,003928.00,4,14.0,0.8,4.1346,47.62500962166667,-122.33826380833334,549719.1012684923,5274835.07955088
walking_rtk,003929.00,4,14.0,0.8,4.1377,47.62502070000001,-122.33826396333333,549719.0791172525,5274836.31067402
walking_rtk,003930.00,4,14.0,0.8,4.1251,47.62503166666667,-122.33826406333334,549719.0612042744,5274837.529422026
walking_rtk,003931.00,4,15.0,0.8,4.1222,47.62504266999999,-122.33826429000001,549719.0337395595,5274838.752163883
walking_rtk,003932.00,4,15.0,0.8,4.0956,47.625053148333336,-122.33826462999998,549718.9982575208,5274839.916485701
walking_rtk,003933.00,4,15.0,0.8,4.0822,47.62506331333334,-122.33826470666666,549718.98285789,5274841.046153137
walking_rtk,003934.00,4,15.0,0.8,4.0755,47.62507347833333,-122.33826423666666,549719.0085314774,5274842.176171029
walking_rtk,003935.00,4,15.0,0.8,4.0876,47.62508386,-122.33826305333332,549719.0875951129,5274843.330726109
walking_rtk,003936.00,4,15.0,0.8,4.0886,47.62509356833333,-122.33826273666666,549719.1021811803,5274844.409892743
walking_rtk,003937.00,4,15.0,0.8,4.0936,47.62510407166666,-122.33826265,549719.0987325498,5274845.577266546
walking_rtk,003938.00,4,15.0,0.8,4.0749,47.62511512,-122.33826234166666,549719.1114217725,5274846.805352607
walking_rtk,003939.00,4,15.0,0.8,4.0566,47.62512646166667,-122.33826270166668,549719.0736183532,5274848.0656106565
walking_rtk,003940.00,4,15.0,0.8,4.0457,47.625136794999996,-122.33826332166667,549719.017236345,5274849.213637992
walking_rtk,003941.00,4,15.0,0.8,4.0265,47.62514696666667,-122.33826373833332,549718.9762848708,5274850.343828393
walking_rtk,003942.00,4,15.0,0.8,4.0208,47.62515738833334,-122.33826430666667,549718.9237010384,5274851.501706036
walking_rtk,003943.00,4,15.0,0.8,4.0238,47.62516780999999,-122.33826525166666,549718.8428168257,5274852.659342206
walking_rtk,003944.00,4,15.0,0.8,4.0472,47.625177961666665,-122.33826606,549718.7724569602,5274853.787058766
walking_rtk,003945.00,4,15.0,0.8,4.0289,47.62518901,-122.33826621499999,549718.7503342138,5274855.014847806
walking_rtk,003946.00,4,15.0,0.8,3.9968,47.625200039999996,-122.33826648166665,549718.7198389194,5274856.240527732
walking_rtk,003947.00,4,16.0,0.7,3.9938,47.625210870000004,-122.33826740166666,549718.6404459142,5274857.443561245
